zip_code,name,rating,review_count,price,location_check,id
63101,City Museum,4.5,1245,NaN,63103,8YDJraW_cg5IPTPisPfB-A
63101,Broadway Oyster Bar,4.5,1741,$$,63102,iRIHK8-EwpeffwvoO4nzIA
63101,Mango,4.0,903,$$,63101,Mr7Aov2n7wPCpwaUxk8lCw
63101,Rooster,4.0,1759,$$,63101,2BMk_drsikKWslJCXmQtjQ
63101,Sugarfire Smoke House,4.5,885,$$,63101,WCdSajl5Q0qywpv7K5jHdQ
63101,Bogart's Smokehouse,4.5,1350,$$,63104,NHb6QTrJOnyIj-Zd0fYzFg
63101,Bridge Tap House and Wine Bar,4.0,699,$$,63101,4r3Ck65DCG1T6gpWodPyrg
63101,Sauce on the Side,4.5,387,$$,63101,P2XJbQZmf1zvWp9L_THdjQ
63101,Baileys' Range,3.5,1451,$$,63101,M0r9lUn2gLFYgIwIfG8-bQ
63101,Medina Mediterranean Grill,4.5,266,$,63103,QV7QOLww8ym3E2zBgdE2Ow
63101,Pi Pizzeria,4.0,503,$$,63101,jRpK8oG_8QKaPGaaKiCyng
63101,Blood & Sand,4.5,289,$$$,63103,A4-2jEraYJ2w2grn_uXlHw
63101,The Gateway Arch,4.0,493,NaN,63102,gQYUyfiX0q0uTnueAyeqLA
63101,360 St. Louis,4.0,620,$$,63102,GeLwhGlX8XsIsH-o3Wdc5w
63101,Polite Society,4.5,521,$$,63104,aI3B47Y_AUYFP5K5JAYrlA
63101,Citygarden,4.5,137,NaN,63101,1Mc_Reqnxhs0eHQFAhXVUQ
63101,The Schlafly Tap Room,4.0,643,$$,63103,F4gvookXrKsBNCvK_xEt1g
63101,Gateway Arch National Park,4.5,254,NaN,63102,l8gsO8mMoVF7vqTDUNGeZw
63101,Blues City Deli,5.0,874,$,63104,_aKr7POnacW_VizRKBpCiA
63101,Park Avenue Coffee - Downtown,4.0,205,$,63101,AhptHEV4nFleCv4yOwp6fg
63101,Caruso's Deli,4.5,158,$,63101,qq8tipfziNTaKXYDKnQ8og
63101,Crown Candy Kitchen,4.5,514,$,63106,3XirYkP9PJvVXIEDPNNXLA
63101,Eleven Eleven,4.0,504,$$$,63104,q2gRx1K1mbk6zHV4ZOCChQ
63101,Charles P Stanley Cigar Bar,4.5,107,$$,63101,SzKOoeRCtoXvekt3K8B9Iw
63101,Clementine's Naughty & Nice Creamery,4.5,503,$$,63104,fC03dk7N8XV-RzGh0UJgmA
63101,Baileys' Chocolate Bar,4.0,544,$$,63104,u4WC_qHGn03jwNdVmW5vaQ
63101,Tony's,4.0,185,$$$$,63102,v2Z_d9d2GWCVUTtPg5ucRw
63101,Pickles Deli Downtown,4.5,145,$,63101,xhydqMrct3DSCIl7Yjx9Qg
63101,Lombardo's Trattoria,4.5,291,$$,63103,kBCB53psaoKcHwv4kNByOg
63101,Drunken Fish,4.0,379,$$,63102,m6Q6z3SAkXVdidNqiKmBrQ
63102,City Museum,4.5,1245,NaN,63103,8YDJraW_cg5IPTPisPfB-A
63102,Broadway Oyster Bar,4.5,1741,$$,63102,iRIHK8-EwpeffwvoO4nzIA
63102,Sugarfire Smoke House,4.5,885,$$,63101,WCdSajl5Q0qywpv7K5jHdQ
63102,Mango,4.0,903,$$,63101,Mr7Aov2n7wPCpwaUxk8lCw
63102,Rooster,4.0,1759,$$,63101,2BMk_drsikKWslJCXmQtjQ
63102,Bridge Tap House and Wine Bar,4.0,699,$$,63101,4r3Ck65DCG1T6gpWodPyrg
63102,Sauce on the Side,4.5,387,$$,63101,P2XJbQZmf1zvWp9L_THdjQ
63102,Baileys' Range,3.5,1451,$$,63101,M0r9lUn2gLFYgIwIfG8-bQ
63102,Medina Mediterranean Grill,4.5,266,$,63103,QV7QOLww8ym3E2zBgdE2Ow
63102,Bogart's Smokehouse,4.5,1350,$$,63104,NHb6QTrJOnyIj-Zd0fYzFg
63102,Pi Pizzeria,4.0,503,$$,63101,jRpK8oG_8QKaPGaaKiCyng
63102,The Gateway Arch,4.0,493,NaN,63102,gQYUyfiX0q0uTnueAyeqLA
63102,Blood & Sand,4.5,289,$$$,63103,A4-2jEraYJ2w2grn_uXlHw
63102,360 St. Louis,4.0,620,$$,63102,GeLwhGlX8XsIsH-o3Wdc5w
63102,Crown Candy Kitchen,4.5,514,$,63106,3XirYkP9PJvVXIEDPNNXLA
63102,Citygarden,4.5,137,NaN,63101,1Mc_Reqnxhs0eHQFAhXVUQ
63102,Gateway Arch National Park,4.5,254,NaN,63102,l8gsO8mMoVF7vqTDUNGeZw
63102,The Schlafly Tap Room,4.0,643,$$,63103,F4gvookXrKsBNCvK_xEt1g
63102,Park Avenue Coffee - Downtown,4.0,205,$,63101,AhptHEV4nFleCv4yOwp6fg
63102,Caruso's Deli,4.5,158,$,63101,qq8tipfziNTaKXYDKnQ8og
63102,Polite Society,4.5,521,$$,63104,aI3B47Y_AUYFP5K5JAYrlA
63102,Tigin Irish Pub,4.0,266,$$,63102,Xk6GSFf8KGGZ3cyYijwRcw
63102,Tony's,4.0,185,$$$$,63102,v2Z_d9d2GWCVUTtPg5ucRw
63102,Pickles Deli Downtown,4.5,145,$,63101,xhydqMrct3DSCIl7Yjx9Qg
63102,Clementine's Naughty & Nice Creamery,4.5,503,$$,63104,fC03dk7N8XV-RzGh0UJgmA
63102,Charles P Stanley Cigar Bar,4.5,107,$$,63101,SzKOoeRCtoXvekt3K8B9Iw
63102,"BLT's - Breakfast, Lunch and Tacos",4.0,140,$$,63101,1yrGx3Cwtj7I0zmhuVsu9Q
63102,Drunken Fish,4.0,379,$$,63102,m6Q6z3SAkXVdidNqiKmBrQ
63102,Lombardo's Trattoria,4.5,291,$$,63103,kBCB53psaoKcHwv4kNByOg
63102,Blondie's Coffee and Wine Bar,4.0,256,$$,63103,33JlrWf0kmHd2VzW58Wp0g
63103,Pappy's Smokehouse,4.5,3717,$$,63103,I_3LMZ_1m2mzR0oLIOePIg
63103,City Museum,4.5,1245,NaN,63103,8YDJraW_cg5IPTPisPfB-A
63103,The Fountain On Locust,4.5,897,$$,63103,jQBPO3rYkNwIaOdQS5ktgQ
63103,Broadway Oyster Bar,4.5,1741,$$,63102,iRIHK8-EwpeffwvoO4nzIA
63103,The Schlafly Tap Room,4.0,643,$$,63103,F4gvookXrKsBNCvK_xEt1g
63103,Southern,4.5,544,$$,63103,S07dMpp8f9x7etbGW1L0QA
63103,Polite Society,4.5,521,$$,63104,aI3B47Y_AUYFP5K5JAYrlA
63103,Rooster,4.0,1759,$$,63101,2BMk_drsikKWslJCXmQtjQ
63103,Bogart's Smokehouse,4.5,1350,$$,63104,NHb6QTrJOnyIj-Zd0fYzFg
63103,Mango,4.0,903,$$,63101,Mr7Aov2n7wPCpwaUxk8lCw
63103,Clementine's Naughty & Nice Creamery,4.5,503,$$,63104,fC03dk7N8XV-RzGh0UJgmA
63103,Medina Mediterranean Grill,4.5,266,$,63103,QV7QOLww8ym3E2zBgdE2Ow
63103,Sugarfire Smoke House,4.5,885,$$,63101,WCdSajl5Q0qywpv7K5jHdQ
63103,Blues City Deli,5.0,874,$,63104,_aKr7POnacW_VizRKBpCiA
63103,Bridge Tap House and Wine Bar,4.0,699,$$,63101,4r3Ck65DCG1T6gpWodPyrg
63103,Eleven Eleven,4.0,504,$$$,63104,q2gRx1K1mbk6zHV4ZOCChQ
63103,Blood & Sand,4.5,289,$$$,63103,A4-2jEraYJ2w2grn_uXlHw
63103,Lombardo's Trattoria,4.5,291,$$,63103,kBCB53psaoKcHwv4kNByOg
63103,Baileys' Range,3.5,1451,$$,63101,M0r9lUn2gLFYgIwIfG8-bQ
63103,Small Batch,4.0,311,$$,63103,a0sN6y6fDZ5HtBjUimKukA
63103,Sauce on the Side,4.5,387,$$,63101,P2XJbQZmf1zvWp9L_THdjQ
63103,Baileys' Chocolate Bar,4.0,544,$$,63104,u4WC_qHGn03jwNdVmW5vaQ
63103,Lona's Lil Eats,4.5,555,$$,63104,HCYs4zgL7kCLdEqKRqaPbg
63103,The Shaved Duck,4.5,1641,$$,63118,cQIh4YJlVtZI9TLF5_smOg
63103,Egg,4.5,566,$$,63104,0MhxvTys2ADYa3sOO91ldQ
63103,Square One Brewery & Distillery,4.0,589,$$,63104,GqyOrF5X21ciTjnuSCH5PQ
63103,Urban Chestnut Brewing Company,4.5,234,$$,63103,WNcGg9G-odTGz00DSMx7rg
63103,Planter's House,4.0,246,$$,63104,90pJu2O7fIEm_N31Fyue7A
63103,PW Pizza,4.0,275,$$,63103,6t0sNev22mcbvOB4gYVVOw
63103,YEE: Yelpventure @ St. Louis Aquarium at Union Station,5.0,44,NaN,63103,IzpXh-2Nj4PVqsZZ-gX9Ng
63104,Blues City Deli,5.0,874,$,63104,_aKr7POnacW_VizRKBpCiA
63104,Bogart's Smokehouse,4.5,1350,$$,63104,NHb6QTrJOnyIj-Zd0fYzFg
63104,Egg,4.5,566,$$,63104,0MhxvTys2ADYa3sOO91ldQ
63104,Clementine's Naughty & Nice Creamery,4.5,503,$$,63104,fC03dk7N8XV-RzGh0UJgmA
63104,Broadway Oyster Bar,4.5,1741,$$,63102,iRIHK8-EwpeffwvoO4nzIA
63104,Lona's Lil Eats,4.5,555,$$,63104,HCYs4zgL7kCLdEqKRqaPbg
63104,Polite Society,4.5,521,$$,63104,aI3B47Y_AUYFP5K5JAYrlA
63104,Pappy's Smokehouse,4.5,3717,$$,63103,I_3LMZ_1m2mzR0oLIOePIg
63104,The Shaved Duck,4.5,1641,$$,63118,cQIh4YJlVtZI9TLF5_smOg
63104,Pizzeoli Wood Fired Pizza,4.5,293,$$,63104,CBWmYHLgtFrOJs7SCcQn0g
63104,The Mud House,4.5,923,$$,63118,FryXEasH74MQDnj5Bvz3QA
63104,Peacemaker Lobster and Crab,4.0,673,$$,63104,L-VNs3YquPGKVsXl2Ze-Yg
63104,Baileys' Chocolate Bar,4.0,544,$$,63104,u4WC_qHGn03jwNdVmW5vaQ
63104,City Museum,4.5,1245,NaN,63103,8YDJraW_cg5IPTPisPfB-A
63104,Mission Taco Joint,4.0,513,$$,63104,bqR_3sT_rNp0hZglPtX6rw
63104,Eleven Eleven,4.0,504,$$$,63104,q2gRx1K1mbk6zHV4ZOCChQ
63104,John D. McGurk's Irish Pub,4.0,381,$$,63104,AjxjKRNin477A7nKAZciGg
63104,Fritanga,4.5,259,$$,63104,cFk2SMsJ-2cmXKLFFkP9JA
63104,Square One Brewery & Distillery,4.0,589,$$,63104,GqyOrF5X21ciTjnuSCH5PQ
63104,Melo's Pizzeria,5.0,102,$$,63104,37dCsVwCe8yWPkW7TXCLCA
63104,Chava's Mexican Restaurant,4.0,375,$$,63104,QAdaeyJlY8deDP_QbN9ycA
63104,Spare No Rib,4.5,255,$$,63109,4xsJN2FuB94w9rMoMo6XFQ
63104,Sidney Street Cafe,4.0,324,$$$,63104,WzpWEuVWY-6Xh37wc44GiA
63104,Tucker's Place,4.0,366,$$,63104,NiljjvbIIzQPxIPqeLLg2Q
63104,The Wood Shack Soulard,4.5,157,$$,63104,zXTO8GaLmRPATr505b4GQQ
63104,Mac's Local Eats,4.5,296,$$,63118,DzVYXX8mc5x31BbaP8c0_Q
63104,Pieces The St. Louis Board Game Bar & Cafe,4.5,174,$$,63104,r8DNf74pfvCdy29fGuwAoA
63104,Park Avenue Coffee - Lafayette Square,4.0,242,$,63104,2IahpaBR4U2Kdy9HF28EQA
63104,The Fountain On Locust,4.5,897,$$,63103,jQBPO3rYkNwIaOdQS5ktgQ
63104,Planter's House,4.0,246,$$,63104,90pJu2O7fIEm_N31Fyue7A
63105,Pastaria,4.0,852,$$,63105,YSgcojsb2kWHXNLWaGCuBA
63105,Salt + Smoke,4.5,1439,$$,63130,R8t9g5nvi7VFyS8zsgmj8Q
63105,I Fratellini,4.5,208,$$$,63105,TXg82zeFo2MpX5BzZXpJUg
63105,Sauce on the Side,4.5,302,$$,63105,Fok0BLJP0OMxbbl3l6QmZA
63105,City Coffeehouse & Crêperie,4.0,416,$$,63105,b4YPBSnqU5_L6TUz147Dow
63105,Mai Lee,4.0,840,$$,63144,YPTYOQO8Lg9BtHsRwYBY7g
63105,Half & Half,4.0,727,$$,63105,OZcl2HOUXAHuICrh5d2WjQ
63105,Taco Buddha,4.5,189,$$,63130,4mGnHfvwjE6P-vuKowHzCQ
63105,Seoul Taco,4.0,637,$,63130,OXDo1mHlp2Io3CM6a1aB1w
63105,801 Chophouse - St Louis,4.0,256,$$$$,63105,XvjJflV_0I1CS0_dckuV-A
63105,Mission Taco Joint,4.0,952,$$,63130,HKS-63JzfR0DMNVLBuokYw
63105,Protzel's Delicatessen,4.5,151,$,63105,aHHK_n_wGElui6oDmRCL4A
63105,Bar Les Freres,4.5,169,$$$,63105,Pc3urwUFlzLyDP1qvsHQuA
63105,Sardella,4.0,196,$$$,63105,v4S374WpOOhojqpto-AaAA
63105,Corner 17,4.0,496,$$,63112,KdAWjL9MKjpJzEeI902qBA
63105,The Crossing,4.5,183,$$$,63105,73ZXjIfdHJs59XOzKHQ45g
63105,5 Star Burgers,4.0,374,$$,63105,oC91lprbbfzw7DOYiYln7Q
63105,Louie's Wine Dive & Clayton Kitchen,4.0,220,$$,63105,I8cL6l-Yu3CyHPXlFmOhtQ
63105,Fozzie's Sandwich Emporium,4.0,421,$,63117,chUeS0h9C8KGfyJO2Jqgew
63105,Clementine's Naughty & Nice Creamery,4.5,174,$$,63105,2aZNVfzU-3672SjRHnPoOA
63105,The BAO,4.0,153,$$,63105,x8AQIEjSqsW0z4vRyBetbw
63105,New Day Gluten Free,4.5,93,$$,63117,qEBL7U0kW4lkptcd_4wWbg
63105,The Capital Grille,4.5,115,$$$$,63105,ToH4z1F5Tyuo3p7VhXCpTA
63105,Louie,4.5,148,$$,63105,YJVXMOIKhJjQczWj9YTwrg
63105,Kaldi's Coffeehouse,4.0,116,$,63105,UWQNx6qZojXlDv1kBAMHug
63105,Peno,4.5,118,$$,63105,GJnYFvk9kbM182bKMFSAvg
63105,Dewey's Pizza,4.5,210,$$,63130,Tq5jFk_BMSJG8-flqj5Bgw
63105,The Original Pancake House,4.0,284,$$,63124,3XXt0s_SDC9SyFTiIPNSgA
63105,Three Kings Public House,4.0,481,$$,63130,O_0H42Bw8hBduWSADPG8ng
63105,Blueprint Coffee,4.5,316,$$,63130,hv-rci0u6KR75ALB_70dHw
63101,City Museum,4.5,1245,NaN,63103,8YDJraW_cg5IPTPisPfB-A
63101,Broadway Oyster Bar,4.5,1741,$$,63102,iRIHK8-EwpeffwvoO4nzIA
63101,Mango,4.0,903,$$,63101,Mr7Aov2n7wPCpwaUxk8lCw
63101,Rooster,4.0,1759,$$,63101,2BMk_drsikKWslJCXmQtjQ
63101,Sugarfire Smoke House,4.5,885,$$,63101,WCdSajl5Q0qywpv7K5jHdQ
63101,Bogart's Smokehouse,4.5,1350,$$,63104,NHb6QTrJOnyIj-Zd0fYzFg
63101,Bridge Tap House and Wine Bar,4.0,699,$$,63101,4r3Ck65DCG1T6gpWodPyrg
63101,Sauce on the Side,4.5,387,$$,63101,P2XJbQZmf1zvWp9L_THdjQ
63101,Baileys' Range,3.5,1451,$$,63101,M0r9lUn2gLFYgIwIfG8-bQ
63101,Medina Mediterranean Grill,4.5,266,$,63103,QV7QOLww8ym3E2zBgdE2Ow
63101,Pi Pizzeria,4.0,503,$$,63101,jRpK8oG_8QKaPGaaKiCyng
63101,Blood & Sand,4.5,289,$$$,63103,A4-2jEraYJ2w2grn_uXlHw
63101,The Gateway Arch,4.0,493,NaN,63102,gQYUyfiX0q0uTnueAyeqLA
63101,360 St. Louis,4.0,620,$$,63102,GeLwhGlX8XsIsH-o3Wdc5w
63101,Polite Society,4.5,521,$$,63104,aI3B47Y_AUYFP5K5JAYrlA
63101,Citygarden,4.5,137,NaN,63101,1Mc_Reqnxhs0eHQFAhXVUQ
63101,The Schlafly Tap Room,4.0,643,$$,63103,F4gvookXrKsBNCvK_xEt1g
63101,Gateway Arch National Park,4.5,254,NaN,63102,l8gsO8mMoVF7vqTDUNGeZw
63101,Blues City Deli,5.0,874,$,63104,_aKr7POnacW_VizRKBpCiA
63101,Park Avenue Coffee - Downtown,4.0,205,$,63101,AhptHEV4nFleCv4yOwp6fg
63101,Caruso's Deli,4.5,158,$,63101,qq8tipfziNTaKXYDKnQ8og
63101,Crown Candy Kitchen,4.5,514,$,63106,3XirYkP9PJvVXIEDPNNXLA
63101,Eleven Eleven,4.0,504,$$$,63104,q2gRx1K1mbk6zHV4ZOCChQ
63101,Charles P Stanley Cigar Bar,4.5,107,$$,63101,SzKOoeRCtoXvekt3K8B9Iw
63101,Clementine's Naughty & Nice Creamery,4.5,503,$$,63104,fC03dk7N8XV-RzGh0UJgmA
63101,Baileys' Chocolate Bar,4.0,544,$$,63104,u4WC_qHGn03jwNdVmW5vaQ
63101,Tony's,4.0,185,$$$$,63102,v2Z_d9d2GWCVUTtPg5ucRw
63101,Pickles Deli Downtown,4.5,145,$,63101,xhydqMrct3DSCIl7Yjx9Qg
63101,Lombardo's Trattoria,4.5,291,$$,63103,kBCB53psaoKcHwv4kNByOg
63101,Drunken Fish,4.0,379,$$,63102,m6Q6z3SAkXVdidNqiKmBrQ
63102,City Museum,4.5,1245,NaN,63103,8YDJraW_cg5IPTPisPfB-A
63102,Broadway Oyster Bar,4.5,1741,$$,63102,iRIHK8-EwpeffwvoO4nzIA
63102,Sugarfire Smoke House,4.5,885,$$,63101,WCdSajl5Q0qywpv7K5jHdQ
63102,Mango,4.0,903,$$,63101,Mr7Aov2n7wPCpwaUxk8lCw
63102,Rooster,4.0,1759,$$,63101,2BMk_drsikKWslJCXmQtjQ
63102,Bridge Tap House and Wine Bar,4.0,699,$$,63101,4r3Ck65DCG1T6gpWodPyrg
63102,Sauce on the Side,4.5,387,$$,63101,P2XJbQZmf1zvWp9L_THdjQ
63102,Baileys' Range,3.5,1451,$$,63101,M0r9lUn2gLFYgIwIfG8-bQ
63102,Medina Mediterranean Grill,4.5,266,$,63103,QV7QOLww8ym3E2zBgdE2Ow
63102,Bogart's Smokehouse,4.5,1350,$$,63104,NHb6QTrJOnyIj-Zd0fYzFg
63102,Pi Pizzeria,4.0,503,$$,63101,jRpK8oG_8QKaPGaaKiCyng
63102,The Gateway Arch,4.0,493,NaN,63102,gQYUyfiX0q0uTnueAyeqLA
63102,Blood & Sand,4.5,289,$$$,63103,A4-2jEraYJ2w2grn_uXlHw
63102,360 St. Louis,4.0,620,$$,63102,GeLwhGlX8XsIsH-o3Wdc5w
63102,Crown Candy Kitchen,4.5,514,$,63106,3XirYkP9PJvVXIEDPNNXLA
63102,Citygarden,4.5,137,NaN,63101,1Mc_Reqnxhs0eHQFAhXVUQ
63102,Gateway Arch National Park,4.5,254,NaN,63102,l8gsO8mMoVF7vqTDUNGeZw
63102,The Schlafly Tap Room,4.0,643,$$,63103,F4gvookXrKsBNCvK_xEt1g
63102,Park Avenue Coffee - Downtown,4.0,205,$,63101,AhptHEV4nFleCv4yOwp6fg
63102,Caruso's Deli,4.5,158,$,63101,qq8tipfziNTaKXYDKnQ8og
63102,Polite Society,4.5,521,$$,63104,aI3B47Y_AUYFP5K5JAYrlA
63102,Tigin Irish Pub,4.0,266,$$,63102,Xk6GSFf8KGGZ3cyYijwRcw
63102,Tony's,4.0,185,$$$$,63102,v2Z_d9d2GWCVUTtPg5ucRw
63102,Pickles Deli Downtown,4.5,145,$,63101,xhydqMrct3DSCIl7Yjx9Qg
63102,Clementine's Naughty & Nice Creamery,4.5,503,$$,63104,fC03dk7N8XV-RzGh0UJgmA
63102,Charles P Stanley Cigar Bar,4.5,107,$$,63101,SzKOoeRCtoXvekt3K8B9Iw
63102,"BLT's - Breakfast, Lunch and Tacos",4.0,140,$$,63101,1yrGx3Cwtj7I0zmhuVsu9Q
63102,Drunken Fish,4.0,379,$$,63102,m6Q6z3SAkXVdidNqiKmBrQ
63102,Lombardo's Trattoria,4.5,291,$$,63103,kBCB53psaoKcHwv4kNByOg
63102,Blondie's Coffee and Wine Bar,4.0,256,$$,63103,33JlrWf0kmHd2VzW58Wp0g
63103,Pappy's Smokehouse,4.5,3717,$$,63103,I_3LMZ_1m2mzR0oLIOePIg
63103,City Museum,4.5,1245,NaN,63103,8YDJraW_cg5IPTPisPfB-A
63103,The Fountain On Locust,4.5,897,$$,63103,jQBPO3rYkNwIaOdQS5ktgQ
63103,Broadway Oyster Bar,4.5,1741,$$,63102,iRIHK8-EwpeffwvoO4nzIA
63103,The Schlafly Tap Room,4.0,643,$$,63103,F4gvookXrKsBNCvK_xEt1g
63103,Southern,4.5,544,$$,63103,S07dMpp8f9x7etbGW1L0QA
63103,Polite Society,4.5,521,$$,63104,aI3B47Y_AUYFP5K5JAYrlA
63103,Rooster,4.0,1759,$$,63101,2BMk_drsikKWslJCXmQtjQ
63103,Bogart's Smokehouse,4.5,1350,$$,63104,NHb6QTrJOnyIj-Zd0fYzFg
63103,Mango,4.0,903,$$,63101,Mr7Aov2n7wPCpwaUxk8lCw
63103,Clementine's Naughty & Nice Creamery,4.5,503,$$,63104,fC03dk7N8XV-RzGh0UJgmA
63103,Medina Mediterranean Grill,4.5,266,$,63103,QV7QOLww8ym3E2zBgdE2Ow
63103,Sugarfire Smoke House,4.5,885,$$,63101,WCdSajl5Q0qywpv7K5jHdQ
63103,Blues City Deli,5.0,874,$,63104,_aKr7POnacW_VizRKBpCiA
63103,Bridge Tap House and Wine Bar,4.0,699,$$,63101,4r3Ck65DCG1T6gpWodPyrg
63103,Eleven Eleven,4.0,504,$$$,63104,q2gRx1K1mbk6zHV4ZOCChQ
63103,Blood & Sand,4.5,289,$$$,63103,A4-2jEraYJ2w2grn_uXlHw
63103,Lombardo's Trattoria,4.5,291,$$,63103,kBCB53psaoKcHwv4kNByOg
63103,Baileys' Range,3.5,1451,$$,63101,M0r9lUn2gLFYgIwIfG8-bQ
63103,Small Batch,4.0,311,$$,63103,a0sN6y6fDZ5HtBjUimKukA
63103,Sauce on the Side,4.5,387,$$,63101,P2XJbQZmf1zvWp9L_THdjQ
63103,Baileys' Chocolate Bar,4.0,544,$$,63104,u4WC_qHGn03jwNdVmW5vaQ
63103,Lona's Lil Eats,4.5,555,$$,63104,HCYs4zgL7kCLdEqKRqaPbg
63103,The Shaved Duck,4.5,1641,$$,63118,cQIh4YJlVtZI9TLF5_smOg
63103,Egg,4.5,566,$$,63104,0MhxvTys2ADYa3sOO91ldQ
63103,Square One Brewery & Distillery,4.0,589,$$,63104,GqyOrF5X21ciTjnuSCH5PQ
63103,Urban Chestnut Brewing Company,4.5,234,$$,63103,WNcGg9G-odTGz00DSMx7rg
63103,Planter's House,4.0,246,$$,63104,90pJu2O7fIEm_N31Fyue7A
63103,PW Pizza,4.0,275,$$,63103,6t0sNev22mcbvOB4gYVVOw
63103,YEE: Yelpventure @ St. Louis Aquarium at Union Station,5.0,44,NaN,63103,IzpXh-2Nj4PVqsZZ-gX9Ng
63104,Blues City Deli,5.0,874,$,63104,_aKr7POnacW_VizRKBpCiA
63104,Bogart's Smokehouse,4.5,1350,$$,63104,NHb6QTrJOnyIj-Zd0fYzFg
63104,Egg,4.5,566,$$,63104,0MhxvTys2ADYa3sOO91ldQ
63104,Clementine's Naughty & Nice Creamery,4.5,503,$$,63104,fC03dk7N8XV-RzGh0UJgmA
63104,Broadway Oyster Bar,4.5,1741,$$,63102,iRIHK8-EwpeffwvoO4nzIA
63104,Lona's Lil Eats,4.5,555,$$,63104,HCYs4zgL7kCLdEqKRqaPbg
63104,Polite Society,4.5,521,$$,63104,aI3B47Y_AUYFP5K5JAYrlA
63104,Pappy's Smokehouse,4.5,3717,$$,63103,I_3LMZ_1m2mzR0oLIOePIg
63104,The Shaved Duck,4.5,1641,$$,63118,cQIh4YJlVtZI9TLF5_smOg
63104,Pizzeoli Wood Fired Pizza,4.5,293,$$,63104,CBWmYHLgtFrOJs7SCcQn0g
63104,The Mud House,4.5,923,$$,63118,FryXEasH74MQDnj5Bvz3QA
63104,Peacemaker Lobster and Crab,4.0,673,$$,63104,L-VNs3YquPGKVsXl2Ze-Yg
63104,Baileys' Chocolate Bar,4.0,544,$$,63104,u4WC_qHGn03jwNdVmW5vaQ
63104,City Museum,4.5,1245,NaN,63103,8YDJraW_cg5IPTPisPfB-A
63104,Mission Taco Joint,4.0,513,$$,63104,bqR_3sT_rNp0hZglPtX6rw
63104,Eleven Eleven,4.0,504,$$$,63104,q2gRx1K1mbk6zHV4ZOCChQ
63104,John D. McGurk's Irish Pub,4.0,381,$$,63104,AjxjKRNin477A7nKAZciGg
63104,Fritanga,4.5,259,$$,63104,cFk2SMsJ-2cmXKLFFkP9JA
63104,Square One Brewery & Distillery,4.0,589,$$,63104,GqyOrF5X21ciTjnuSCH5PQ
63104,Melo's Pizzeria,5.0,102,$$,63104,37dCsVwCe8yWPkW7TXCLCA
63104,Chava's Mexican Restaurant,4.0,375,$$,63104,QAdaeyJlY8deDP_QbN9ycA
63104,Spare No Rib,4.5,255,$$,63109,4xsJN2FuB94w9rMoMo6XFQ
63104,Sidney Street Cafe,4.0,324,$$$,63104,WzpWEuVWY-6Xh37wc44GiA
63104,Tucker's Place,4.0,366,$$,63104,NiljjvbIIzQPxIPqeLLg2Q
63104,The Wood Shack Soulard,4.5,157,$$,63104,zXTO8GaLmRPATr505b4GQQ
63104,Mac's Local Eats,4.5,296,$$,63118,DzVYXX8mc5x31BbaP8c0_Q
63104,Pieces The St. Louis Board Game Bar & Cafe,4.5,174,$$,63104,r8DNf74pfvCdy29fGuwAoA
63104,Park Avenue Coffee - Lafayette Square,4.0,242,$,63104,2IahpaBR4U2Kdy9HF28EQA
63104,The Fountain On Locust,4.5,897,$$,63103,jQBPO3rYkNwIaOdQS5ktgQ
63104,Planter's House,4.0,246,$$,63104,90pJu2O7fIEm_N31Fyue7A
63105,Pastaria,4.0,852,$$,63105,YSgcojsb2kWHXNLWaGCuBA
63105,Salt + Smoke,4.5,1439,$$,63130,R8t9g5nvi7VFyS8zsgmj8Q
63105,I Fratellini,4.5,208,$$$,63105,TXg82zeFo2MpX5BzZXpJUg
63105,Sauce on the Side,4.5,302,$$,63105,Fok0BLJP0OMxbbl3l6QmZA
63105,City Coffeehouse & Crêperie,4.0,416,$$,63105,b4YPBSnqU5_L6TUz147Dow
63105,Mai Lee,4.0,840,$$,63144,YPTYOQO8Lg9BtHsRwYBY7g
63105,Half & Half,4.0,727,$$,63105,OZcl2HOUXAHuICrh5d2WjQ
63105,Taco Buddha,4.5,189,$$,63130,4mGnHfvwjE6P-vuKowHzCQ
63105,Seoul Taco,4.0,637,$,63130,OXDo1mHlp2Io3CM6a1aB1w
63105,801 Chophouse - St Louis,4.0,256,$$$$,63105,XvjJflV_0I1CS0_dckuV-A
63105,Mission Taco Joint,4.0,952,$$,63130,HKS-63JzfR0DMNVLBuokYw
63105,Protzel's Delicatessen,4.5,151,$,63105,aHHK_n_wGElui6oDmRCL4A
63105,Bar Les Freres,4.5,169,$$$,63105,Pc3urwUFlzLyDP1qvsHQuA
63105,Sardella,4.0,196,$$$,63105,v4S374WpOOhojqpto-AaAA
63105,Corner 17,4.0,496,$$,63112,KdAWjL9MKjpJzEeI902qBA
63105,The Crossing,4.5,183,$$$,63105,73ZXjIfdHJs59XOzKHQ45g
63105,5 Star Burgers,4.0,374,$$,63105,oC91lprbbfzw7DOYiYln7Q
63105,Louie's Wine Dive & Clayton Kitchen,4.0,220,$$,63105,I8cL6l-Yu3CyHPXlFmOhtQ
63105,Fozzie's Sandwich Emporium,4.0,421,$,63117,chUeS0h9C8KGfyJO2Jqgew
63105,Clementine's Naughty & Nice Creamery,4.5,174,$$,63105,2aZNVfzU-3672SjRHnPoOA
63105,The BAO,4.0,153,$$,63105,x8AQIEjSqsW0z4vRyBetbw
63105,New Day Gluten Free,4.5,93,$$,63117,qEBL7U0kW4lkptcd_4wWbg
63105,The Capital Grille,4.5,115,$$$$,63105,ToH4z1F5Tyuo3p7VhXCpTA
63105,Louie,4.5,148,$$,63105,YJVXMOIKhJjQczWj9YTwrg
63105,Kaldi's Coffeehouse,4.0,116,$,63105,UWQNx6qZojXlDv1kBAMHug
63105,Peno,4.5,118,$$,63105,GJnYFvk9kbM182bKMFSAvg
63105,Dewey's Pizza,4.5,210,$$,63130,Tq5jFk_BMSJG8-flqj5Bgw
63105,The Original Pancake House,4.0,284,$$,63124,3XXt0s_SDC9SyFTiIPNSgA
63105,Three Kings Public House,4.0,481,$$,63130,O_0H42Bw8hBduWSADPG8ng
63105,Blueprint Coffee,4.5,316,$$,63130,hv-rci0u6KR75ALB_70dHw
63106,Pappy's Smokehouse,4.5,3717,$$,63103,I_3LMZ_1m2mzR0oLIOePIg
63106,City Museum,4.5,1245,NaN,63103,8YDJraW_cg5IPTPisPfB-A
63106,The Fountain On Locust,4.5,897,$$,63103,jQBPO3rYkNwIaOdQS5ktgQ
63106,Mango,4.0,903,$$,63101,Mr7Aov2n7wPCpwaUxk8lCw
63106,Rooster,4.0,1759,$$,63101,2BMk_drsikKWslJCXmQtjQ
63106,Crown Candy Kitchen,4.5,514,$,63106,3XirYkP9PJvVXIEDPNNXLA
63106,Sugarfire Smoke House,4.5,885,$$,63101,WCdSajl5Q0qywpv7K5jHdQ
63106,Medina Mediterranean Grill,4.5,266,$,63103,QV7QOLww8ym3E2zBgdE2Ow
63106,The Schlafly Tap Room,4.0,643,$$,63103,F4gvookXrKsBNCvK_xEt1g
63106,Southern,4.5,544,$$,63103,S07dMpp8f9x7etbGW1L0QA
63106,Broadway Oyster Bar,4.5,1741,$$,63102,iRIHK8-EwpeffwvoO4nzIA
63106,Bridge Tap House and Wine Bar,4.0,699,$$,63101,4r3Ck65DCG1T6gpWodPyrg
63106,Bogart's Smokehouse,4.5,1350,$$,63104,NHb6QTrJOnyIj-Zd0fYzFg
63106,Blood & Sand,4.5,289,$$$,63103,A4-2jEraYJ2w2grn_uXlHw
63106,Sauce on the Side,4.5,387,$$,63101,P2XJbQZmf1zvWp9L_THdjQ
63106,Baileys' Range,3.5,1451,$$,63101,M0r9lUn2gLFYgIwIfG8-bQ
63106,Small Batch,4.0,311,$$,63103,a0sN6y6fDZ5HtBjUimKukA
63106,Pi Pizzeria,4.0,503,$$,63101,jRpK8oG_8QKaPGaaKiCyng
63106,Polite Society,4.5,521,$$,63104,aI3B47Y_AUYFP5K5JAYrlA
63106,Urban Chestnut Brewing Company,4.5,234,$$,63103,WNcGg9G-odTGz00DSMx7rg
63106,Lombardo's Trattoria,4.5,291,$$,63103,kBCB53psaoKcHwv4kNByOg
63106,Citygarden,4.5,137,NaN,63101,1Mc_Reqnxhs0eHQFAhXVUQ
63106,Clementine's Naughty & Nice Creamery,4.5,503,$$,63104,fC03dk7N8XV-RzGh0UJgmA
63106,Lona's Lil Eats,4.5,555,$$,63104,HCYs4zgL7kCLdEqKRqaPbg
63106,Park Avenue Coffee - Downtown,4.0,205,$,63101,AhptHEV4nFleCv4yOwp6fg
63106,Eleven Eleven,4.0,504,$$$,63104,q2gRx1K1mbk6zHV4ZOCChQ
63106,Caruso's Deli,4.5,158,$,63101,qq8tipfziNTaKXYDKnQ8og
63106,Blondie's Coffee and Wine Bar,4.0,256,$$,63103,33JlrWf0kmHd2VzW58Wp0g
63106,The Gateway Arch,4.0,493,NaN,63102,gQYUyfiX0q0uTnueAyeqLA
63106,360 St. Louis,4.0,620,$$,63102,GeLwhGlX8XsIsH-o3Wdc5w
63107,Pappy's Smokehouse,4.5,3717,$$,63103,I_3LMZ_1m2mzR0oLIOePIg
63107,Crown Candy Kitchen,4.5,514,$,63106,3XirYkP9PJvVXIEDPNNXLA
63107,City Museum,4.5,1245,NaN,63103,8YDJraW_cg5IPTPisPfB-A
63107,The Fountain On Locust,4.5,897,$$,63103,jQBPO3rYkNwIaOdQS5ktgQ
63107,Mango,4.0,903,$$,63101,Mr7Aov2n7wPCpwaUxk8lCw
63107,Rooster,4.0,1759,$$,63101,2BMk_drsikKWslJCXmQtjQ
63107,Southern,4.5,544,$$,63103,S07dMpp8f9x7etbGW1L0QA
63107,Sugarfire Smoke House,4.5,885,$$,63101,WCdSajl5Q0qywpv7K5jHdQ
63107,Medina Mediterranean Grill,4.5,266,$,63103,QV7QOLww8ym3E2zBgdE2Ow
63107,The Schlafly Tap Room,4.0,643,$$,63103,F4gvookXrKsBNCvK_xEt1g
63107,Bridge Tap House and Wine Bar,4.0,699,$$,63101,4r3Ck65DCG1T6gpWodPyrg
63107,Sauce on the Side,4.5,387,$$,63101,P2XJbQZmf1zvWp9L_THdjQ
63107,Blood & Sand,4.5,289,$$$,63103,A4-2jEraYJ2w2grn_uXlHw
63107,Baileys' Range,3.5,1451,$$,63101,M0r9lUn2gLFYgIwIfG8-bQ
63107,Small Batch,4.0,311,$$,63103,a0sN6y6fDZ5HtBjUimKukA
63107,Urban Chestnut Brewing Company,4.5,234,$$,63103,WNcGg9G-odTGz00DSMx7rg
63107,Pi Pizzeria,4.0,503,$$,63101,jRpK8oG_8QKaPGaaKiCyng
63107,The Gateway Arch,4.0,493,NaN,63102,gQYUyfiX0q0uTnueAyeqLA
63107,Lombardo's Trattoria,4.5,291,$$,63103,kBCB53psaoKcHwv4kNByOg
63107,Citygarden,4.5,137,NaN,63101,1Mc_Reqnxhs0eHQFAhXVUQ
63107,Gateway Arch National Park,4.5,254,NaN,63102,l8gsO8mMoVF7vqTDUNGeZw
63107,Park Avenue Coffee - Downtown,4.0,205,$,63101,AhptHEV4nFleCv4yOwp6fg
63107,Caruso's Deli,4.5,158,$,63101,qq8tipfziNTaKXYDKnQ8og
63107,Sapporo 2 Sushi& Thai,4.0,188,$$,63103,MWdO8vvXEtswuBM4wOgVzw
63107,Blondie's Coffee and Wine Bar,4.0,256,$$,63103,33JlrWf0kmHd2VzW58Wp0g
63107,Charles P Stanley Cigar Bar,4.5,107,$$,63101,SzKOoeRCtoXvekt3K8B9Iw
63107,Turn Restaurant,4.5,111,$$,63103,ZoSDp6Ycoy9H2spud3PYqQ
63107,YEE: Yelpventure @ St. Louis Aquarium at Union Station,5.0,44,NaN,63103,IzpXh-2Nj4PVqsZZ-gX9Ng
63107,Sweetie Pies Upper Crust,3.5,390,$$,63108,dHS3dwYAGIya7yd1d3J1DA
63107,La Mancha Coffeehouse,4.5,33,$,63107,BUmzDaCXu44GNjvtdePVTQ
63108,Taste Bar,4.5,519,$$,63108,_gVyuTRb_6HM-SNtqbpevQ
63108,Jeni's Splendid Ice Creams,4.5,267,$$,63108,jKHlvwq40sghrR89pF_3Tw
63108,Brasserie by Niche,4.5,578,$$,63108,El_2Cxuq4hxqrmlg_5nzzA
63108,Retreat Gastropub,4.5,589,$$,63108,oHvEgLH6pAkcrPmeR1l3UQ
63108,Sameem Afghan Restaurant,4.5,485,$$,63110,GW-H37yWCNhgWPg9RwKbVA
63108,Pi Pizzeria - Central West End,4.0,450,$$,63108,S26FJcC298XNpN2cZiwOrA
63108,Café Osage,4.0,375,$$,63108,yvwIsOBQyTDsOhfS1sIVvQ
63108,The Scottish Arms,4.0,469,$$,63108,qfABDeMSCirVPeG6BfcUEA
63108,The Cup,4.0,303,$,63108,8vwdDagJc8bJR0ZojFGZxw
63108,Dressel's Public House,4.0,391,$$,63108,4oe5dLfE283zx0aw6BHKTA
63108,Drunken Fish,3.5,684,$$,63108,_OMGZ3TXOfN2By7skat_bw
63108,El Burro Loco,4.0,393,$$,63108,NJaR_2hke7NNAC6l1Ohr8g
63108,2Schae Cafe,4.5,272,$,63108,KWIapYSSHxfZ1NQFpV2S9g
63108,Yellowbelly,4.0,230,$$$,63108,YpGPZ-Zg89BsFUWwCXoaBw
63108,Blk Mkt Eats,4.5,245,$$,63108,oRe0iraGEsVSNKxcp_hjbw
63108,Narwhal's Crafted,4.5,184,$$,63108,5mDneH5wP5VN_7GVe-PudQ
63108,Union Loafers Cafe and Bread Bakery,4.5,369,$$,63110,VJ-c-Yjj1qv7dKS5YaYoHg
63108,PokeDoke,4.5,153,$$,63108,zun6IVJa7wYe3wAPqWnPGw
63108,Sub Zero Vodka Bar,3.5,502,$$,63108,KChWMIHxMChTE11ZVsIVZw
63108,Vicia,4.0,233,$$,63108,3VYxaeo6BJNHbVIIfmWN_w
63108,Sultān Mediterranean Restaurant,5.0,164,$$,63110,U4DpkzcADkXFZzYaX9smjQ
63108,SUSHI KOI,4.5,165,$$,63108,kqt8O-XxMkE6ga42IPa7sA
63108,Mission Taco Joint,4.0,237,$$,63108,79nXYNRPoZBc9_y_OLZg2w
63108,Grace Meat + Three,4.5,353,$$,63110,MuKoTR56s6elHEI2wUkgJA
63108,Comet Coffee & Microbakery,4.5,290,$$,63110,P0fHDZn2pReUu7BdMxNuyw
63108,The Gramophone,4.5,229,$,63110,Nq1Kn7ud84upBHz9chFW0A
63108,Moolah Theatre & Lounge,4.5,190,$$,63108,g6rcVXjeLT6Y_kAFhbbJRg
63108,Juniper,4.0,340,$$,63108,YT1oM3AlNSCjzKvbH8MPWA
63108,Pickles Deli,4.0,198,$,63108,Fm16G-I-rmO3g_KTKleteQ
63108,Rise Coffee House,4.5,270,$$,63110,C2JtfhOZ3PPzIS9V5arQ2A
63109,Ted Drewes,4.5,1228,$,63109,nRKndeZLQ3eDL10UMwS2rQ
63109,Russell's on Macklind,4.5,495,$$,63109,HzUJO2v5lUEIeYoOYsdWbw
63109,Kounter Kulture,5.0,267,$$,63109,SFN5g5eexukcaZkzoiYQYg
63109,Edibles & Essentials,4.5,148,$$,63109,hbs43HZRB1nwMzMtiT9lsQ
63109,Trattoria Marcella,4.5,329,$$,63109,kpK6SmxIiNoGPNhlEGiL4w
63109,Southwest Diner,4.5,667,$$,63143,k8hFz4Gty5dHlDV4Wt8FqA
63109,Salt + Smoke BBQ Bourbon Beer,4.5,248,$$,63109,ZIpPvfIGlrxhsAz1ID0tYg
63109,Anthonino's Taverna,4.5,826,$$,63110,LGYIhGqbYakMMdsn_GCzJg
63109,Aya Sofia,4.0,282,$$,63109,8V9G6dC9sLCGp1LQVrmXwA
63109,Adam's Smokehouse,4.5,314,$$,63139,1o9IdLrFGMS2o5Y8uXKC0Q
63109,Cafe Nova,4.5,175,$$,63109,sHwNZLuLZvlVBX17b7RgTw
63109,Pint Size Bakery & Coffee,4.5,211,$,63139,0cddB9WRKcQhzAEXEav81w
63109,Vinnie's Italian Beef and Gyros,4.5,172,$,63139,_-XYJgVGrNMtn_S6nPm-GQ
63109,Smoking Barrels BBQ - St. Louis,4.0,264,$$,63109,R_u4QTal0d5f-FHr7BUXcw
63109,Farmhaus Restaurant,4.0,314,$$$,63139,vD2jzpPv4iyOLKzITscGvA
63109,Copper Pig,4.0,264,$$,63109,tqHbdVDUbPub5l5_OcEWvQ
63109,The Gyro Company,4.5,188,$,63109,EPXnaI6YQlmK5VUDAI0o7A
63109,Pizzeria Tivoli,4.5,166,$$,63109,CTvHlHQ4jzRO8gkkl4O8zQ
63109,Onesto Pizza & Trattoria,4.0,251,$$,63109,a1GY-xy-PKrPXlMbhBv5ZA
63109,Pueblo Solis,3.5,223,$$,63109,rfbfSleg64ObTGGRMZgt3A
63109,F&B's Eatery,4.5,80,$,63139,mm3ANaRdJo8nAaPFpn76AA
63109,Knead,4.5,98,$$,63139,7sV9quynaXTvDW85Bixhaw
63109,Dos Reyes Mexican Restaurant,4.0,130,$$,63109,WYFbNrYDgw7gNDvMxa0rKA
63109,Himalayan Yeti,4.5,215,$$,63139,1ulD4HL2G8qbpEuuWFDSqQ
63109,Zia's on the Hill,4.0,638,$$,63110,AixPbZxJkgRyjxVqrpPAmw
63109,Novella Wine Bar,5.0,43,$$,63109,Zz1utCut0psbC4brBjvSEg
63109,The Royale Food & Spirits,4.0,371,$$,63139,gKBqK-FFq7EGOUscBqb1iA
63109,Apollonia,4.0,170,$$,63116,ay9zMsFHhwD483o8Zwdc_A
63109,The Piccadilly at Manhattan,4.0,230,$$,63143,7ZQYMFjKj7AK1vzCi0BNyg
63109,Bo Fung Chinese Kitchen,4.0,192,$,63116,zvcyW3ZtPYWziX7k9tCFBg
63110,Sameem Afghan Restaurant,4.5,485,$$,63110,GW-H37yWCNhgWPg9RwKbVA
63110,Missouri Botanical Garden,4.5,378,NaN,63110,LmKpHMXSsm36viJOGVodFw
63110,Union Loafers Cafe and Bread Bakery,4.5,369,$$,63110,VJ-c-Yjj1qv7dKS5YaYoHg
63110,Adriana’s On The Hill,4.5,356,$$,63110,56M2bwaaSzcmzr2dyEfYQw
63110,Anthonino's Taverna,4.5,826,$$,63110,LGYIhGqbYakMMdsn_GCzJg
63110,The Shaved Duck,4.5,1641,$$,63118,cQIh4YJlVtZI9TLF5_smOg
63110,Taste Bar,4.5,519,$$,63108,_gVyuTRb_6HM-SNtqbpevQ
63110,Charlie Gitto's On the Hill,4.5,547,$$,63110,dtU_DsHVOCi-2-mWe7gabw
63110,Grace Meat + Three,4.5,353,$$,63110,MuKoTR56s6elHEI2wUkgJA
63110,Gioia's Deli,4.5,302,$,63110,56TulnfOZy0JI96zwVv27w
63110,Sultān Mediterranean Restaurant,5.0,164,$$,63110,U4DpkzcADkXFZzYaX9smjQ
63110,Brasserie by Niche,4.5,578,$$,63108,El_2Cxuq4hxqrmlg_5nzzA
63110,The Gramophone,4.5,229,$,63110,Nq1Kn7ud84upBHz9chFW0A
63110,Forest Park,5.0,261,NaN,63112,1YflE3DkiCZGgLnf3paLnA
63110,Olio,4.0,322,$$,63110,rBdG_23USc7DletfZ11xGA
63110,Retreat Gastropub,4.5,589,$$,63108,oHvEgLH6pAkcrPmeR1l3UQ
63110,SweetArt,4.5,411,$$,63110,YVy2DgGfNmG5hWYbA7k8jg
63110,Rise Coffee House,4.5,270,$$,63110,C2JtfhOZ3PPzIS9V5arQ2A
63110,Comet Coffee & Microbakery,4.5,290,$$,63110,P0fHDZn2pReUu7BdMxNuyw
63110,Indo,5.0,96,$$$,63110,_xWm_EgCq4dGTjo_DmEVWw
63110,Layla,4.0,424,$$,63110,4ZNCc1GzJZkS7XI1c9rCMA
63110,Zia's on the Hill,4.0,638,$$,63110,AixPbZxJkgRyjxVqrpPAmw
63110,Sauce on the Side,4.5,171,$$,63110,gEJ3a8-m6VB827e6GHromw
63110,Everest Cafe & Bar,4.0,348,$$,63110,X7yGrz7oDbt8UY5rdmJc_w
63110,La Patisserie Chouquette,4.5,199,$$,63110,5TVWytR2oNbSKYgfxypuBw
63110,The Scottish Arms,4.0,469,$$,63108,qfABDeMSCirVPeG6BfcUEA
63110,Confluence Kombucha,5.0,73,$$,63110,kZVkrF0Cy-xwfpO94g-ylw
63110,Lulu's Local Eatery,4.5,439,$,63118,3zI7Ka2_ZsKh4UwbSFnXdw
63110,Jeni's Splendid Ice Creams,4.5,267,$$,63108,jKHlvwq40sghrR89pF_3Tw
63110,J Devoti Trattoria,4.5,181,$$$,63110,rdtx0kMDoC15FvNyom6W_g
63111,Stacked STL,4.5,570,$$,63111,BOjpe0u5u_cm9SWMS2KLFg
63111,The Stellar Hog,4.5,128,$$,63116,Nk4qSOwcVdAT1CMOzU3O0g
63111,Grbic Restaurant,4.5,243,$$,63116,oUgmm76-UCd5N0z4xwDOYw
63111,Sump Coffee,4.5,285,$$,63118,A5b9nVDi1DPVvPOD24-p6w
63111,Banh Mi So 1,4.0,231,$,63118,EfXTQPiVBym_2KoG7-XeSw
63111,Chimichanga's Mexican Restaurant,3.5,200,$,63111,8ZFC_TnP_hAsn0rgoK7KAA
63111,Majeed Mediterranean Restaurant,4.5,88,$$,63116,pi-y4uXjkOWeuBSI8bv2Wg
63111,Mariachis II Mexican Restaurant,4.5,145,$$,63116,DMlBzp6bs_f8WK8xQQvZWQ
63111,Lemmons,4.5,97,$$,63116,vgTA3vYLwZM2OnzJHjNdug
63111,J's Pitaria,4.5,62,$,63116,2P-pvj_jo0SxNe6jih6sOA
63111,Kalbi Taco Shack,4.5,158,$,63118,T-xYMAkdNlMPCGqWAH3mwg
63111,Kabul Express STL,5.0,77,$,63125,6EKawoqscJ0IYNjtfpd0_w
63111,Byrd & Barrel,4.0,352,$$,63118,IzYE3fXqNgHIOFmY7nVQvA
63111,Kitchen House Coffee,4.5,31,$$,63111,RVD0t9-pUTbcypj45FBsNg
63111,Whisk: a Sustainable Bakeshop,4.5,120,$,63118,j3E_vGw47XpiEgTr-KiJUg
63111,Truc Lam,4.0,151,$,63116,iay91CweEOzRIW6wjcOjuA
63111,Himalayan Yeti,4.5,215,$$,63139,1ulD4HL2G8qbpEuuWFDSqQ
63111,Taqueria El Bronco,4.0,211,$,63118,gku-vC4YB5c7ZuNyLhjNbQ
63111,Novella Wine Bar,5.0,43,$$,63109,Zz1utCut0psbC4brBjvSEg
63111,The Silver Ballroom,4.5,78,$,63116,fdG0BNPv24psbe0_KtlwLQ
63111,Teatopia,5.0,60,$,63118,L4JFBsgfLZIL9SJ5uxXgJw
63111,Riverside Diner,5.0,27,$,63111,BLvL1pUrgpzt2bJHRQ5yvQ
63111,Neveria La Vallesana,3.5,349,$,63118,eORwNQsgjeJGrUPnQFJ9xA
63111,Tower Taco,4.0,181,$,63118,kOOiEcy0UaWLwCPgZ95nmg
63111,Urban Eats,4.0,82,$,63118,71q2UD1A7KL2q4AA8mPobQ
63111,Gooseberries,4.5,76,$$,63118,ldBhNb6DnmretKOCLhjZdA
63111,Royal Kebab Restaurant,4.0,41,$,63116,oufNYOeHRjJPhAng9L6Mxw
63111,Zlatno Zito,5.0,30,$,63116,jNomt0h259DYpwkrVslqTA
63111,River Des Peres Yacht Club,4.5,38,$,63111,7m9QY137WtxvdhgSUdetaw
63111,Carondelet Park,4.5,26,NaN,63190,H2sO6NwVq2bBqL2uCY0D8g
63112,Salt + Smoke,4.5,1439,$$,63130,R8t9g5nvi7VFyS8zsgmj8Q
63112,Saint Louis Zoo,4.5,734,NaN,63110,X8hwEPRoRcLjbKVlVt1b1g
63112,Mission Taco Joint,4.0,952,$$,63130,HKS-63JzfR0DMNVLBuokYw
63112,Forest Park,5.0,261,NaN,63112,1YflE3DkiCZGgLnf3paLnA
63112,Pi Pizzeria - Delmar Loop,4.0,605,$$,63112,MaYb7qMN6BomP1zQGj3Wjg
63112,Seoul Taco,4.0,637,$,63130,OXDo1mHlp2Io3CM6a1aB1w
63112,2Schae Cafe,4.5,272,$,63108,KWIapYSSHxfZ1NQFpV2S9g
63112,Taste Bar,4.5,519,$$,63108,_gVyuTRb_6HM-SNtqbpevQ
63112,Jeni's Splendid Ice Creams,4.5,267,$$,63108,jKHlvwq40sghrR89pF_3Tw
63112,Blueprint Coffee,4.5,316,$$,63130,hv-rci0u6KR75ALB_70dHw
63112,Corner 17,4.0,496,$$,63112,KdAWjL9MKjpJzEeI902qBA
63112,Brasserie by Niche,4.5,578,$$,63108,El_2Cxuq4hxqrmlg_5nzzA
63112,Three Kings Public House,4.0,481,$$,63130,O_0H42Bw8hBduWSADPG8ng
63112,Fork & Stix,4.0,311,$$,63112,ANTj0UD-OS7Zod3mulUg6w
63112,Saint Louis Art Museum,4.5,220,NaN,63110,60xFUHDmopm4FRzK6bPRTw
63112,Pi Pizzeria - Central West End,4.0,450,$$,63108,S26FJcC298XNpN2cZiwOrA
63112,Ranoush,4.0,328,$$,63130,N_7nJa49ueh_0vPDRP3Jew
63112,Comet Coffee & Microbakery,4.5,290,$$,63110,P0fHDZn2pReUu7BdMxNuyw
63112,Mi Ranchito,4.0,339,$$,63130,Uy0r4bzRmY5LFtDfzNgkag
63112,Fitz's,3.5,622,$$,63130,-kHHi8y4kaTI6WUVdJSdvQ
63112,Dressel's Public House,4.0,391,$$,63108,4oe5dLfE283zx0aw6BHKTA
63112,Kayak's,4.0,271,$,63130,p6JxfR9ebAlIlpm674F-dg
63112,The Cup,4.0,303,$,63108,8vwdDagJc8bJR0ZojFGZxw
63112,PuraVegan Cafe & Yoga,4.5,131,$$,63112,-rCB_kCW-u84S-CQir-lng
63112,Café Osage,4.0,375,$$,63108,yvwIsOBQyTDsOhfS1sIVvQ
63112,Drunken Fish,3.5,684,$$,63108,_OMGZ3TXOfN2By7skat_bw
63112,Tavolo V,4.0,204,$$,63112,-W0tnXYJ4WuxLjzmbwlVAQ
63112,El Burro Loco,4.0,393,$$,63108,NJaR_2hke7NNAC6l1Ohr8g
63112,Sameem Afghan Restaurant,4.5,485,$$,63110,GW-H37yWCNhgWPg9RwKbVA
63112,Blueberry Hill Restaurant & Bar,3.5,565,$$,63130,sXaiyPC1fT6ESl-6t7eSXg
63113,Pappy's Smokehouse,4.5,3717,$$,63103,I_3LMZ_1m2mzR0oLIOePIg
63113,The Fountain On Locust,4.5,897,$$,63103,jQBPO3rYkNwIaOdQS5ktgQ
63113,Taste Bar,4.5,519,$$,63108,_gVyuTRb_6HM-SNtqbpevQ
63113,Jeni's Splendid Ice Creams,4.5,267,$$,63108,jKHlvwq40sghrR89pF_3Tw
63113,Retreat Gastropub,4.5,589,$$,63108,oHvEgLH6pAkcrPmeR1l3UQ
63113,Brasserie by Niche,4.5,578,$$,63108,El_2Cxuq4hxqrmlg_5nzzA
63113,Pi Pizzeria - Central West End,4.0,450,$$,63108,S26FJcC298XNpN2cZiwOrA
63113,Café Osage,4.0,375,$$,63108,yvwIsOBQyTDsOhfS1sIVvQ
63113,The Scottish Arms,4.0,469,$$,63108,qfABDeMSCirVPeG6BfcUEA
63113,Southern,4.5,544,$$,63103,S07dMpp8f9x7etbGW1L0QA
63113,Dressel's Public House,4.0,391,$$,63108,4oe5dLfE283zx0aw6BHKTA
63113,The Cup,4.0,303,$,63108,8vwdDagJc8bJR0ZojFGZxw
63113,Blk Mkt Eats,4.5,245,$$,63108,oRe0iraGEsVSNKxcp_hjbw
63113,Drunken Fish,3.5,684,$$,63108,_OMGZ3TXOfN2By7skat_bw
63113,Sameem Afghan Restaurant,4.5,485,$$,63110,GW-H37yWCNhgWPg9RwKbVA
63113,El Burro Loco,4.0,393,$$,63108,NJaR_2hke7NNAC6l1Ohr8g
63113,Narwhal's Crafted,4.5,184,$$,63108,5mDneH5wP5VN_7GVe-PudQ
63113,Moolah Theatre & Lounge,4.5,190,$$,63108,g6rcVXjeLT6Y_kAFhbbJRg
63113,Yellowbelly,4.0,230,$$$,63108,YpGPZ-Zg89BsFUWwCXoaBw
63113,Urban Chestnut Brewing Company,4.5,234,$$,63103,WNcGg9G-odTGz00DSMx7rg
63113,Juniper,4.0,340,$$,63108,YT1oM3AlNSCjzKvbH8MPWA
63113,Evangeline's Bistro and Music House,4.0,305,$$,63108,KhKcgF3zi6J_M6HBzkFkLg
63113,Vicia,4.0,233,$$,63108,3VYxaeo6BJNHbVIIfmWN_w
63113,Mission Taco Joint,4.0,237,$$,63108,79nXYNRPoZBc9_y_OLZg2w
63113,Small Batch,4.0,311,$$,63103,a0sN6y6fDZ5HtBjUimKukA
63113,Sub Zero Vodka Bar,3.5,502,$$,63108,KChWMIHxMChTE11ZVsIVZw
63113,PokeDoke,4.5,153,$$,63108,zun6IVJa7wYe3wAPqWnPGw
63113,SUSHI KOI,4.5,165,$$,63108,kqt8O-XxMkE6ga42IPa7sA
63113,Pickles Deli,4.0,198,$,63108,Fm16G-I-rmO3g_KTKleteQ
63113,Everest Cafe & Bar,4.0,348,$$,63110,X7yGrz7oDbt8UY5rdmJc_w
63114,Sugarfire Smoke House,4.5,1467,$$,63132,vWjME92WddneF98IqzaNfQ
63114,Chef Ma's Chinese Gourmet Restaurant,4.0,174,$$,63114,_pzBF2sn806Zm-tRLCPXEg
63114,Chimi's Fresh-Mex,4.5,106,$$,63114,Vv5Fxre786NpKFR_3OduKw
63114,Haveli Indian Restaurant,4.0,303,$$,63132,tMMk972zper40EfQo8v0sg
63114,Tai Ke,4.5,246,$$,63132,EF_9W5s9lFSjv4forNxwng
63114,Chuck A Burger,4.5,105,$,63114,U0sjKBnSMN5SnWd_xU4GrQ
63114,Sides Of Seoul,5.0,75,$,63132,tc3g7TdhTgGqI8D8Rj_10w
63114,Cate Zone Chinese Cafe,4.5,197,$$,63130,S87d-VjLFY8ZMoj6MUo_tg
63114,O! Wing Plus,4.5,110,$,63132,SNQ8sn7R9_e92GWKMCNSgg
63114,Taqueria Durango,4.0,180,$,63132,4lm1dUvP7GPgyJqUlLxcYg
63114,Dao Tien,4.0,190,$,63132,NYcXibc_RzSI7wgGbidi8w
63114,George Rivolo Diner,4.5,28,$,63114,gD2sF9BKMP428y1NJEiPbQ
63114,Wonton King,4.0,251,$$,63130,DT_ZjeS2ZvBuzZvt9h48fg
63114,Maria's Deli,4.5,46,$,63114,7iL_h9OsbW0T7MiiLbrbAA
63114,De Palm Tree,4.0,151,$$,63132,ZRSVqYaoo3VMvthb2QEJmw
63114,Skeeters Frozen Custard,4.0,47,$,63114,gRNBy7lRv1QVsYkEOTYarw
63114,Seoul Garden Korean Restaurant,3.5,294,$$,63074,9llupBLdHKFzfawIk6I74w
63114,"Saint Louis Halal Meat, Grocery & Foods - Baba's Restaurant",4.5,46,$,63132,YSuVRABFuPIy8N91x2yg5Q
63114,Nick & Elena's Pizzeria,3.5,72,$$,63114,buP98xgFQrgutle85Llqag
63114,Pho Long,3.5,233,$,63132,aDm4JESclYP_L2tY_sqaDA
63114,Asian Kitchen Korean Cuisine,3.5,172,$$,63132,jPewcmlW0MSV5TezEllWtw
63114,Nobu's Japanese Restaurant,4.0,138,$$,63132,q5dSzxE6grwCzu23_PlesA
63114,Busloop Burgers,4.5,80,$,63074,s5IM5Ra60RfRGdL643w74Q
63114,Szechuan Cuisine,4.5,59,$$,63130,8Zfo-9ZQWwC85wyBcRDb_Q
63114,Fallon's Bar & Grill,4.0,125,$$,63132,lOZxgiTD0KBCaECdL1eWHA
63114,Soup Dumplings STL,4.0,111,$$,63130,Gw_PUqVT9e4AiC_kj9BJJw
63114,Big Jay's Fish Chicken & Shrimp,4.5,42,$,63114,y38HeTHdVNPUzd6duJBsJA
63114,Bandana's Bar-B Q,4.0,188,$$,63074,OrzCInxEE8FlVYO-U5wemA
63114,Olivette Diner,4.0,139,$,63132,xmyyCbcUhXaiYqzejO0Sgg
63114,Cube Tea Studio,4.5,59,$$,63130,DmAQI7yLLqQMNNztUbqtsQ
63115,Jeni's Splendid Ice Creams,4.5,267,$$,63108,jKHlvwq40sghrR89pF_3Tw
63115,Taste Bar,4.5,519,$$,63108,_gVyuTRb_6HM-SNtqbpevQ
63115,Brasserie by Niche,4.5,578,$$,63108,El_2Cxuq4hxqrmlg_5nzzA
63115,Pi Pizzeria - Central West End,4.0,450,$$,63108,S26FJcC298XNpN2cZiwOrA
63115,Café Osage,4.0,375,$$,63108,yvwIsOBQyTDsOhfS1sIVvQ
63115,Dressel's Public House,4.0,391,$$,63108,4oe5dLfE283zx0aw6BHKTA
63115,The Cup,4.0,303,$,63108,8vwdDagJc8bJR0ZojFGZxw
63115,Drunken Fish,3.5,684,$$,63108,_OMGZ3TXOfN2By7skat_bw
63115,El Burro Loco,4.0,393,$$,63108,NJaR_2hke7NNAC6l1Ohr8g
63115,Yellowbelly,4.0,230,$$$,63108,YpGPZ-Zg89BsFUWwCXoaBw
63115,Evangeline's Bistro and Music House,4.0,305,$$,63108,KhKcgF3zi6J_M6HBzkFkLg
63115,Mission Taco Joint,4.0,237,$$,63108,79nXYNRPoZBc9_y_OLZg2w
63115,Sub Zero Vodka Bar,3.5,502,$$,63108,KChWMIHxMChTE11ZVsIVZw
63115,PokeDoke,4.5,153,$$,63108,zun6IVJa7wYe3wAPqWnPGw
63115,SUSHI KOI,4.5,165,$$,63108,kqt8O-XxMkE6ga42IPa7sA
63115,Pickles Deli,4.0,198,$,63108,Fm16G-I-rmO3g_KTKleteQ
63115,Gamlin Whiskey House,3.5,520,$$,63108,fZ92MJ1hbEMXqwWTSwF9lA
63115,Kampai Sushi Bar,4.0,284,$$,63108,ARgidflSXPHj7uhK-Y7hwA
63115,Cocina Latina,5.0,44,$$,63108,ngU4740twiB222g4ti0_eQ
63115,India Rasoi,4.0,287,$$,63108,tWJ3DwufXIKdlLTEw7K96g
63115,West End Grill & Pub,4.0,181,$$,63108,1KhNDQSdDqzPQaZk8PIdGg
63115,Thai 202,4.0,248,$,63108,rXqlpCH6z9rSFNCL76FfLw
63115,Medina Grill,4.5,62,$,63108,Ut_46Y-g3BsokjYGUHJ5Ng
63115,Kingside Diner,3.5,226,$$,63108,7_YYjlT-qRP8h1IkpPWObw
63115,Sweetie Pies Upper Crust,3.5,390,$$,63108,dHS3dwYAGIya7yd1d3J1DA
63115,Wild Flower Restaurant & Catering,3.5,424,$$,63108,95Ovc1lSnOQwSrjIFhpYrA
63115,Hot Box Cookies,4.0,120,$,63108,uReXJy913T1GFIzI_Uga7A
63115,The Preston,4.0,107,$$,63108,5UyyV-cdNsXWz1V-xyIW6w
63115,Bait,4.0,109,NaN,63108,URURwZcedT6sAXbeTuxgOA
63115,Cornflower Coffee & Tea,4.5,34,$$,63108,EKBDN90FwKHr6F7_zzSCZA
63116,The Shaved Duck,4.5,1641,$$,63118,cQIh4YJlVtZI9TLF5_smOg
63116,Russell's on Macklind,4.5,495,$$,63109,HzUJO2v5lUEIeYoOYsdWbw
63116,Grbic Restaurant,4.5,243,$$,63116,oUgmm76-UCd5N0z4xwDOYw
63116,Lulu's Local Eatery,4.5,439,$,63118,3zI7Ka2_ZsKh4UwbSFnXdw
63116,Pho Grand Restaurant,4.0,607,$,63118,0QYWhij_YZ7Lyk9F6213Sg
63116,Majeed Mediterranean Restaurant,4.5,88,$$,63116,pi-y4uXjkOWeuBSI8bv2Wg
63116,Mariachis II Mexican Restaurant,4.5,145,$$,63116,DMlBzp6bs_f8WK8xQQvZWQ
63116,Missouri Botanical Garden,4.5,378,NaN,63110,LmKpHMXSsm36viJOGVodFw
63116,Cafe Nova,4.5,175,$$,63109,sHwNZLuLZvlVBX17b7RgTw
63116,The Stellar Hog,4.5,128,$$,63116,Nk4qSOwcVdAT1CMOzU3O0g
63116,J's Pitaria,4.5,62,$,63116,2P-pvj_jo0SxNe6jih6sOA
63116,Stacked STL,4.5,570,$$,63111,BOjpe0u5u_cm9SWMS2KLFg
63116,Anthonino's Taverna,4.5,826,$$,63110,LGYIhGqbYakMMdsn_GCzJg
63116,Tree House Vegetarian Restaurant,4.5,362,$$,63118,VNvJuCTMdGBj4lwC0L1Ghg
63116,Banh Mi So 1,4.0,231,$,63118,EfXTQPiVBym_2KoG7-XeSw
63116,Lemmons,4.5,97,$$,63116,vgTA3vYLwZM2OnzJHjNdug
63116,Smoking Barrels BBQ - St. Louis,4.0,264,$$,63109,R_u4QTal0d5f-FHr7BUXcw
63116,SweetArt,4.5,411,$$,63110,YVy2DgGfNmG5hWYbA7k8jg
63116,Himalayan Yeti,4.5,215,$$,63139,1ulD4HL2G8qbpEuuWFDSqQ
63116,Meskerem Ethiopian Restaurant,4.0,319,$$,63118,myg9wV_3IgHGa-pVKVjijA
63116,The Silver Ballroom,4.5,78,$,63116,fdG0BNPv24psbe0_KtlwLQ
63116,Adam's Smokehouse,4.5,314,$$,63139,1o9IdLrFGMS2o5Y8uXKC0Q
63116,The Vine Mediterranean Cafe and Market,4.0,463,$$,63118,BmKCJsV_payJ5ANqC7i85g
63116,Guerrilla Street Food,4.0,375,$,63118,A1suinq7EcpyM06JIe7iOA
63116,Gelateria Del Leone,4.5,242,$,63118,p7UGlPkE3Gagm9Mq7aHfYg
63116,Pizzeria Tivoli,4.5,166,$$,63109,CTvHlHQ4jzRO8gkkl4O8zQ
63116,The Royale Food & Spirits,4.0,371,$$,63139,gKBqK-FFq7EGOUscBqb1iA
63116,Gioia's Deli,4.5,302,$,63110,56TulnfOZy0JI96zwVv27w
63116,Charlie Gitto's On the Hill,4.5,547,$$,63110,dtU_DsHVOCi-2-mWe7gabw
63116,Truc Lam,4.0,151,$,63116,iay91CweEOzRIW6wjcOjuA
63117,Mai Lee,4.0,840,$$,63144,YPTYOQO8Lg9BtHsRwYBY7g
63117,Southwest Diner,4.5,667,$$,63143,k8hFz4Gty5dHlDV4Wt8FqA
63117,Fozzie's Sandwich Emporium,4.0,421,$,63117,chUeS0h9C8KGfyJO2Jqgew
63117,Salt + Smoke,4.5,1439,$$,63130,R8t9g5nvi7VFyS8zsgmj8Q
63117,I Fratellini,4.5,208,$$$,63105,TXg82zeFo2MpX5BzZXpJUg
63117,Pastaria,4.0,852,$$,63105,YSgcojsb2kWHXNLWaGCuBA
63117,Schlafly Bottleworks,4.0,561,$$,63143,EpREWeEpmR8f1qLHzzF0AA
63117,Hi-Pointe Drive-In,4.0,558,$$,63117,3ovV2S7XEAOEk8hCdYKhOA
63117,Clementine's Naughty & Nice Creamery,4.5,174,$$,63105,2aZNVfzU-3672SjRHnPoOA
63117,Twin Oak Wood Fired Pizza & BBQ,4.0,314,$$,63144,wCxiDaOI0LVWdqUEWoPv_A
63117,Sauce on the Side,4.5,302,$$,63105,Fok0BLJP0OMxbbl3l6QmZA
63117,Louie,4.5,148,$$,63105,YJVXMOIKhJjQczWj9YTwrg
63117,City Coffeehouse & Crêperie,4.0,416,$$,63105,b4YPBSnqU5_L6TUz147Dow
63117,Acero,4.5,212,$$$,63143,fAh1DvXplLu66urTBWSjaQ
63117,Seoul Taco,4.0,637,$,63130,OXDo1mHlp2Io3CM6a1aB1w
63117,Kaldi's Coffee Roasting Company,4.5,219,$$,63105,qck6waU6WlXBesRKmtsWfg
63117,Half & Half,4.0,727,$$,63105,OZcl2HOUXAHuICrh5d2WjQ
63117,Foundation Grounds Coffeehouse & Cafe,4.0,232,$$,63143,VVHfqUeYyAA9FEsH-6PI2A
63117,New Day Gluten Free,4.5,93,$$,63117,qEBL7U0kW4lkptcd_4wWbg
63117,Pie Oh My!,4.5,109,$$,63143,sMTmX6yttmwIhNWxlNtNfA
63117,Seedz Cafe,4.5,186,$$,63105,PLgwTcTuOPHvJhy7nGjx0A
63117,Living Room,4.5,183,$$,63143,WY0ji9m-qAOc_6lK8h4pNw
63117,Basso,4.0,385,$$,63117,Ghn6flCdNlOchzLA29tkjQ
63117,Protzel's Delicatessen,4.5,151,$,63105,aHHK_n_wGElui6oDmRCL4A
63117,Bar Les Freres,4.5,169,$$$,63105,Pc3urwUFlzLyDP1qvsHQuA
63117,The Blue Duck,4.0,187,$$,63143,z7em5co2qckbAXoDGXynsA
63117,Corner 17,4.0,496,$$,63112,KdAWjL9MKjpJzEeI902qBA
63117,Taco Buddha,4.5,189,$$,63130,4mGnHfvwjE6P-vuKowHzCQ
63117,Boogaloo,3.5,373,$$,63143,QWENxNxNNW2jhQi2akONJA
63117,Vinnie's Italian Beef and Gyros,4.5,172,$,63139,_-XYJgVGrNMtn_S6nPm-GQ
63118,Blues City Deli,5.0,874,$,63104,_aKr7POnacW_VizRKBpCiA
63118,The Shaved Duck,4.5,1641,$$,63118,cQIh4YJlVtZI9TLF5_smOg
63118,The Mud House,4.5,923,$$,63118,FryXEasH74MQDnj5Bvz3QA
63118,Egg,4.5,566,$$,63104,0MhxvTys2ADYa3sOO91ldQ
63118,Bogart's Smokehouse,4.5,1350,$$,63104,NHb6QTrJOnyIj-Zd0fYzFg
63118,Lona's Lil Eats,4.5,555,$$,63104,HCYs4zgL7kCLdEqKRqaPbg
63118,Lulu's Local Eatery,4.5,439,$,63118,3zI7Ka2_ZsKh4UwbSFnXdw
63118,Mac's Local Eats,4.5,296,$$,63118,DzVYXX8mc5x31BbaP8c0_Q
63118,Sump Coffee,4.5,285,$$,63118,A5b9nVDi1DPVvPOD24-p6w
63118,Pho Grand Restaurant,4.0,607,$,63118,0QYWhij_YZ7Lyk9F6213Sg
63118,Peacemaker Lobster and Crab,4.0,673,$$,63104,L-VNs3YquPGKVsXl2Ze-Yg
63118,Kalbi Taco Shack,4.5,158,$,63118,T-xYMAkdNlMPCGqWAH3mwg
63118,Clementine's Naughty & Nice Creamery,4.5,503,$$,63104,fC03dk7N8XV-RzGh0UJgmA
63118,Byrd & Barrel,4.0,352,$$,63118,IzYE3fXqNgHIOFmY7nVQvA
63118,Whisk: a Sustainable Bakeshop,4.5,120,$,63118,j3E_vGw47XpiEgTr-KiJUg
63118,Tree House Vegetarian Restaurant,4.5,362,$$,63118,VNvJuCTMdGBj4lwC0L1Ghg
63118,Polite Society,4.5,521,$$,63104,aI3B47Y_AUYFP5K5JAYrlA
63118,Taqueria El Bronco,4.0,211,$,63118,gku-vC4YB5c7ZuNyLhjNbQ
63118,Benton Park Café & Coffee Bar,4.0,511,$$,63118,kpl3H_sgfTm-tH3Aa-ML7g
63118,Guerrilla Street Food,4.0,375,$,63118,A1suinq7EcpyM06JIe7iOA
63118,Teatopia,5.0,60,$,63118,L4JFBsgfLZIL9SJ5uxXgJw
63118,Meskerem Ethiopian Restaurant,4.0,319,$$,63118,myg9wV_3IgHGa-pVKVjijA
63118,SweetArt,4.5,411,$$,63110,YVy2DgGfNmG5hWYbA7k8jg
63118,Pizzeoli Wood Fired Pizza,4.5,293,$$,63104,CBWmYHLgtFrOJs7SCcQn0g
63118,Melo's Pizzeria,5.0,102,$$,63104,37dCsVwCe8yWPkW7TXCLCA
63118,The Vine Mediterranean Cafe and Market,4.0,463,$$,63118,BmKCJsV_payJ5ANqC7i85g
63118,Sidney Street Cafe,4.0,324,$$$,63104,WzpWEuVWY-6Xh37wc44GiA
63118,Frazer's Restaurant & Lounge,4.5,235,$$,63118,SJEtfe8kL60bh3D40KTRMw
63118,Fritanga,4.5,259,$$,63104,cFk2SMsJ-2cmXKLFFkP9JA
63118,Neveria La Vallesana,3.5,349,$,63118,eORwNQsgjeJGrUPnQFJ9xA
63119,Olive + Oak,4.5,586,$$$,63119,_4bhVmlvT9dvqydQG2TOMA
63119,Balkan Treat Box,5.0,159,$$,63119,sWwVGF9k30IDE4Lpa-XM8g
63119,The Clover & the Bee,4.0,243,$$,63119,Nxa362GcR1WWK2og8uJ_sQ
63119,Katie's Pizza & Pasta Osteria,4.0,591,$$,63119,C6KP0hSutumHzLDCFyjvJQ
63119,Dewey's Pizza,4.5,127,$$,63119,j3sRTkoqD_obks7IOW876w
63119,Sushi Station,4.0,222,$$,63119,wpmuB2jeDkczlmT0SNIFPA
63119,Big Sky Cafe,4.5,234,$$,63119,7qMmN_FB0JJ-8MPNfHwhsA
63119,Cyrano's,4.0,270,$$,63119,uqXYVxIwoEsFFjEHBlMZQA
63119,The Block,4.0,267,$$,63119,qhsJbgxVNDb0973r3Gjrow
63119,Robust Wine Bar,4.0,228,$$,63119,nGElMRWr0BcQKFPa4ZBMYA
63119,Mai Lee,4.0,840,$$,63144,YPTYOQO8Lg9BtHsRwYBY7g
63119,Hwy 61 Roadhouse & Kitchen,3.5,346,$$,63119,cCMYCWvvYFQbAbEY4Gnrxg
63119,Serendipity Homemade Ice Cream,4.0,169,$,63119,vRj1rgF4ZpwGt97MbcRzqg
63119,Carl's Drive In,4.0,236,$,63144,sikefl5Nj00MNQ1OUyCEcg
63119,The Frisco Barroom,3.5,216,$$,63119,RcsTutp1103SGiYtam7xRg
63119,Yummi Tummi,4.5,112,$,63143,S51xnoezpcCY8jd96_hXfQ
63119,Yolklore,4.0,205,$$,63119,6FvC6w810uf6O7Ocd6Wpog
63119,The Boardwalk Cafe,3.5,154,$,63119,JkBiCY04rSSAa7qrawqUsg
63119,Half & Half,3.5,162,$$,63119,WHLM6UhwSV0tN3CrmSgsUA
63119,Twin Oak Wood Fired Pizza & BBQ,4.0,314,$$,63144,wCxiDaOI0LVWdqUEWoPv_A
63119,Maypop Coffee & Garden Shop,5.0,31,NaN,63119,HUKrpwmcMlwPbDF5cz0VkQ
63119,Layla,4.0,83,$$,63119,khJNtyRfPwQ0ybr3tPeZ3g
63119,Porter's Fried Chicken,4.0,181,$,63143,vs0oc4GRG0bUwpTdJ_tjlw
63119,Tei Too,3.5,122,$$,63119,V7-YzHrBVY8lLHaG_kS7AQ
63119,St. Louis Wing Company,4.0,136,$$,63119,GlUp8Ls2x2vToByiAtSnYw
63119,Krab Kingz Seafood,4.5,93,$$,63119,iF2WYnjnWg0-wxEw7daBgQ
63119,Nothing Bundt Cakes,4.5,44,$$,63144,G503RdNVGztzLuBfNY4l3A
63119,Joy Luck Buffet,3.5,262,$$,63144,7glfum-JcIAjxD5fJ92Wig
63119,Kolache Factory,4.0,131,$,63144,P1rfYX62C_HD4t3TjO41BQ
63119,King Edwards Fried Chicken,4.0,123,$,63119,nkzhe-nViX6e-lBdhDLbGg
63120,Roper's Ribs,4.5,78,$$,63136,a3bZJ-XVjDLS6cs5VuEFOg
63120,Guerrilla Street Food,4.0,375,$,63118,A1suinq7EcpyM06JIe7iOA
63120,Country Girl's Pie Shop,4.0,19,$,63115,0KwD4kiiIPoTOrHXVxwTyA
63120,Imo's Pizza,2.5,55,$$,63115,ZxYFj8qagM3LYqd-SlDrgA
63120,Guerrilla Street Food,3.5,67,$,63112,Q3S_VyJ4ob-FeKZARiP4Fg
63120,Shell City Crab Shack,3.5,55,$$,63113,Yy7oNvAgFKRjl2u35HwepQ
63120,C & K Barbecue,3.0,24,$$,63121,ndrcxVKd-z_M-GiG5w8kYA
63120,AAA Fish House,5.0,5,NaN,63115,Dkd79Fc5q6Y_KXLGYFGsXA
63120,St Louis Q,4.0,14,$,63136,VV4l-yVqI2RDR0PYt6QDlA
63120,CBS Barbeque,5.0,5,$,63120,hNYgEnEfGAvHyuHuMHsWMQ
63120,Jaden's Diner,4.0,17,$,63113,8CnKudR0MeSCIQVDuVs_WQ
63120,London's Wing House,3.5,21,$,63133,CEsFAZp1pBf3sicoZa9AYw
63120,Lisa's Chop Suey,4.0,14,$,63136,mMYOD9QWfYXo1LY2RPEN7A
63120,Slice Of The Hill,4.0,19,$,63110,Nt6YIbkXIwoOj-omc9Sqgg
63120,St Louis Fish and Chicken,4.5,6,$$,63112,FTsU1vykdDcqfP1uhqG9YQ
63120,Velvet Freeze Ice Cream,4.0,11,$,63136,wdHEsSUZGjgfaFKMABXPUA
63120,Dogtown St. Patrick's Day Parade,4.0,6,NaN,63115,S0d9ilTv742E11xt5Wp2LA
63120,Yet Bun Chop Suey,4.0,4,$,63120,YgO7Rsia2ggQQ8uOGvKWTQ
63120,Mom's Kitchen,3.0,13,$$,63112,6tyCAUL8uW3zuWKmncim5A
63120,Miami Grill,4.0,4,NaN,63120,66iPAV8RfO84cC0W83RrcQ
63120,Billy Burk's Snack Shop,4.5,5,$,63113,_kMxqmHYnF1LhTvHioykQw
63120,Chop Suey Inn,4.0,5,NaN,63121,p8vM2diSgG6yaHY0belyjA
63120,The Slice STL,4.0,5,NaN,63136,Bz2ZEqsy9L_MCXM56KV2YQ
63120,Tripe City,3.0,8,NaN,63115,pYP_dZ0Gf6WNms6OZzx3Qw
63120,Destination Desserts,4.0,14,$,63146,byL9LvjgOvtzXn7mPxbPhA
63120,St Louis Fish & Chicken,3.5,3,NaN,63136,te6BFDPby1vKXVeJwuX9gw
63120,Mandarin Inn,4.5,3,$,63115,K-WNeHq2Mg3nZITLAlblAA
63120,China King,4.0,6,$,63136,PbLOYYF-qoENx6Cy2zLK7w
63120,Rally's,3.5,3,$,63120,Q1NSVwckGLJwwxq662_chA
63120,Andrew's Bayou Ribs,3.5,17,$$,63074,wUgLa3cdhlDdqUfgwZNZKw
63121,Drake's Place,4.5,79,$$,63135,2DWqlmcMV9CxzUDYhzY04Q
63121,Cathy's Kitchen,4.5,136,$$,63135,YmUVCO5-ZdSenHVKEJE1rA
63121,Breakaway Cafe,4.0,49,$,63121,mVH_1mDS53jCWsvww4IX6w
63121,Faraci Pizza,4.5,37,$$,63135,mGvrybwAiigeSAn-sTNlCQ
63121,Baked Wood-fired Pizza,4.5,23,$$,63135,RwDotPR4zBeNJKaPGUBjVg
63121,24:1 Coffee House/cafe,5.0,16,$,63133,LMeczyPxu7WZNi3HKWGoUg
63121,Cork Wine Bar,4.0,44,$$,63135,Hn5wSB6hKqKs-_fzAIocJA
63121,Montrey's Cigar Lounge,4.5,23,$$,63135,8GjqBLemPdZjHyk3-Zio7w
63121,Miami Grill,4.0,22,$,63136,uMjfvnKnxdgrjHym-JKRYQ
63121,Gypsy Caravan,5.0,6,$$,63121,IKNzIuxHAfj1UGyvvzOENA
63121,Smokehouse BBQ,4.5,20,$,63133,q2KDB3Yiq0y4H-5dcQj7tQ
63121,Marley's Bar & Grill,4.0,31,$,63135,ytKmelXAM4uqR2dtQX8n8A
63121,Vincenzo's,4.0,36,$$,63135,INGFx5d5dnmhw0wfkDqx2g
63121,Ba-Da-Bing BBQ,4.5,14,$,63133,lMP6nTVHwLv15Nvzs1SDjA
63121,Chinese Express,4.0,13,$,63135,QEF6usO04AtvrazPhLX_sw
63121,Lee's Famous Recipe Chicken,4.0,6,$$$$,63121,uZLV2aXSgwtHXZkd2HE9pA
63121,Fried Rice Kitchen,5.0,6,$,63133,iEtmEkeEjxRTjQa8q08RdA
63121,Northland Chop Suey Chinese Restaurant,5.0,8,$,63136,31_JqV2ZinZ7Uo4DKiKFEQ
63121,C & K Barbecue,3.0,24,$$,63121,ndrcxVKd-z_M-GiG5w8kYA
63121,Chop Suey Inn,4.0,5,NaN,63121,p8vM2diSgG6yaHY0belyjA
63121,Year of the Dragon,3.5,7,$,63121,mNYiaagB7eaz5Ld0NkTdaQ
63121,Velvet Freeze Ice Cream,4.0,11,$,63136,wdHEsSUZGjgfaFKMABXPUA
63121,Glen Echo Country Club,4.0,5,NaN,63121,9Y8K4hiEX3YmgTle6U-YUA
63121,Red's The One And Only BBQ,4.0,13,$,63135,92KvPIcfrxpf_0gGUpnC6g
63121,London's Wing House,3.5,21,$,63133,CEsFAZp1pBf3sicoZa9AYw
63121,Oriental Chop Suey,3.0,6,$$,63121,-fciE0b98A43i04VIEDlgw
63121,CBS Barbeque,5.0,5,$,63120,hNYgEnEfGAvHyuHuMHsWMQ
63121,Snax,4.5,3,NaN,63133,_5go4iW9o0F8TSSHcYvpjA
63121,OmTurtleYoga & Cafe,5.0,4,NaN,63135,AGxZAzfxI-QXPLaHVd9flQ
63121,Einstein Bros Bagels,4.5,3,$$,63121,vl1kibN019pO98Mo6njPMA
63122,Nathaniel Reid Bakery,5.0,343,$,63122,IO3apWfFnKPO2XRFmGfTEw
63122,Dewey's Pizza,4.5,269,$$,63122,NgMJ4gseQr-CxZt01eDIBA
63122,The Magic House,4.5,170,NaN,63122,Ddu6G10ZA6OdkU6z3Hz-2w
63122,Billy G's Kirkwood,4.0,405,$$,63122,wQ9qT09OlsoMXEtGHqX0vA
63122,Citizen Kane's Steak House,4.0,186,$$$,63122,i73KneB_vmOBaBW8JjIoNg
63122,Spencer's Grill,4.0,136,$,63122,b2FwlYZiMKEB95fFhLEqWw
63122,One 19 North Tapas and Wine Bar,4.0,158,$$,63122,1HRAmY7rTMKaY9-rNrppzg
63122,Twisted Tree,4.5,325,$$$,63127,gBGD0dNvfLlQOAaZzCU1NQ
63122,Andy's Frozen Custard,4.5,66,$,63122,cf5vLyeHZ8EZzxD4SkUjVw
63122,Peppe's Apt 2,4.5,133,$$$,63122,RSjWctdGtsatc6NwQxg_mw
63122,Kaldi's Coffeehouse,4.0,124,$,63122,dXtKhR0cORwZMW4GuFxwdg
63122,Club Taco,4.0,187,$$,63122,ee-2Z5tuo9bUbe9ZDgNgbQ
63122,Symbowl - Kirkwood,4.0,224,$$,63122,bdoSOSj1LPSAlNoKezVdLQ
63122,Amigos Cantina,3.5,217,$$,63122,jOUSxBXomtgJQbrapKU3SA
63122,Cafe Provencal,4.0,99,$$$,63122,62pABDhLkUPAcNgxum_mpw
63122,First Watch,4.0,104,$$,63122,Jmlqb5UYfygtUXugrpywjg
63122,Crushed Red,3.5,116,$$,63122,_Y96y5CFgJaG4I-HEgylhg
63122,Great Harvest Bread Company,4.5,40,$,63122,IU8Ehms54P1_NV-9uMBSyA
63122,The Barn,4.0,277,$$,63126,-q4YqKsWJY6NtkQdnNeL1Q
63122,MOD Pizza,4.5,60,$$,63122,2zscMai3s2qePfovwetPcg
63122,Vitale's Deli,5.0,42,$,63122,JmD-3ceuZ7Alieh1LB_nDA
63122,The Greek Kitchen,4.0,61,$$,63122,S9ufIJaPSq-Y5bRidcaDWg
63122,Laumeier Sculpture Park,4.5,103,NaN,63127,aUZys3AlGeiiQSIGHCggGg
63122,612 Kitchen & Cocktails,4.0,113,$$,63122,BWh8oUADBbFTefhBZg5trw
63122,Bar Louie,3.0,220,$$,63122,x2sLTY57QFvlfmt55mq3sg
63122,Comet Croissanterie and Creamery,4.5,31,$,63122,6oeFoOXBcembgDTExuYYww
63122,Custard Station,4.0,46,$,63122,lj--ezYgqdGv_0YF5Gf84A
63122,Kirkwood Brewhouse,4.0,115,$$,63122,HP5nQhKlKUW4WMg-lieQRg
63122,Smallcakes,4.0,42,$,63122,VXR10qr90p0hTK0cmGWZhA
63122,The Daily Bread Bakery & Cafe,4.0,97,$,63131,-bGw8ARHQucKWEHEkxpGFw
63123,Sushi Hana,4.5,93,$$,63123,faReoVCPuY0XUE3CSIVsAg
63123,Breakfast and Burgers,4.0,143,$,63123,ZNZcptwIHne1PDcHaMbA-A
63123,Federhofer's Bakery,4.5,53,$,63123,Nt1_8k5BJDE03jRs23YXsA
63123,Bommarito's Pizzeria,4.0,59,$$,63123,iDL_412a-SHChFoCDE4R9Q
63123,Krab Kingz Seafood,4.5,93,$$,63119,iF2WYnjnWg0-wxEw7daBgQ
63123,Affton Diner,3.5,66,$,63123,fBO0Cb-tbx5fvaWsp4sKtw
63123,The Clubhouse,4.5,21,$,63123,e4PSH9i63Tg7AVBhfli5FQ
63123,SharpShooter Pit and Grill,4.5,43,$$,63123,duaBfE0uvFBgKeeQnhXkWw
63123,Sam's Steakhouse,3.5,125,$$$,63123,OiEsbS3bLm1gXK7k9kBu1Q
63123,Fuzzy's Taco Shop,3.0,290,$,63119,IdIOZSbnLRcN1dG5PDXDeA
63123,Thai Orchid Restaurant,4.5,76,$,63125,i943AcReAf5-1OjVOZdPSg
63123,Syberg's Gravois,3.5,115,$$,63123,a5KwXU9ddmlY-PtZSkp-cw
63123,Fortel's Pizza Den,3.5,86,$$,63123,BtTVHiY1AH5iHzTlx5HqZw
63123,Ulysses S. Grant National Historic Site,4.5,27,NaN,63123,HDRXhkwl7s9x0e7vO5bXBg
63123,Las Fuentes,3.5,73,$$,63123,CCgn9tqrqojxs6knwwANMw
63123,Grant's Trail,4.5,20,NaN,63123,Kckd4rK3LP6bSKoMIuWwIw
63123,Bartolino's South,4.0,93,$$,63123,NBQ3cohPneJe1I40O9QGuw
63123,The Pasta House,3.5,44,$$,63123,cXEx8dhmoFZcsJjXS2lLuQ
63123,Francis Park,4.5,32,NaN,63109,RJu855uVd3DzmSlyb8Vc6A
63123,Sedara Sweets & Ice Cream,4.0,25,$,63123,UleHqBmIEjXdYMZzSFRLAg
63123,Berix Restaurant,4.0,80,$,63125,sece3MulAu81rJORM3qXQQ
63123,Uncle Leo's Pizza,4.5,41,$$,63123,6uDjRpAfvKIEWuI1auLpkg
63123,Happy Joe's Pizza & Ice Cream Parlor,3.5,56,$,63119,AK_QY3p8IwFQVoam6XVCvQ
63123,El Maguey,3.5,91,$,63119,rtJv8aLpoTiQPkPSGwclWg
63123,Courtesy Diner,3.0,68,$,63123,REJIo5tSCx85ed7ReVHElw
63123,Campbell House Museum,5.0,32,NaN,63103,-LgWuUKKPhwp0wr6qJ0DAA
63123,Dingho,3.5,35,$,63119,UtfRoSHPShDwNBc1lLlZbw
63123,A Taste of China,3.5,20,$,63123,SEMZDefzxY3v4SUYdaa0XQ
63123,Social Bar & Grill,3.5,43,$$,63125,0q27L4aOGuXyQ1Eo-IOY0Q
63123,Biser Euro Market & Grill,4.5,15,$,63125,uRd7FZswDJ17-G-xQACLmw
63124,Sugarfire Smoke House,4.5,1467,$$,63132,vWjME92WddneF98IqzaNfQ
63124,Truffles,4.5,130,$$$,63124,33l2XVp01d8kltTs_UMJ8A
63124,The Original Pancake House,4.0,284,$$,63124,3XXt0s_SDC9SyFTiIPNSgA
63124,Tai Ke,4.5,246,$$,63132,EF_9W5s9lFSjv4forNxwng
63124,Katie's Pizza & Pasta Osteria,4.0,591,$$,63119,C6KP0hSutumHzLDCFyjvJQ
63124,La Pizza,4.5,245,$,63130,BeWw8cFF1maJLbgCeHACjw
63124,House Of India,4.0,275,$$,63124,Yz4BD3vf8-d14j2T2FgYxA
63124,Jilly's Cupcake Bar & Cafe,3.5,435,$$,63124,AtQLrRpQan7UtJcIAo9hsA
63124,Companion Ladue Cafe,4.0,146,$$,63124,cN8F-BmoHoS9eCqIHMtlHA
63124,Kreis Restaurant,4.0,195,$$$,63131,QsxDgLLRXaneBe5DelFpOw
63124,Dao Tien,4.0,190,$,63132,NYcXibc_RzSI7wgGbidi8w
63124,Lester's Restaurants,3.5,152,$$,63124,EmN6j5PKKUL7DkXnM267aQ
63124,Sportsman's Park Restaurant,4.0,77,$$,63124,kdG6HXfXPk6YKZ6lkURaEg
63124,MOD Pizza,4.0,72,$,63124,zfI3LZEvJigcoLYmvOa_Dg
63124,Olivette Diner,4.0,139,$,63132,xmyyCbcUhXaiYqzejO0Sgg
63124,Carl's Drive In,4.0,236,$,63144,sikefl5Nj00MNQ1OUyCEcg
63124,De Palm Tree,4.0,151,$$,63132,ZRSVqYaoo3VMvthb2QEJmw
63124,Weber Grill Restaurant,3.5,259,$$,63117,GYnRaQbuxhUA6R4h1WyJ9A
63124,Frank Papa's Ristorante,4.5,86,$$,63144,l9vdM2DtlJo3EYpxgW-efQ
63124,Fallon's Bar & Grill,4.0,125,$$,63132,lOZxgiTD0KBCaECdL1eWHA
63124,Share Sweet,4.5,41,$,63132,QnKuifVndllMMQzrYqGFCA
63124,Giovanni's Kitchen,4.0,73,$$,63124,bnyT03UR23AWNGN9EJFrAQ
63124,I Love Mr Sushi,4.0,125,$$,63132,oeGv2lfbSMfwZ0x7jvOQdQ
63124,Pho Long,3.5,233,$,63132,aDm4JESclYP_L2tY_sqaDA
63124,Nobu's Japanese Restaurant,4.0,138,$$,63132,q5dSzxE6grwCzu23_PlesA
63124,Asian Kitchen Korean Cuisine,3.5,172,$$,63132,jPewcmlW0MSV5TezEllWtw
63124,Deer Creek Coffee,3.5,61,$$,63124,3H_MN2ecWlBLsUBWrjs8xA
63124,Nothing Bundt Cakes,4.5,44,$$,63144,G503RdNVGztzLuBfNY4l3A
63124,Kolache Factory,4.0,131,$,63144,P1rfYX62C_HD4t3TjO41BQ
63124,Nachomamas Tex-Mex,3.5,253,$,63105,xSn2d1RTvK7e4KM0bI2NLg
63125,Stacked STL,4.5,570,$$,63111,BOjpe0u5u_cm9SWMS2KLFg
63125,Kabul Express STL,5.0,77,$,63125,6EKawoqscJ0IYNjtfpd0_w
63125,Cafe Telegraph,4.0,200,$$,63125,4EbwDR58_1Lm54Oru_Dfxw
63125,Thai Orchid Restaurant,4.5,76,$,63125,i943AcReAf5-1OjVOZdPSg
63125,Sushi Hana,4.5,93,$$,63123,faReoVCPuY0XUE3CSIVsAg
63125,Berix Restaurant,4.0,80,$,63125,sece3MulAu81rJORM3qXQQ
63125,Jefferson Barracks Park,4.5,17,$,63125,1XsoLhxLB7-iyxaLpoEmUg
63125,Mama Mel's Pizzeria,4.0,32,$,63125,PuCdocg7eh_IwSqhip_qUQ
63125,Missouri Civil War Museum,4.5,26,NaN,63125,PR3McPX213ccnC_Sr4-sug
63125,Cibare Italian Kitchen,4.0,47,$$,63125,r1n7prN3Q2XQ9oPYstyr_Q
63125,Grant's Trail,4.5,20,NaN,63123,Kckd4rK3LP6bSKoMIuWwIw
63125,Kitchen House Coffee,4.5,31,$$,63111,RVD0t9-pUTbcypj45FBsNg
63125,Fergie's Bar & Restaurant,4.0,26,$,63125,HTR4v_7fnu6PyaQ1c6UEFw
63125,Federhofer's Bakery,4.5,53,$,63123,Nt1_8k5BJDE03jRs23YXsA
63125,Monte Bello Pizzeria,4.0,62,$,63125,9KatEMj8pRNPCMVi5U2Vdg
63125,SharpShooter Pit and Grill,4.5,43,$$,63123,duaBfE0uvFBgKeeQnhXkWw
63125,Bommarito's Pizzeria,4.0,59,$$,63123,iDL_412a-SHChFoCDE4R9Q
63125,River Des Peres Yacht Club,4.5,38,$,63111,7m9QY137WtxvdhgSUdetaw
63125,Biser Euro Market & Grill,4.5,15,$,63125,uRd7FZswDJ17-G-xQACLmw
63125,McArthur's Bakery Cafe,3.5,66,$$,63125,y-XX_c8EVK4m3oQda42Y3A
63125,Donut House,4.5,21,$,63123,8JoO_AUqcqjwHiMrRvaGIg
63125,The Beerhouse,3.0,51,$$,63125,hJkkXDmu6woTWD300bw09w
63125,Social Bar & Grill,3.5,43,$$,63125,0q27L4aOGuXyQ1Eo-IOY0Q
63125,Jefferson Barracks Telephone Museum,5.0,7,NaN,63125,W4D0I8XjN1aC3wiT0JkKjA
63125,Sno-Biz,4.5,11,$,63125,l7_TZBVibyGouWfx4oUU1A
63125,Cusanellis,3.0,61,$$,63125,Iy_TKazJDFzKziuGedhz1w
63125,1904 Steakhouse,3.5,38,$$$,63125,hW8A28dCywtE-HcLNEtjow
63125,China Wok,3.5,29,$,63123,SwPoeln3QS9H9cVjHXVoQg
63125,China King,3.5,54,$,63111,1E21KhW87jqQGuzYSxG_xQ
63125,Doughboy's Wood Fired Pizza,5.0,9,NaN,63111,2uFcjosOQo295aK5xgXLsg
63126,Z E N Thai & Japanese Cuisine,4.0,192,$$,63126,DkePId_VZgMx7skQ7aqMGw
63126,The Barn,4.0,277,$$,63126,-q4YqKsWJY6NtkQdnNeL1Q
63126,Grant's Farm,4.5,184,NaN,63123,wE-U4wEFIOt3YRBdhgBkfw
63126,Yolklore,4.0,205,$$,63119,6FvC6w810uf6O7Ocd6Wpog
63126,The Magic House,4.5,170,NaN,63122,Ddu6G10ZA6OdkU6z3Hz-2w
63126,Dewey's Pizza,4.5,269,$$,63122,NgMJ4gseQr-CxZt01eDIBA
63126,King Edwards Fried Chicken,4.0,123,$,63119,nkzhe-nViX6e-lBdhDLbGg
63126,Trattoria Toscana,4.0,116,$$,63126,VioQ-O-wJYgrW1fta5nhug
63126,El Agave,4.0,93,$$,63126,yxQGDJl2t0qrnVV4MO4f0w
63126,Mellow Mushroom,3.5,285,$$,63127,oiD4N-h7GotnsiXEa4Er5g
63126,Roberto's Trattoria & Chophouse,4.5,130,$$,63128,nfDNbJ3eWwudtQCyp2EpSw
63126,San Jose Mexican Restaurant,3.5,113,$$,63126,3M2zIKwVz2J63SlNiirgVA
63126,Citizen Kane's Steak House,4.0,186,$$$,63122,i73KneB_vmOBaBW8JjIoNg
63126,Billy G's Kirkwood,4.0,405,$$,63122,wQ9qT09OlsoMXEtGHqX0vA
63126,Tokyo Sushi,4.0,108,$$,63127,vdR9dCBu7snPWHnWVV8XxA
63126,Sesame Chinese Restaurant,4.0,122,$$,63127,wVykyNJZPyMqxCBpesXRZQ
63126,Spencer's Grill,4.0,136,$,63122,b2FwlYZiMKEB95fFhLEqWw
63126,Andy's Frozen Custard,4.5,66,$,63122,cf5vLyeHZ8EZzxD4SkUjVw
63126,Three Kings Public House,4.0,127,$$,63126,6Gx45ltNNZvjzVBO6ZgVOg
63126,Soco's Gyros,4.0,112,$,63123,lB6jIOb1UBATmdfot4KJew
63126,Kaldi's Coffeehouse,4.0,124,$,63122,dXtKhR0cORwZMW4GuFxwdg
63126,First Watch,4.0,104,$$,63122,Jmlqb5UYfygtUXugrpywjg
63126,One 19 North Tapas and Wine Bar,4.0,158,$$,63122,1HRAmY7rTMKaY9-rNrppzg
63126,Liliana's Italian Kitchen,4.5,87,$$,63128,j45LjJpnaRyml9Jg0wEtCA
63126,Cafe Provencal,4.0,99,$$$,63122,62pABDhLkUPAcNgxum_mpw
63126,Texas Roadhouse,3.5,98,$$,63122,40ovn6SAc5c7v84bRzpB2Q
63126,Joey Bs,3.5,174,$$,63128,h07Yfix2ynwn9fJ3proGXQ
63126,Club Taco,4.0,187,$$,63122,ee-2Z5tuo9bUbe9ZDgNgbQ
63126,Ulysses S. Grant National Historic Site,4.5,27,NaN,63123,HDRXhkwl7s9x0e7vO5bXBg
63126,Blues Fired Pizza,4.5,43,$,63122,n_UrYjNafyzDCRcwiugnJA
63127,Twisted Tree,4.5,325,$$$,63127,gBGD0dNvfLlQOAaZzCU1NQ
63127,Laumeier Sculpture Park,4.5,103,NaN,63127,aUZys3AlGeiiQSIGHCggGg
63127,Mellow Mushroom,3.5,285,$$,63127,oiD4N-h7GotnsiXEa4Er5g
63127,Pad Thai,4.5,254,$$,63128,Mgaxy0pJAlhAjdNivhu82A
63127,Tokyo Sushi,4.0,108,$$,63127,vdR9dCBu7snPWHnWVV8XxA
63127,Trattoria Toscana,4.0,116,$$,63126,VioQ-O-wJYgrW1fta5nhug
63127,The Magic House,4.5,170,NaN,63122,Ddu6G10ZA6OdkU6z3Hz-2w
63127,The Barn,4.0,277,$$,63126,-q4YqKsWJY6NtkQdnNeL1Q
63127,Z E N Thai & Japanese Cuisine,4.0,192,$$,63126,DkePId_VZgMx7skQ7aqMGw
63127,Peppe's Apt 2,4.5,133,$$$,63122,RSjWctdGtsatc6NwQxg_mw
63127,Sesame Chinese Restaurant,4.0,122,$$,63127,wVykyNJZPyMqxCBpesXRZQ
63127,Citizen Kane's Steak House,4.0,186,$$$,63122,i73KneB_vmOBaBW8JjIoNg
63127,El Agave,4.0,93,$$,63126,yxQGDJl2t0qrnVV4MO4f0w
63127,Jason's Deli,4.0,67,$,63122,SozL05URoilikZaXJWmjDw
63127,Texas Roadhouse,3.5,98,$$,63122,40ovn6SAc5c7v84bRzpB2Q
63127,Chick-fil-A,4.0,35,$,63127,IzzPfs4k3HYGKjTfkZdzsw
63127,First Watch,4.0,104,$$,63122,Jmlqb5UYfygtUXugrpywjg
63127,Helen Fitzgeralds,3.0,129,$$,63127,lNTXXh_vrIt705lqDlDp5A
63127,Cafe Provencal,4.0,99,$$$,63122,62pABDhLkUPAcNgxum_mpw
63127,Blues Fired Pizza,4.5,43,$,63122,n_UrYjNafyzDCRcwiugnJA
63127,Walnut Grill - Sunset Hills,3.0,144,$$,63127,5EpFbQKQEnTEPIdZkQDQiw
63127,San Jose Mexican Restaurant,3.5,113,$$,63126,3M2zIKwVz2J63SlNiirgVA
63127,Fuddruckers,3.5,72,$$,63127,c_cfKwpJz5GuPaNgBbFaIA
63127,Rich and Charlie's,3.5,79,$$,63126,GTO6Nyh9oZDDSySDG4ogNg
63127,Honey Pit,3.5,106,$,63122,eFXXx43yxvDJ0E9Jg-QP2g
63127,Powder Valley Conservation Nature Center,4.0,35,NaN,63122,NF0dnn4M7gJse_gAKhaqFg
63127,Five Guys,3.5,64,$$,63127,Gk_AGnkuSaOlYd6tzsVSqQ
63127,66 Cigar,5.0,7,$$,63127,gJwkEWX0b0vxIKQX0_vbrw
63127,Bandana's Bar-B-Q,3.5,36,$$,63127,KTO-BW4qbXF3VGpEo3-sMw
63127,LongHorn Steakhouse,3.0,71,$$,63127,lR_ka9JYYUpL3se5WnLs1w
63128,Pad Thai,4.5,254,$$,63128,Mgaxy0pJAlhAjdNivhu82A
63128,Roberto's Trattoria & Chophouse,4.5,130,$$,63128,nfDNbJ3eWwudtQCyp2EpSw
63128,Liliana's Italian Kitchen,4.5,87,$$,63128,j45LjJpnaRyml9Jg0wEtCA
63128,Soco's Gyros,4.0,112,$,63123,lB6jIOb1UBATmdfot4KJew
63128,Double D's Pizzeria,4.0,64,$$,63128,EAIFPr1cHc9lWh_vVPvORw
63128,The Gyro Company - South County,4.5,90,$,63129,we1YC8nDW9V1H-BL_XMaRQ
63128,Feraros Jersey Style Pizza,4.0,83,$,63128,fjBjgnxn51VW04F7wgBK2g
63128,Joey Bs,3.5,174,$$,63128,h07Yfix2ynwn9fJ3proGXQ
63128,Trattoria Toscana,4.0,116,$$,63126,VioQ-O-wJYgrW1fta5nhug
63128,Three Kings Public House,4.0,127,$$,63126,6Gx45ltNNZvjzVBO6ZgVOg
63128,P'sghetti's Pasta & Sandwiches,4.0,80,$,63123,24_GowpZ79St53rpxsKqsQ
63128,The Concord Grill,3.5,139,$$,63123,ujGvu5TdENPnAsarAw2x6w
63128,Bartolino's South,4.0,93,$$,63123,NBQ3cohPneJe1I40O9QGuw
63128,Starbucks,4.0,24,$$,63128,Q1jnPDnpmUc6U6U_-wbgAw
63128,Hunan Royal,4.0,33,$,63128,QT3kpKdyFrUFD7vuQWXbHQ
63128,Panda Chinese Restaurant,4.5,36,$,63128,ul03kWvQ22EadE7eq2hO_g
63128,Dave's Diner,4.0,39,$,63123,tjvuAPVe8buQCDvtOsy3CA
63128,Uncle Leo's Pizza,4.5,41,$$,63123,6uDjRpAfvKIEWuI1auLpkg
63128,54th Street Grill & Bar,3.5,125,$$,63126,DfYamqDQNS1RnzeWjOcGPg
63128,Chevys Fresh Mex,3.0,71,$$,63128,svjY1yrQwzPht7iwXaTFTg
63128,Liu Shun Wok,4.5,27,$,63128,08kBMcufQMg-Dc9IouWIYQ
63128,Crazy Bowls & Wraps,3.5,29,$,63128,3H_zLDV1qObFzFEzBet9ng
63128,Fitz's SoCo,3.5,86,$$,63126,eQlMjyOsirwFCH8CiaKrjw
63128,Dulany's Grille and Pub,3.5,50,$$,63128,lYOCnSPLrnpxlKtv0J09bA
63128,Suson Park,4.5,22,NaN,63128,tdSfBcMiPzEG1MFBDmPW8A
63128,Frailey's Southtown,3.0,64,$$,63128,mqpXIXRuaWdKhWmeNRCh9Q
63128,Drunken Noodles Taste Of Thai,4.0,97,$$,63129,koU-NJTb-CSoCK-UI1uCjQ
63128,Waffle House,4.0,24,$,63128,iE21TJSy9bT_tisBFHS_Ng
63128,Outback Steakhouse,3.5,98,$$,63126,3LSYzek9a1Xho8uPEFe29w
63128,Firehouse Subs,4.0,16,$,63128,ZIx2nJpkZCNTmx5_EqdroA
63129,Cellar House,4.5,40,$$,63129,5dKDUPQaC7aMxqzMUsKXIg
63129,First Watch,4.0,70,$$,63129,GTXSk8QyD7N1Un-tzgPw4g
63129,Zito Deli,5.0,44,$,63125,uEPuXaBX0n37vmrYAe9kwQ
63129,Frankie Gs Grill & Bar,3.5,82,$$,63129,6JekbYlD5cGNBEEhZRHKAQ
63129,Sushi Sake,4.0,132,$$,63129,ZTh7O_meLI31wi1gA_nk8Q
63129,Oberweis Ice Cream and Dairy Store,4.0,30,$$,63129,UugJ2WQFoV-rNFqZ4QyrHg
63129,Hunan Peking,4.0,40,$,63129,96W0AFA2zNXf7WIpMyT6_g
63129,Garvey's Grill,3.5,57,$$,63129,1EdfURQCj75UbcLPh9rdSw
63129,Oakville  Sports Pub,4.5,33,$,63129,xlzYL_Dwm7RdQzhC0FQgkw
63129,Lemay Wok,4.0,71,$,63129,bPsfG2mW_21Z03sbEKwUXQ
63129,Bill Gianino's Restaurant,3.5,61,$$,63129,B1L6-hN63I1S_cAijI5Otg
63129,Las Fuentes Mexican Restaurant,3.5,61,$$,63129,JQXKCQPIeoxzy6x119X6mQ
63129,Papa Murphy's,4.5,14,$$,63129,7jAhxpERKakOQsxepweZsA
63129,Pretzel Pretzel,4.0,34,$,63129,cQUNfooF0poRMkqAx6Dkdw
63129,Pieology Pizzeria,4.0,85,$,63129,C0uRhn7nnHBATrwsCJ10Lw
63129,OSP Tap Haus,4.0,46,$$,63129,TzNd_rW2-ckIjtKnVX88kQ
63129,China Garden,4.0,24,NaN,63129,XjzFw6VRgs9zeHmgqaHIlw
63129,China King,4.0,16,$,63129,gxTeWM7MLX2vF2vJDGhz9A
63129,Rich & Charlie's,3.5,65,$$,63129,3f6HTECaJK4vQr4VSU1xsQ
63129,Icing Cafe,4.0,13,$$,63129,S0UPup0pLE9knjrwc-kAdw
63129,Rizzo's Italian Restaurant,3.5,76,$$,63129,Nk4ed0CzUUgrTa59YRWkkg
63129,Blarney Stone Sports Bar & Grill,3.0,54,$,63129,nI0pvN5S_4nloj5KYtnFnQ
63129,Oakville Bistro,3.0,37,$$,63129,SsLpA8PaS7CUidE5o6VoEg
63129,Perk It Up,4.5,12,$,63129,WDaJ3F7PmH6yoLxlNih1Hw
63129,La Fiesta Mexican Resturant,3.5,50,$,63125,t2NJiSKdFhojJp-7E68zFw
63129,Rich's Frozen Custard,4.0,17,$,63129,Bb4g1Kf1FoDe4sLjumh31A
63129,China Wok,4.0,14,NaN,63129,6XOn1p3sbO22UjJGpmCgxg
63129,Firehouse Subs,4.0,8,$,63129,iEZLW_n-dsDaHJ1GMoDe_A
63129,Sno-Biz,4.5,11,$,63125,l7_TZBVibyGouWfx4oUU1A
63129,Chick-fil-A,4.0,20,$,63129,0Sm2vdDInZoTnWLYyRM46Q
63130,Salt + Smoke,4.5,1439,$$,63130,R8t9g5nvi7VFyS8zsgmj8Q
63130,Seoul Taco,4.0,637,$,63130,OXDo1mHlp2Io3CM6a1aB1w
63130,Pastaria,4.0,852,$$,63105,YSgcojsb2kWHXNLWaGCuBA
63130,Mission Taco Joint,4.0,952,$$,63130,HKS-63JzfR0DMNVLBuokYw
63130,Corner 17,4.0,496,$$,63112,KdAWjL9MKjpJzEeI902qBA
63130,Taco Buddha,4.5,189,$$,63130,4mGnHfvwjE6P-vuKowHzCQ
63130,Sauce on the Side,4.5,302,$$,63105,Fok0BLJP0OMxbbl3l6QmZA
63130,City Coffeehouse & Crêperie,4.0,416,$$,63105,b4YPBSnqU5_L6TUz147Dow
63130,Half & Half,4.0,727,$$,63105,OZcl2HOUXAHuICrh5d2WjQ
63130,Mi Ranchito,4.0,339,$$,63130,Uy0r4bzRmY5LFtDfzNgkag
63130,Pi Pizzeria - Delmar Loop,4.0,605,$$,63112,MaYb7qMN6BomP1zQGj3Wjg
63130,Three Kings Public House,4.0,481,$$,63130,O_0H42Bw8hBduWSADPG8ng
63130,Blueprint Coffee,4.5,316,$$,63130,hv-rci0u6KR75ALB_70dHw
63130,Dewey's Pizza,4.5,210,$$,63130,Tq5jFk_BMSJG8-flqj5Bgw
63130,I Fratellini,4.5,208,$$$,63105,TXg82zeFo2MpX5BzZXpJUg
63130,Ranoush,4.0,328,$$,63130,N_7nJa49ueh_0vPDRP3Jew
63130,Fitz's,3.5,622,$$,63130,-kHHi8y4kaTI6WUVdJSdvQ
63130,Frida's,4.0,218,$$,63130,Jpp41f0uoOMTnQQSAfKDkg
63130,Cate Zone Chinese Cafe,4.5,197,$$,63130,S87d-VjLFY8ZMoj6MUo_tg
63130,5 Star Burgers,4.0,374,$$,63105,oC91lprbbfzw7DOYiYln7Q
63130,The Crossing,4.5,183,$$$,63105,73ZXjIfdHJs59XOzKHQ45g
63130,801 Chophouse - St Louis,4.0,256,$$$$,63105,XvjJflV_0I1CS0_dckuV-A
63130,Sardella,4.0,196,$$$,63105,v4S374WpOOhojqpto-AaAA
63130,La Pizza,4.5,245,$,63130,BeWw8cFF1maJLbgCeHACjw
63130,The Original Pancake House,4.0,284,$$,63124,3XXt0s_SDC9SyFTiIPNSgA
63130,Saint Louis Art Museum,4.5,220,NaN,63110,60xFUHDmopm4FRzK6bPRTw
63130,Fork & Stix,4.0,311,$$,63112,ANTj0UD-OS7Zod3mulUg6w
63130,U-City Grill,4.0,181,$,63130,-hto0uJjh8KFQZGc9ZAcuQ
63130,The BAO,4.0,153,$$,63105,x8AQIEjSqsW0z4vRyBetbw
63130,Louie's Wine Dive & Clayton Kitchen,4.0,220,$$,63105,I8cL6l-Yu3CyHPXlFmOhtQ
63131,Nathaniel Reid Bakery,5.0,343,$,63122,IO3apWfFnKPO2XRFmGfTEw
63131,J Gilbert's Wood-Fired Steaks & Seafood St Louis,4.0,215,$$$,63131,IZv79jZv6el1sBHrG7426g
63131,Symbowl - Kirkwood,4.0,224,$$,63122,bdoSOSj1LPSAlNoKezVdLQ
63131,Circle 7 Ranch,4.0,143,$$,63131,Mbkt43sUBsvXRxmrJrZFhQ
63131,Chick-fil-A,4.5,64,$,63131,qWzBt1r0P_FjiinIAGFtoA
63131,The Daily Bread Bakery & Cafe,4.0,97,$,63131,-bGw8ARHQucKWEHEkxpGFw
63131,Pretzel Boys,4.5,61,$,63131,Ff8fi7exgp62yzmAIkV6Ow
63131,Three Kings Public House,3.5,179,$$,63131,MSwNC4HmQmv2Hh8WYn2XqA
63131,Wan Fu Chinese Restaurant,4.0,73,$,63131,BqGhcuQhvWaTWj1sMA7qkQ
63131,YEE: Breakfast for Dinner @ Sunny Street Cafe,5.0,23,NaN,63131,FZjzYSqLWSB1kdGw2qxp9A
63131,BrickTop's,3.5,218,$$,63131,d3dw3YihB3WuU1Sb_i74-w
63131,The Village Bar,3.5,116,$,63131,CueuRgYurL6IBGybuvQN6w
63131,Billy G's Kirkwood,4.0,405,$$,63122,wQ9qT09OlsoMXEtGHqX0vA
63131,BRAVO! Cucina Italiana,3.5,147,$$,63131,bW3Z2Qp2rIIfZwBVP3j4Ng
63131,Circa STL,4.0,115,$$,63131,LhtzbTj2QSuNUXFszSKD8w
63131,Cafe Bistro,4.5,31,$$,63131,SATUtY_PGhTicpMwDF8nMg
63131,Sugo's Spaghetteria,3.5,180,$$,63131,FD5pfqrsH6bdodCkV-YI1g
63131,Des Peres Park,4.5,22,NaN,63131,G374erxXpE7ArbxJ4kUnSA
63131,Assumption Greek Orthodox Church Luncheons,4.5,23,$,63131,N_6fTIcweG5Cq0UUw0_0GQ
63131,The Egg & I,3.5,91,$$,63131,7qqlNBz6x6tiwoj0KhycwA
63131,Which Wich,4.0,44,$,63131,1elddy31XiqFPVrvvd9QiQ
63131,Rosalita's Cantina,3.0,326,$$,63131,Sz3sBE4sb4gambo5LDgjPA
63131,Raising Cane's Chicken Fingers,3.5,76,$,63131,EnLLksrGdqMgOOAu9rNtJg
63131,Kar'is Surf and Sirloin,4.0,59,$$$,63131,VH3489ZLB_7Q5KOs-6daew
63131,Grassi's Ristorante & Deli,4.0,65,$,63131,noOgqxlc1eBRduRd_DlCxg
63131,Jersey Mike's Subs,4.0,26,$,63131,f4n75m71tbpnD7JlhbADvg
63131,Red Robin Gourmet Burgers and Brews,3.0,98,$$,63131,9xywJ1otUCj1kjiUGHSJCg
63131,Chef Hsu's Hunan Star,3.5,64,$$,63131,ETsopXa5Sk_pvfy3-grE9g
63131,California Pizza Kitchen at West County,3.5,62,$$,63131,SEWYaGpr7XxcLSQFYSV3iQ
63131,Rib City,3.5,47,$$,63131,fqjyT54A1Dw27-ua8ZqiPg
63132,Sugarfire Smoke House,4.5,1467,$$,63132,vWjME92WddneF98IqzaNfQ
63132,Tai Ke,4.5,246,$$,63132,EF_9W5s9lFSjv4forNxwng
63132,Haveli Indian Restaurant,4.0,303,$$,63132,tMMk972zper40EfQo8v0sg
63132,Cate Zone Chinese Cafe,4.5,197,$$,63130,S87d-VjLFY8ZMoj6MUo_tg
63132,Sides Of Seoul,5.0,75,$,63132,tc3g7TdhTgGqI8D8Rj_10w
63132,Dao Tien,4.0,190,$,63132,NYcXibc_RzSI7wgGbidi8w
63132,La Pizza,4.5,245,$,63130,BeWw8cFF1maJLbgCeHACjw
63132,I Love Mr Sushi,4.0,125,$$,63132,oeGv2lfbSMfwZ0x7jvOQdQ
63132,Fallon's Bar & Grill,4.0,125,$$,63132,lOZxgiTD0KBCaECdL1eWHA
63132,Taqueria Durango,4.0,180,$,63132,4lm1dUvP7GPgyJqUlLxcYg
63132,House Of India,4.0,275,$$,63124,Yz4BD3vf8-d14j2T2FgYxA
63132,Olivette Diner,4.0,139,$,63132,xmyyCbcUhXaiYqzejO0Sgg
63132,O! Wing Plus,4.5,110,$,63132,SNQ8sn7R9_e92GWKMCNSgg
63132,The Original Pancake House,4.0,284,$$,63124,3XXt0s_SDC9SyFTiIPNSgA
63132,Jilly's Cupcake Bar & Cafe,3.5,435,$$,63124,AtQLrRpQan7UtJcIAo9hsA
63132,De Palm Tree,4.0,151,$$,63132,ZRSVqYaoo3VMvthb2QEJmw
63132,Share Sweet,4.5,41,$,63132,QnKuifVndllMMQzrYqGFCA
63132,Chef Ma's Chinese Gourmet Restaurant,4.0,174,$$,63114,_pzBF2sn806Zm-tRLCPXEg
63132,Wonton King,4.0,251,$$,63130,DT_ZjeS2ZvBuzZvt9h48fg
63132,Pho Long,3.5,233,$,63132,aDm4JESclYP_L2tY_sqaDA
63132,Nobu's Japanese Restaurant,4.0,138,$$,63132,q5dSzxE6grwCzu23_PlesA
63132,Asian Kitchen Korean Cuisine,3.5,172,$$,63132,jPewcmlW0MSV5TezEllWtw
63132,Chimi's Fresh-Mex,4.5,106,$$,63114,Vv5Fxre786NpKFR_3OduKw
63132,"Saint Louis Halal Meat, Grocery & Foods - Baba's Restaurant",4.5,46,$,63132,YSuVRABFuPIy8N91x2yg5Q
63132,Soup Dumplings STL,4.0,111,$$,63130,Gw_PUqVT9e4AiC_kj9BJJw
63132,Irie Eats,4.5,29,$$,63132,n7yvQCdGZfAnLUrmGrq_kg
63132,Truffles,4.5,130,$$$,63124,33l2XVp01d8kltTs_UMJ8A
63132,The Kickin' Crab,5.0,20,NaN,63132,LVZXqYWc6lhimxmsJHur7A
63132,Sugarfire Pie,3.5,78,$$,63132,8KN5z81q3RjO-aKFdgvNWw
63132,Ms. Piggies Smokehouse,4.0,102,$$,63132,X6ry8WkgUyBNPpNxIGpn5g
63133,Salt + Smoke,4.5,1439,$$,63130,R8t9g5nvi7VFyS8zsgmj8Q
63133,Mission Taco Joint,4.0,952,$$,63130,HKS-63JzfR0DMNVLBuokYw
63133,Seoul Taco,4.0,637,$,63130,OXDo1mHlp2Io3CM6a1aB1w
63133,Pi Pizzeria - Delmar Loop,4.0,605,$$,63112,MaYb7qMN6BomP1zQGj3Wjg
63133,Corner 17,4.0,496,$$,63112,KdAWjL9MKjpJzEeI902qBA
63133,Mi Ranchito,4.0,339,$$,63130,Uy0r4bzRmY5LFtDfzNgkag
63133,Blueprint Coffee,4.5,316,$$,63130,hv-rci0u6KR75ALB_70dHw
63133,Three Kings Public House,4.0,481,$$,63130,O_0H42Bw8hBduWSADPG8ng
63133,Ranoush,4.0,328,$$,63130,N_7nJa49ueh_0vPDRP3Jew
63133,Fitz's,3.5,622,$$,63130,-kHHi8y4kaTI6WUVdJSdvQ
63133,Fork & Stix,4.0,311,$$,63112,ANTj0UD-OS7Zod3mulUg6w
63133,2Schae Cafe,4.5,272,$,63108,KWIapYSSHxfZ1NQFpV2S9g
63133,Taco Buddha,4.5,189,$$,63130,4mGnHfvwjE6P-vuKowHzCQ
63133,Kayak's,4.0,271,$,63130,p6JxfR9ebAlIlpm674F-dg
63133,Blueberry Hill Restaurant & Bar,3.5,565,$$,63130,sXaiyPC1fT6ESl-6t7eSXg
63133,U-City Grill,4.0,181,$,63130,-hto0uJjh8KFQZGc9ZAcuQ
63133,Al-Tarboush Deli,4.5,112,$,63130,ksVNbLJtHk7OXvpG-j_N-g
63133,Tavolo V,4.0,204,$$,63112,-W0tnXYJ4WuxLjzmbwlVAQ
63133,HopCat - St Louis,4.0,150,$$,63130,3qpubK1C8SsDcq8BeKOEbA
63133,Gyro Grill,4.5,70,$,63130,gdDUtIhG4tTshh2LbpfMfQ
63133,The Blue Ocean,3.5,301,$$,63130,_c72muPOhnfUqLRBNIAAcQ
63133,PuraVegan Cafe & Yoga,4.5,131,$$,63112,-rCB_kCW-u84S-CQir-lng
63133,St. Louis Bubble Tea,3.5,210,$,63130,CVqpTp3Cmud3rwAuKj15gw
63133,Gokul Indian Restaurant,4.0,164,$$,63112,VcamrM5awvkJrvkBgUNaIw
63133,The Baked Bear,4.0,106,$,63112,QJiA9H2GMdp0Ge1zmQpwLg
63133,Merhaba,4.5,32,$$,63130,MoepRQ_fkTbX3HyxfQJMUg
63133,The Pageant,3.5,194,$$,63112,Y48swatqDZVRbWy16ecR3A
63133,24:1 Coffee House/cafe,5.0,16,$,63133,LMeczyPxu7WZNi3HKWGoUg
63133,Seoul Taco Food Truck,4.0,71,$,63130,02euPBQRCGkdt2AnJQzJUQ
63133,Eclipse Restaurant,3.5,161,$$,63112,ncuEphnQYscOB_KyUUsKfg
63134,Wingtips Lounge,5.0,41,$$,63145,CYkrmWef7QQM-l-92DKiSA
63134,Chuck A Burger,4.5,105,$,63114,U0sjKBnSMN5SnWd_xU4GrQ
63134,Golden Pancake,3.5,155,$,63134,AdXyxM8b14j6F4JZOQc3cA
63134,Chimi's Fresh-Mex,4.5,106,$$,63114,Vv5Fxre786NpKFR_3OduKw
63134,Erio's Pizza & Restaurant,4.0,70,$,63134,FHlGmDE3eW9DASfwsOZiEw
63134,OL' Henry Restaurant,4.0,41,$$,63134,-yu4koRugjxrnsey25oIuw
63134,Vino Volo,3.5,63,$$,63145,AD-CJ3g6_JjKAaJMb4tXqA
63134,The Pasta House,2.5,185,$$,63074,H1ZTsd_d-wvunsT3ZmoBvg
63134,Maria's Deli,4.5,46,$,63114,7iL_h9OsbW0T7MiiLbrbAA
63134,Big Jay's Fish Chicken & Shrimp,4.5,42,$,63114,y38HeTHdVNPUzd6duJBsJA
63134,Waffle House,3.5,41,$,63134,gxe3h95tSzE-VA4OV5CUcA
63134,Big Boyz Burgers and More,4.0,22,$,63134,Jv8lYSZPxY0rzkSpgo7BIw
63134,Schlafly Beer Bar & Grill,2.5,151,$$,63145,GJXGdJlCroyRTmCxsz3i6Q
63134,Lombardo's Restaurant,3.0,110,$$,63134,MZRvuUt9WUDI2hHFHyQi8w
63134,Young's Chinese Restaurant,5.0,12,$$,63134,SHHn2sz0_d188bEV3AkrIA
63134,Three Kings Public House,3.0,55,$$,63145,VGTAW7xAKN2li7t00e2hvw
63134,Breakaway Cafe,4.0,49,$,63121,mVH_1mDS53jCWsvww4IX6w
63134,Nick & Elena's Pizzeria,3.5,72,$$,63114,buP98xgFQrgutle85Llqag
63134,Eero's,3.5,22,$$,63134,iTcHETJzAm1Vkz-tGDSEdw
63134,George Rivolo Diner,4.5,28,$,63114,gD2sF9BKMP428y1NJEiPbQ
63134,Pizza Studio,4.0,23,$$,63145,mUmk-jniuE54jlwQ7CQ7lw
63134,St. Louis Brewmasters Tap Room,2.5,75,$$,63145,bcqa1qoEEwphquiy1ssUXQ
63134,Ted Drewes Frozen Custard,4.5,12,$,63145,bPq8mgG3Lwkc8CZjRMqCpQ
63134,Yesterday's,3.5,32,$,63134,zs4vsJYsEx4hB-w3wp1Tvg
63134,American Airlines Admirals Club,3.5,25,$$,63044,joziEnj1kVdr6uUAE6kXog
63134,Chili's,2.0,155,$$,63145,cwPyxA58P6Lxef0gOP3RcA
63134,Mike Shannon's,2.5,97,$$,63145,LXIUiSsJHs9n5BGYcF2bAg
63134,Boeing James S McDonnell Prologue Room,4.5,7,NaN,63134,qv5ZyVlviRPh7FZrIEWwEg
63134,Chili's,1.5,185,$$,63145,4U0cvpHlcya4paLU2jJHJQ
63134,MI Hungry Catering & BBQ,3.0,59,$$,63114,6SUvtHmZMW3rjn4hP73kWg
63135,Cathy's Kitchen,4.5,136,$$,63135,YmUVCO5-ZdSenHVKEJE1rA
63135,Drake's Place,4.5,79,$$,63135,2DWqlmcMV9CxzUDYhzY04Q
63135,Baked Wood-fired Pizza,4.5,23,$$,63135,RwDotPR4zBeNJKaPGUBjVg
63135,Faraci Pizza,4.5,37,$$,63135,mGvrybwAiigeSAn-sTNlCQ
63135,Cork Wine Bar,4.0,44,$$,63135,Hn5wSB6hKqKs-_fzAIocJA
63135,Guerrilla Street Food,4.0,375,$,63118,A1suinq7EcpyM06JIe7iOA
63135,Montrey's Cigar Lounge,4.5,23,$$,63135,8GjqBLemPdZjHyk3-Zio7w
63135,Vincenzo's,4.0,36,$$,63135,INGFx5d5dnmhw0wfkDqx2g
63135,Marley's Bar & Grill,4.0,31,$,63135,ytKmelXAM4uqR2dtQX8n8A
63135,St. Louis Fish & Chicken Grill,4.0,13,$,63135,Mc-YbGuvj3qYlkMfGjw6dQ
63135,Pirrone's Pizzeria,3.5,98,$$,63033,t5Xc0u9yvOH0-DgmrCS60Q
63135,Chinese Express,4.0,13,$,63135,QEF6usO04AtvrazPhLX_sw
63135,Sweetie Pies,3.5,46,$$,63136,gTUERr6FchxzrqGBnQDjIA
63135,Red's The One And Only BBQ,4.0,13,$,63135,92KvPIcfrxpf_0gGUpnC6g
63135,African Palace,4.5,20,$$,63033,frsWe9bmMOMIBOBNzsCTew
63135,Doozles Frozen Custard,4.0,29,$,63031,hVbfirZtdhscx6Ie2-V5iw
63135,Northland Chop Suey Chinese Restaurant,5.0,8,$,63136,31_JqV2ZinZ7Uo4DKiKFEQ
63135,Paul's Market,4.0,10,$$,63135,CUxSddlUbqKiEiwFbHKwLQ
63135,OmTurtleYoga & Cafe,5.0,4,NaN,63135,AGxZAzfxI-QXPLaHVd9flQ
63135,Starbucks,4.0,11,$$,63135,6yw6rcys6FuMnbatD0lEcA
63135,Chinese Gourmet Restaurant,4.5,4,$$,63135,FisWFoKzPThKirL5wl7p3g
63135,Big L Chop Suey,4.0,15,$,63121,0upS_zVQ48_9WuTjxmwRqQ
63135,Ferguson Chop Suey,3.5,7,NaN,63135,izew_o7Eh8z37OrBhHgbiQ
63135,China Moon,3.5,17,$,63033,lGRXMOYsO-3oRQcRrMcbNA
63135,Super Wing,4.0,4,NaN,63135,4Ks_Ex6Luc5jbQsbkDBNug
63135,Hunan Chop Suey Chinese Restaurant,4.5,6,$,63136,gkZbFkzlp8etmXQZSllfMA
63135,Chins Wok,3.5,19,$,63033,-8jIGHKz1-Tnv2X85kxbvQ
63135,China House,3.5,8,$,63136,C0wTjg67T6jPvw7M1wsx-g
63135,The Pasta House,3.5,17,$$,63033,07tT34LEBj1xVgLRk4L8qw
63135,Mimi’s Subway,4.5,3,NaN,63135,05tQr30d0SSHrahA4gV6Pw
63136,Roper's Ribs,4.5,78,$$,63136,a3bZJ-XVjDLS6cs5VuEFOg
63136,Guerrilla Street Food,4.0,375,$,63118,A1suinq7EcpyM06JIe7iOA
63136,The White Barn,4.5,20,$,63136,PL6CzuA_gDqBL_eWc_6ouw
63136,Sweetie Pies,3.5,46,$$,63136,gTUERr6FchxzrqGBnQDjIA
63136,Northland Chop Suey Chinese Restaurant,5.0,8,$,63136,31_JqV2ZinZ7Uo4DKiKFEQ
63136,Lisa's Chop Suey,4.0,14,$,63136,mMYOD9QWfYXo1LY2RPEN7A
63136,Mack's Chicken,3.5,19,$,63136,mJJTx-x896dLV2gSMwQ35g
63136,Velvet Freeze Ice Cream,4.0,11,$,63136,wdHEsSUZGjgfaFKMABXPUA
63136,St Louis Q,4.0,14,$,63136,VV4l-yVqI2RDR0PYt6QDlA
63136,Starbucks,4.0,11,$$,63135,6yw6rcys6FuMnbatD0lEcA
63136,Cracker Barrel Old Country Store,2.5,52,$,63136,PFLbYu6MuGr1BbDWb1c0yA
63136,Hunan Chop Suey Chinese Restaurant,4.5,6,$,63136,gkZbFkzlp8etmXQZSllfMA
63136,China House,3.5,8,$,63136,C0wTjg67T6jPvw7M1wsx-g
63136,China King,4.0,6,$,63136,PbLOYYF-qoENx6Cy2zLK7w
63136,China Moon,3.5,17,$,63033,lGRXMOYsO-3oRQcRrMcbNA
63136,New York Grill,3.5,9,$,63136,54X8EMNaeeMjleWUZENl6w
63136,The Pasta House,3.5,17,$$,63033,07tT34LEBj1xVgLRk4L8qw
63136,Peking Chop Suey,4.0,7,$,63136,HtD7RhKMdovXiqr4nTiMqg
63136,Slice Of The Hill,4.0,19,$,63110,Nt6YIbkXIwoOj-omc9Sqgg
63136,Krab Kingz,3.0,11,NaN,63136,Mnr3Qp-sPIpuIjKzENqxVg
63136,Taco Bell,3.5,8,$,63136,ANl5EZQnaik61jBUgr-Uxw
63136,Son Ja's Soul Food,4.5,2,NaN,63136,q4mFOIxTqdNjVpXtoJJY1g
63136,White Castle,3.0,11,$,63033,5HkAwdJbFxvvAKp6AhMkpA
63136,Destination Desserts,4.0,14,$,63146,byL9LvjgOvtzXn7mPxbPhA
63136,IHOP,2.0,28,$$,63136,KLblr3m-OHJXOIs853uNHg
63136,London's Wing House,2.5,9,$,63135,p9d2OHIO3ls4QSplAE_-8w
63136,The Bridge Coffee House,4.5,16,$,63301,Vil6Ox7d0GXkKHIzztyUfA
63136,Hibachi Grill & Supreme Buffet,2.0,17,$$,63136,ADhru3iHReDSty-DIkGh5g
63136,Andrew's Bayou Ribs,3.5,17,$$,63074,wUgLa3cdhlDdqUfgwZNZKw
63136,Applebee's Grill + Bar,2.0,27,$$,63033,iOneMCZY-T3w4aisqi4R2Q
63137,The White Barn,4.5,20,$,63136,PL6CzuA_gDqBL_eWc_6ouw
63137,Lisa's Chop Suey,4.0,14,$,63136,mMYOD9QWfYXo1LY2RPEN7A
63137,JC Supper Club,4.0,7,$$,63137,U5iSWfTcvzqnur3SZkGBHA
63137,Playboy El Cappuccino,3.5,21,$$,63147,6ocjEAlJYLZu0SksTMUZRg
63137,White Castle,3.0,7,$,63137,zsXYVV6p6g58xYPAd1FDBg
63137,C-W Fried & Grill,4.5,3,$,63137,JKmqeigSs6vLKpjoRPhLug
63137,McDonald's,2.0,16,$,63138,ekBDNOCEzskY6VH5SBbGkg
63137,Leawa Chop Suey,3.5,3,$,63136,c-QzuVK3q5BHGcIdI0nHdA
63137,Potnar's Fish & Grill,5.0,1,NaN,63136,yMMXSrKjywmLkJiRLw2t0w
63137,Schnucks Sierra Vista,4.0,2,$$,63138,CASPVZ5z5cGrFS3UYaylWQ
63137,Kt's Sports Bar & Restaurant,5.0,1,NaN,63138,gZXLiJcJw69OOh9e8uN-fw
63137,Hardees,2.0,6,$,63137,MU38C5Fu2ER5PwwPWQMyHw
63137,Domino's Pizza,2.0,9,$,63136,_VVA_fbTM8eKQq4A57Y_dA
63137,T Js Pizza,2.5,3,$,63137,1dF6hKCLrdEPDOWcwrXgOA
63137,Jack in the Box,2.5,6,$,63137,7px2-a7oz__Xl6XdGqRv3g
63137,Soul Peppers Restaurant,3.0,3,$,63137,o4Lztqm8JbPbNx5j-h2sOA
63137,Pizza Hut,1.5,7,$,63138,AQFdx66VvAWx6B4Fm3Y7NA
63137,China King,2.0,5,$,63138,zlsiRDDtKYwxrnF9NomQnw
63137,Vinh Chop Suey,4.0,1,NaN,63147,BXuaJeNMyHrxgb8lB6rxgw
63137,Imo's Pizza,1.5,5,NaN,63147,ltP91jlc90p_2Qe3opWloA
63137,Little Caesars Pizza,1.0,1,$,63136,oIrq8ecU2ECQqXmW-Ueifw
63137,Subway Restaurants,1.0,2,$,63136,eLl1GJdQBoRwbQDspGZEqg
63137,McDonald's,1.0,3,$,63136,UYIr1d1zJr3jVYhXOoxyLg
63137,Jj Fish & Chicken,1.0,1,NaN,63147,IqUbLIBVQfYmHo_uC7UrCA
63138,Pops Fish And Chicken,4.5,3,NaN,63138,PVpGrSSqC4g54vjSd2vqsQ
63138,Rookies Bar,3.5,9,$,63033,fJVsb37KbVPNuPO_4_lktg
63138,China Wok,3.5,7,$,63033,Q4HPhcAIBGho4RNZHjmm9w
63138,St Louis Fish & Chicken,3.0,10,$$,63033,GU9Cmcwudub8l_NaghjXlg
63138,White Castle,3.0,7,$,63137,zsXYVV6p6g58xYPAd1FDBg
63138,McDonald's,2.0,16,$,63138,ekBDNOCEzskY6VH5SBbGkg
63138,Imo's Pizza,2.5,10,$,63138,EAJuEwjnR20epeASxXAC7A
63138,Schnucks Sierra Vista,4.0,2,$$,63138,CASPVZ5z5cGrFS3UYaylWQ
63138,Kt's Sports Bar & Restaurant,5.0,1,NaN,63138,gZXLiJcJw69OOh9e8uN-fw
63138,McDonald's,2.0,11,$,63033,1lWASQ_QiT_RFPEeSvyF5w
63138,Crawling Crab,3.0,4,NaN,63138,Tr15iwMqN7b5AmlPJ71VgA
63138,Subway Restaurants,3.5,3,$,63033,GnBdIwjdT97TKEOLzxyG9A
63138,Jack in the Box,2.0,8,$,63138,SCOVrHA1BPgJwgSo8VveRg
63138,Spanish Lake Park,4.0,1,NaN,63138,107-8aCUGPEj9ckDKEkPKQ
63138,Banana Yummies,2.0,3,NaN,63138,Ree3U9GzE9K6VDiL8fxviA
63138,Imo's Pizza,3.0,4,NaN,63101,hJkgcXNsdSNtAHYV7L6gwQ
63138,Little Caesars Pizza,3.0,2,$,63033,DrAojmUJZfI5x7_YTL67qA
63138,Taco Bell,2.5,3,$,63033,ijtys5tbK4bo18AFRtWdMQ
63138,Hardees,2.0,6,$,63137,MU38C5Fu2ER5PwwPWQMyHw
63138,Jack in the Box,2.5,6,$,63137,7px2-a7oz__Xl6XdGqRv3g
63138,China King,3.5,3,NaN,63033,q2CEJfB-vwjXY14LgesUYg
63138,China King,2.0,5,$,63138,zlsiRDDtKYwxrnF9NomQnw
63138,Fort Belle Fontaine County Park,3.0,3,NaN,63138,pddqA2xQfUQ2fF0AefDpRA
63138,Pizza Hut,1.5,7,$,63138,AQFdx66VvAWx6B4Fm3Y7NA
63138,T Js Pizza,2.5,3,$,63137,1dF6hKCLrdEPDOWcwrXgOA
63139,Adam's Smokehouse,4.5,314,$$,63139,1o9IdLrFGMS2o5Y8uXKC0Q
63139,Southwest Diner,4.5,667,$$,63143,k8hFz4Gty5dHlDV4Wt8FqA
63139,Anthonino's Taverna,4.5,826,$$,63110,LGYIhGqbYakMMdsn_GCzJg
63139,Ted Drewes,4.5,1228,$,63109,nRKndeZLQ3eDL10UMwS2rQ
63139,Pint Size Bakery & Coffee,4.5,211,$,63139,0cddB9WRKcQhzAEXEav81w
63139,Saint Louis Zoo,4.5,734,NaN,63110,X8hwEPRoRcLjbKVlVt1b1g
63139,Kounter Kulture,5.0,267,$$,63109,SFN5g5eexukcaZkzoiYQYg
63139,Gioia's Deli,4.5,302,$,63110,56TulnfOZy0JI96zwVv27w
63139,Adriana’s On The Hill,4.5,356,$$,63110,56M2bwaaSzcmzr2dyEfYQw
63139,Charlie Gitto's On the Hill,4.5,547,$$,63110,dtU_DsHVOCi-2-mWe7gabw
63139,Vinnie's Italian Beef and Gyros,4.5,172,$,63139,_-XYJgVGrNMtn_S6nPm-GQ
63139,Zia's on the Hill,4.0,638,$$,63110,AixPbZxJkgRyjxVqrpPAmw
63139,Chris' Pancake & Dining,4.0,314,$,63139,Ct6pupk8Cy6sI2mrIzF7UA
63139,Forest Park,5.0,261,NaN,63112,1YflE3DkiCZGgLnf3paLnA
63139,Comet Coffee & Microbakery,4.5,290,$$,63110,P0fHDZn2pReUu7BdMxNuyw
63139,Farmhaus Restaurant,4.0,314,$$$,63139,vD2jzpPv4iyOLKzITscGvA
63139,Trattoria Marcella,4.5,329,$$,63109,kpK6SmxIiNoGPNhlEGiL4w
63139,Russell's on Macklind,4.5,495,$$,63109,HzUJO2v5lUEIeYoOYsdWbw
63139,Missouri Baking Company,4.5,189,$,63110,PbunaXxpRE8sXGkKn5FFYw
63139,58hundred,4.5,117,$$,63139,0AfjyySl4Rivh-QhWfrClA
63139,Schlafly Bottleworks,4.0,561,$$,63143,EpREWeEpmR8f1qLHzzF0AA
63139,Gelato Di Riso,4.5,119,$,63110,9ycb4phY8qbaLcloDhmbNg
63139,Saint Louis Art Museum,4.5,220,NaN,63110,60xFUHDmopm4FRzK6bPRTw
63139,The Cakery,4.5,96,$$,63139,tn3_76PZZLCmGBLgBWdTTw
63139,The Royale Food & Spirits,4.0,371,$$,63139,gKBqK-FFq7EGOUscBqb1iA
63139,J Devoti Trattoria,4.5,181,$$$,63110,rdtx0kMDoC15FvNyom6W_g
63139,Gian-Tony's On The Hill,4.0,226,$$,63110,N2pULwcdouGh3HwmMO67SA
63139,Acero,4.5,212,$$$,63143,fAh1DvXplLu66urTBWSjaQ
63139,SOHA Bar and Grill,4.0,171,$$,63139,Y9CWVffIrTYCXE9PVreerQ
63139,Nora's,4.5,219,$,63139,r2bYRNrtMhv-ED2-cFZp6Q
63140,Cathy's Kitchen,4.5,136,$$,63135,YmUVCO5-ZdSenHVKEJE1rA
63140,Drake's Place,4.5,79,$$,63135,2DWqlmcMV9CxzUDYhzY04Q
63140,Guerrilla Street Food,4.0,375,$,63118,A1suinq7EcpyM06JIe7iOA
63140,Baked Wood-fired Pizza,4.5,23,$$,63135,RwDotPR4zBeNJKaPGUBjVg
63140,Faraci Pizza,4.5,37,$$,63135,mGvrybwAiigeSAn-sTNlCQ
63140,OL' Henry Restaurant,4.0,41,$$,63134,-yu4koRugjxrnsey25oIuw
63140,Cork Wine Bar,4.0,44,$$,63135,Hn5wSB6hKqKs-_fzAIocJA
63140,Montrey's Cigar Lounge,4.5,23,$$,63135,8GjqBLemPdZjHyk3-Zio7w
63140,Marley's Bar & Grill,4.0,31,$,63135,ytKmelXAM4uqR2dtQX8n8A
63140,Vincenzo's,4.0,36,$$,63135,INGFx5d5dnmhw0wfkDqx2g
63140,Breakaway Cafe,4.0,49,$,63121,mVH_1mDS53jCWsvww4IX6w
63140,Big Boyz Burgers and More,4.0,22,$,63134,Jv8lYSZPxY0rzkSpgo7BIw
63140,Waffle House,3.5,41,$,63134,gxe3h95tSzE-VA4OV5CUcA
63140,Young's Chinese Restaurant,5.0,12,$$,63134,SHHn2sz0_d188bEV3AkrIA
63140,Chinese Express,4.0,13,$,63135,QEF6usO04AtvrazPhLX_sw
63140,St. Louis Fish & Chicken Grill,4.0,13,$,63135,Mc-YbGuvj3qYlkMfGjw6dQ
63140,Big L Chop Suey,4.0,15,$,63121,0upS_zVQ48_9WuTjxmwRqQ
63140,Eero's,3.5,22,$$,63134,iTcHETJzAm1Vkz-tGDSEdw
63140,Red's The One And Only BBQ,4.0,13,$,63135,92KvPIcfrxpf_0gGUpnC6g
63140,MI Hungry Catering & BBQ,3.0,59,$$,63114,6SUvtHmZMW3rjn4hP73kWg
63140,Sun Restaurant,3.5,31,$,63042,7kZjWXFExQgqy_TheGOTOw
63140,Boeing James S McDonnell Prologue Room,4.5,7,NaN,63134,qv5ZyVlviRPh7FZrIEWwEg
63140,OmTurtleYoga & Cafe,5.0,4,NaN,63135,AGxZAzfxI-QXPLaHVd9flQ
63140,El Comal,3.5,26,$$,63114,1YMF0G6kZKqCXlzMGqh5Rw
63140,Gypsy Caravan,5.0,6,$$,63121,IKNzIuxHAfj1UGyvvzOENA
63140,Nephew's Grille,3.0,21,$,63134,xDx6dKd1FNN4mzxip4vViQ
63140,Steak ’n Shake,2.5,52,$,63134,iig9_E2ODClHUylyb_eZmA
63140,Paul's Market,4.0,10,$$,63135,CUxSddlUbqKiEiwFbHKwLQ
63140,Chinese Gourmet Restaurant,4.5,4,$$,63135,FisWFoKzPThKirL5wl7p3g
63140,Ferguson Chop Suey,3.5,7,NaN,63135,izew_o7Eh8z37OrBhHgbiQ
63141,Bristol Seafood Grill,4.0,483,$$$,63141,7AjM-d3gsgpvKDQSX6QCuA
63141,Nudo House STL,4.5,375,$$,63141,gsyyVQmvT9A2nAgUi7VUag
63141,Poké Munch,4.5,136,$$,63141,dQR7ZcEsOC9L-LKRYwekUA
63141,La Bonne Bouchee,4.0,340,$$,63141,wMWRpzjKgwIef2yJ41RCGw
63141,Shack Breakfast & Lunch Creve Coeur,4.5,142,$$,63141,qKr8O3IVXwyGFiQVFmA8CA
63141,First Watch,4.0,187,$$,63141,wMMGNjWlsxjCkB6P5_X9Qg
63141,Gulf Shores Restaurant and Grill,3.5,505,$$,63141,ATO_GTUMSEYBZn0v1cqg0g
63141,Olive Street Cafe,4.0,276,$$,63141,4uZUHjSonatwt-02yqJp6w
63141,Gioia's Deli,4.5,57,$,63141,UlCohtTMMbT_sIblP-Pd1w
63141,The Dapper Doughnut,4.5,76,$,63141,bXsc3GrmXs7qDSB5ujIISA
63141,The Bagel Factory,4.5,89,$,63141,9PSg27_eo9WBmC_7msPz3Q
63141,Crushed Red,4.0,135,$$,63141,8S2hOkzWzpkJLybVOTSCLw
63141,Anis Hyderabad Restaurant,4.0,197,$$,63141,-6jVwUuXC1-dyr2YRCEU6Q
63141,EdgeWild Bistro & Tap,3.5,150,$$,63141,_PZHmeCIdTVfByOUgBQKMA
63141,Il Bel Lago,4.0,98,$$$,63141,YBncKq0rdijgeIyjuW_Czw
63141,Wudon Korean BBQ,4.0,205,$$,63141,xmO9u_t1LspxV5iuF594Tg
63141,Granite City Food & Brewery,3.5,291,$$,63141,TZG_XV9u4xgE56s0otXEag
63141,St Louis Gyros,3.5,147,$,63141,O4mH_WvFA0My7qOxbkAYow
63141,Vivola Express,4.5,106,$,63146,RVJTAYG1RGzovNxhDabs9Q
63141,5 Star Burgers,4.0,94,$$,63141,mHISneh9n2mEj3X_82unzQ
63141,Lion's Choice,4.0,49,$,63141,ylU2tt9JXkZNN4SF_UnNMw
63141,Pita Plus,4.0,122,$,63141,6KsJ2zN2jdgEiQidiRczxQ
63141,Chicken Salad Chick,4.5,35,NaN,63141,J1xzewEZq51ajB18AyPd8Q
63141,Potbelly Sandwich Shop,3.5,85,$,63141,ThpNtCxktDMcnfLJR5fTNA
63141,Joo Joo Restaurant & Karaoke,4.0,107,$$,63141,lOVHIBqgi4knjSx4tuCgjQ
63141,Oishi Sushi,3.5,100,$$,63141,-lLEaycKOdFoPALPL33NFA
63141,Dave & Tony's,3.5,152,$,63141,4HMXL85u_wX0WEHucVkI6A
63141,Ocha Thai & Japanese Restaurant,4.0,129,$$,63141,TfBeg0dU0vWOKM8SMfF4vg
63141,Pickleman's Gourmet Cafe,4.0,63,$,63141,4H6KdEMRlSrpFktX2k5gxg
63141,Silky's Frozen Custard,4.5,51,$,63141,FQ4laTd22rj6mqGB4vFLcw
63143,Southwest Diner,4.5,667,$$,63143,k8hFz4Gty5dHlDV4Wt8FqA
63143,Ted Drewes,4.5,1228,$,63109,nRKndeZLQ3eDL10UMwS2rQ
63143,Schlafly Bottleworks,4.0,561,$$,63143,EpREWeEpmR8f1qLHzzF0AA
63143,Acero,4.5,212,$$$,63143,fAh1DvXplLu66urTBWSjaQ
63143,Foundation Grounds Coffeehouse & Cafe,4.0,232,$$,63143,VVHfqUeYyAA9FEsH-6PI2A
63143,Saint Louis Zoo,4.5,734,NaN,63110,X8hwEPRoRcLjbKVlVt1b1g
63143,Pie Oh My!,4.5,109,$$,63143,sMTmX6yttmwIhNWxlNtNfA
63143,Living Room,4.5,183,$$,63143,WY0ji9m-qAOc_6lK8h4pNw
63143,Kounter Kulture,5.0,267,$$,63109,SFN5g5eexukcaZkzoiYQYg
63143,Mai Lee,4.0,840,$$,63144,YPTYOQO8Lg9BtHsRwYBY7g
63143,Boogaloo,3.5,373,$$,63143,QWENxNxNNW2jhQi2akONJA
63143,The Blue Duck,4.0,187,$$,63143,z7em5co2qckbAXoDGXynsA
63143,Adam's Smokehouse,4.5,314,$$,63139,1o9IdLrFGMS2o5Y8uXKC0Q
63143,Vinnie's Italian Beef and Gyros,4.5,172,$,63139,_-XYJgVGrNMtn_S6nPm-GQ
63143,Farmhaus Restaurant,4.0,314,$$$,63139,vD2jzpPv4iyOLKzITscGvA
63143,The Piccadilly at Manhattan,4.0,230,$$,63143,7ZQYMFjKj7AK1vzCi0BNyg
63143,Yummi Tummi,4.5,112,$,63143,S51xnoezpcCY8jd96_hXfQ
63143,Pint Size Bakery & Coffee,4.5,211,$,63139,0cddB9WRKcQhzAEXEav81w
63143,Gus's World Famous Fried Chicken,3.5,307,$,63143,_H30_Y_YcQQ7kbix9a1KfQ
63143,The Crow's Nest,4.0,219,$$,63143,R_J3B7usj-NDHm_wNFSa0w
63143,Trattoria Marcella,4.5,329,$$,63109,kpK6SmxIiNoGPNhlEGiL4w
63143,Michael's Bar & Grill,4.0,202,$$,63143,ISDVzdF4WZ4SXQdhyet9nQ
63143,Boardwalk Waffles & Ice Cream,4.5,96,$,63143,jM15GsyhiE6kNskyIx5ujA
63143,The Post Sports Bar & Grill,4.0,219,$$,63143,H_u6w1hM4WEgOD288i5edw
63143,Fozzie's Sandwich Emporium,4.0,421,$,63117,chUeS0h9C8KGfyJO2Jqgew
63143,Thai Table,4.0,94,$$,63143,Oo0nT3n5Gdocq6j4WXN4Ng
63143,Balkan Treat Box,5.0,159,$$,63119,sWwVGF9k30IDE4Lpa-XM8g
63143,Hi-Pointe Drive-In,4.0,558,$$,63117,3ovV2S7XEAOEk8hCdYKhOA
63143,La Cosecha Coffee Roasters,4.5,47,$,63143,JPTxxPgVUEkb9BJlO6PAhw
63143,Aya Sofia,4.0,282,$$,63109,8V9G6dC9sLCGp1LQVrmXwA
63144,Mai Lee,4.0,840,$$,63144,YPTYOQO8Lg9BtHsRwYBY7g
63144,Katie's Pizza & Pasta Osteria,4.0,591,$$,63119,C6KP0hSutumHzLDCFyjvJQ
63144,Olive + Oak,4.5,586,$$$,63119,_4bhVmlvT9dvqydQG2TOMA
63144,Carl's Drive In,4.0,236,$,63144,sikefl5Nj00MNQ1OUyCEcg
63144,Frank Papa's Ristorante,4.5,86,$$,63144,l9vdM2DtlJo3EYpxgW-efQ
63144,Pastaria,4.0,852,$$,63105,YSgcojsb2kWHXNLWaGCuBA
63144,Twin Oak Wood Fired Pizza & BBQ,4.0,314,$$,63144,wCxiDaOI0LVWdqUEWoPv_A
63144,I Fratellini,4.5,208,$$$,63105,TXg82zeFo2MpX5BzZXpJUg
63144,Balkan Treat Box,5.0,159,$$,63119,sWwVGF9k30IDE4Lpa-XM8g
63144,Sauce on the Side,4.5,302,$$,63105,Fok0BLJP0OMxbbl3l6QmZA
63144,City Coffeehouse & Crêperie,4.0,416,$$,63105,b4YPBSnqU5_L6TUz147Dow
63144,Half & Half,4.0,727,$$,63105,OZcl2HOUXAHuICrh5d2WjQ
63144,Bonefish Grill,3.5,275,$$,63144,VUkBbffnuUpKX9MKRUt4yQ
63144,New Day Gluten Free,4.5,93,$$,63117,qEBL7U0kW4lkptcd_4wWbg
63144,Kolache Factory,4.0,131,$,63144,P1rfYX62C_HD4t3TjO41BQ
63144,Maggiano's Little Italy,3.5,334,$$,63117,6r9FNW0-4aKqbPCX7UxTZg
63144,Yummi Tummi,4.5,112,$,63143,S51xnoezpcCY8jd96_hXfQ
63144,Revel Kitchen,4.0,130,$$,63144,lpDctDItk9GkfZD-cZ6oQA
63144,Nothing Bundt Cakes,4.5,44,$$,63144,G503RdNVGztzLuBfNY4l3A
63144,The Clover & the Bee,4.0,243,$$,63119,Nxa362GcR1WWK2og8uJ_sQ
63144,Coma Coffee Roasters,4.5,76,$$,63117,8JRdV8M8b2bIZGH92gMQ0Q
63144,Sushi Station,4.0,222,$$,63119,wpmuB2jeDkczlmT0SNIFPA
63144,Protzel's Delicatessen,4.5,151,$,63105,aHHK_n_wGElui6oDmRCL4A
63144,Bar Les Freres,4.5,169,$$$,63105,Pc3urwUFlzLyDP1qvsHQuA
63144,To Go Sushi,4.5,56,$,63144,sJxAu8aWvuz2_ZnF7_8myA
63144,Joy Luck Buffet,3.5,262,$$,63144,7glfum-JcIAjxD5fJ92Wig
63144,5 Star Burgers,4.0,374,$$,63105,oC91lprbbfzw7DOYiYln7Q
63144,The Original Pancake House,4.0,284,$$,63124,3XXt0s_SDC9SyFTiIPNSgA
63144,Big Sky Cafe,4.5,234,$$,63119,7qMmN_FB0JJ-8MPNfHwhsA
63144,Cyrano's,4.0,270,$$,63119,uqXYVxIwoEsFFjEHBlMZQA
63146,Nudo House STL,4.5,375,$$,63141,gsyyVQmvT9A2nAgUi7VUag
63146,Drunken Fish,4.0,503,$$,63146,DJFxBTBIgYErzKS5cA_LiQ
63146,Bristol Seafood Grill,4.0,483,$$$,63141,7AjM-d3gsgpvKDQSX6QCuA
63146,Vivola Express,4.5,106,$,63146,RVJTAYG1RGzovNxhDabs9Q
63146,Olive Street Cafe,4.0,276,$$,63141,4uZUHjSonatwt-02yqJp6w
63146,DD Mau Vietnamese Eatery,4.5,171,$$,63043,3AZjEgNM6CiOePDKKAQWgA
63146,Shack Breakfast & Lunch Creve Coeur,4.5,142,$$,63141,qKr8O3IVXwyGFiQVFmA8CA
63146,Gulf Shores Restaurant and Grill,3.5,505,$$,63141,ATO_GTUMSEYBZn0v1cqg0g
63146,La Bonne Bouchee,4.0,340,$$,63141,wMWRpzjKgwIef2yJ41RCGw
63146,The Foundry Bakery,5.0,110,$,63043,4bNFWpQtS5PtfjXuxTc-GQ
63146,Poké Munch,4.5,136,$$,63141,dQR7ZcEsOC9L-LKRYwekUA
63146,Companion Cafe - Saint Louis,4.5,121,$$,63146,QBvj3FvJbYJRa9xWb6DyQA
63146,First Watch,4.0,187,$$,63141,wMMGNjWlsxjCkB6P5_X9Qg
63146,The Bagel Factory,4.5,89,$,63141,9PSg27_eo9WBmC_7msPz3Q
63146,Kemoll's Italian Restaurant,3.5,222,$$$,63146,JREsjrhPhAScYML7Y-EdQQ
63146,The Dapper Doughnut,4.5,76,$,63141,bXsc3GrmXs7qDSB5ujIISA
63146,Westport Social,4.0,167,$$,63146,55GmNphU0DhtkvG5lSZ49w
63146,Crushed Red,4.0,135,$$,63141,8S2hOkzWzpkJLybVOTSCLw
63146,Anis Hyderabad Restaurant,4.0,197,$$,63141,-6jVwUuXC1-dyr2YRCEU6Q
63146,Kobe Steak House of Japan,3.5,170,$$,63146,QYPornWtiB1k0xS3Fm-jwA
63146,Wudon Korean BBQ,4.0,205,$$,63141,xmO9u_t1LspxV5iuF594Tg
63146,Gioia's Deli,4.5,57,$,63141,UlCohtTMMbT_sIblP-Pd1w
63146,Granite City Food & Brewery,3.5,291,$$,63141,TZG_XV9u4xgE56s0otXEag
63146,Thai Kitchen,3.5,318,$$,63043,55ve4cBxbUH0r-EcWnBrCQ
63146,Il Bel Lago,4.0,98,$$$,63141,YBncKq0rdijgeIyjuW_Czw
63146,EdgeWild Bistro & Tap,3.5,150,$$,63141,_PZHmeCIdTVfByOUgBQKMA
63146,St Louis Gyros,3.5,147,$,63141,O4mH_WvFA0My7qOxbkAYow
63146,Paul Mineo's Trattoria,3.5,98,$$,63146,yrr7jg2oC46Bf-xbwtCI7g
63146,5 Star Burgers,4.0,94,$$,63141,mHISneh9n2mEj3X_82unzQ
63146,Balducci's,3.5,109,$$,63146,2e7nTXMc-l0cM_YpV5g5Ow
63147,Piekutowski's European Style Sausage,4.0,18,$$,63107,50QTrfSrow-F2Avsjabl8w
63147,Jerk Soul,4.0,36,NaN,63107,siN5JEv_AQj037pwcN32pg
63147,"The River Lillie,  Southern Fusion Cuisine",4.5,13,NaN,63107,4P6sn5nKJ2KFYrHUF4-qiA
63147,Bissell Mansion Restaurant and Murder Mystery Dinner Theatre,3.5,18,$$$,63107,ueJFblv3esW2xjqO7IepGg
63147,Cornerstone Cafe,4.0,18,$,63107,QnFIWz-CgEVqQ8qhzFrl7A
63147,Gregg's Bar & Grill,4.0,13,$$,63147,KrvRJSXUV-l8HPpS08eaSQ
63147,Playboy El Cappuccino,3.5,21,$$,63147,6ocjEAlJYLZu0SksTMUZRg
63147,Lisa's Chop Suey,4.0,14,$,63136,mMYOD9QWfYXo1LY2RPEN7A
63147,Fresno's Diner,5.0,4,NaN,63107,gqpTgtS3sEup0znkSnMV0A
63147,Dogtown St. Patrick's Day Parade,4.0,6,NaN,63115,S0d9ilTv742E11xt5Wp2LA
63147,DSquared Bistro,4.0,11,NaN,63107,WP9nV9_Cz5CWx6UFW0NwDA
63147,Bing Lau Chop Suey,4.5,6,$,63107,cUi8TwIH_dt91b_KfPRdTg
63147,Billy Burk's Snack Shop,4.5,5,$,63113,_kMxqmHYnF1LhTvHioykQw
63147,Du Kum Inn,3.5,18,$,63080,AVCjn9uVgkjIRM3uYrEf1w
63147,JC Supper Club,4.0,7,$$,63137,U5iSWfTcvzqnur3SZkGBHA
63147,Mandarin Inn,4.5,3,$,63115,K-WNeHq2Mg3nZITLAlblAA
63147,Wing Hing Chop Suey,5.0,2,NaN,63107,m5zZ5yVvkdI2NOqStwguqQ
63147,C-W Fried & Grill,4.5,3,$,63137,JKmqeigSs6vLKpjoRPhLug
63147,Subway Restaurants,5.0,1,$,63147,7arTX9DTn5Wu9YQjSqFgBw
63147,McDonald's,1.0,6,$,63147,OLrLFtCoacBjTjFGG65ckw
63147,Kings Fried Rice Chopsuey,4.0,2,$,63107,Py03f_TfjPxt0MT6uFok8g
63147,Canton House Chop Suey,4.0,2,NaN,63107,Y_LD6liWJchK-nu3AiIg6A
63147,Subway Restaurants,1.5,3,$,63147,NgQ2941uBxXX9VW238gx5g
63147,Switch Coffee Collective,5.0,1,NaN,63107,LAiVfddasd6JdnDCBpkspA
63147,Vinh Chop Suey,4.0,1,NaN,63147,BXuaJeNMyHrxgb8lB6rxgw
63147,Newstead Chop Suey,4.0,1,NaN,63115,FCSB6Q7xA-Qz8iARR6envw
63147,Golden House Chop Suey,3.0,2,$,63115,3NzWexJXzLV-E4wlroz-8A
63147,Golden Coin House,5.0,1,NaN,63113,wSHapSJ2D4epuwHV7fTf7w
63147,Popeyes Louisiana Kitchen,1.5,11,$,63107,3Hfkqzbcg4UHEjENm-3wWw
63147,Rally's,2.5,3,$,63107,MdlV4ssTuDQehhhYUE3QbQ
