,index,business_id,review_id,reviewer_rating,reviewer_full,short name,gender
0,0,-FOAQv22SXtSBs7nptI3UA,rMNUJ0f-V1oN6O4Jz2qP9Q,5,Johanna M.,johanna,Female
1,1,-FOAQv22SXtSBs7nptI3UA,IthS8Rb-GYIZ9OhgWuJeWQ,3,Julian S.,julian,Male
2,2,-FOAQv22SXtSBs7nptI3UA,35-4Cw_-vm7HwoQANbzfWg,4,Sharon T.,sharon,Female
3,0,-YlkKYlHYKNcrBs21V-WfQ,cetLa1hxD2Q2jhsbGGKn1g,5,Artemis L.,artemis,Female
4,1,-YlkKYlHYKNcrBs21V-WfQ,9FNNxuN0Y5eGTWVQLUOUvA,4,Michael G.,michael,Male
6,0,-ofDNmj8r_F875FiZr9G8w,GpbGk781tkhDXpKpnBO77Q,5,Travis L.,travis,Male
7,1,-ofDNmj8r_F875FiZr9G8w,W6TPZlqZtqDRL7kfJxDXdA,4,Sara C.,sara,Female
10,1,-pa-22jT0ssGBiBaGQWiqA,lZKHZd_LCi7YUjKp5GpnWg,2,Tommy L.,tommy,Male
11,2,-pa-22jT0ssGBiBaGQWiqA,-c4IcnsbnuNtLLWlEAe_rg,3,Sharon X.,sharon,Female
12,0,-qeVTbSB0Gv59dUiNUTVNA,7lRpCCrSGZFL_lQN5U-RLg,5,Ellen R.,ellen,Female
14,2,-qeVTbSB0Gv59dUiNUTVNA,k7YT_ex3rSN57yKQlQG3hw,3,Teresita C.,teresita,Female
15,0,-wOeBFbqBmUpwmClAYC6Ig,EEifBNUxRDBaGzuFCHJsxw,5,Christy N.,christy,Female
16,1,-wOeBFbqBmUpwmClAYC6Ig,q4T70GCp7S7DwSbzU13otA,2,Lee G.,lee,Male
17,2,-wOeBFbqBmUpwmClAYC6Ig,pOA_VDHh2KTp1mJgLipsFw,1,Emily I.,emily,Female
19,1,08M3HVlCtr3xl6hmKOPl1g,b9oD5VWCgCC-WpWRZC-Oqw,5,Michael P.,michael,Male
20,2,08M3HVlCtr3xl6hmKOPl1g,JsT_9gzPwYuYZ2c5HjJlKw,5,Kristin B.,kristin,Female
21,0,09FLRYnePKcUwGDDPIOAkg,jwShOe7oZVLJysuvU64c1g,5,Elaine S.,elaine,Female
22,1,09FLRYnePKcUwGDDPIOAkg,MKfxivx7C2OYsSCrN7FrlA,4,Sarah B.,sarah,Female
23,2,09FLRYnePKcUwGDDPIOAkg,tmlG0fQx1ATIHr1hEMKQ2g,5,Carolina H.,carolina,Female
24,0,0HGzdQ2HjA95IFQPQXb1vg,dfA33X_4x_bIx5l0kno8hA,5,Zach E.,zach,Male
25,1,0HGzdQ2HjA95IFQPQXb1vg,3kWWX5dlfZC-8hYYxot12w,3,Justine C.,justine,Female
26,2,0HGzdQ2HjA95IFQPQXb1vg,Th9aqkKihcgc3U14n-DDCA,2,Cesar C.,cesar,Male
27,0,0SNGHTGs63m6cidnGLn_ew,AfQz6oRpcTaHrBT94HEjkQ,5,Bill R.,bill,Male
28,1,0SNGHTGs63m6cidnGLn_ew,KkCbIdsWDpZK0nJAdt27cg,3,Sarah M.,sarah,Female
29,2,0SNGHTGs63m6cidnGLn_ew,yQQ4bgbxNfMnNJbFBk5hWA,4,Cheryl G.,cheryl,Female
30,0,0TePv4HKkxVirMSJffBpVw,JFimCXsHf-g-Ni_EWvoDMg,5,Oscar And Jenny G.,oscar,Male
31,1,0TePv4HKkxVirMSJffBpVw,-QD-jX-kkpvjtJIcR-S1Xg,4,Anthony S.,anthony,Male
32,2,0TePv4HKkxVirMSJffBpVw,MpnI59G3pi5CBQAMdBSj-g,4,Julian S.,julian,Male
33,0,0ZhdlPCsEGFLOiJxyNuoKw,LyMoXiq58N1A_opckHlQ-Q,5,Carrie M.,carrie,Female
34,1,0ZhdlPCsEGFLOiJxyNuoKw,QaEOaes1ZbO1Hj7GG8bqNA,3,Tommy L.,tommy,Male
35,2,0ZhdlPCsEGFLOiJxyNuoKw,91-rzWk-A6I3pbD_JJpgfg,4,Anthony T.,anthony,Male
36,0,0cqa2F_cfIjxAC3nqw__1w,oBxtnPTfgy1Qz47sDNQkdA,5,Atta M.,atta,Male
37,1,0cqa2F_cfIjxAC3nqw__1w,mSj7cCO72wmRHXAbUOrQFA,3,Brian M.,brian,Male
38,2,0cqa2F_cfIjxAC3nqw__1w,8pZpAbRZccWUCmw7hy2YDg,4,Marta K.,marta,Female
39,0,0jZIOA_9H3YOsbiyoyRWrA,eCiUIhaWVq5zWOjn2mtDSQ,5,William H.,william,Male
40,1,0jZIOA_9H3YOsbiyoyRWrA,aHxICcz7DQ0EJPqcRbuDiw,4,Farrah R.,farrah,Female
41,2,0jZIOA_9H3YOsbiyoyRWrA,7vAvlxzW8QxchuEShjFe8A,4,Bree B.,bree,Female
42,0,0lpJjdUwtI4uPrED-woG5g,wUiGZ-AHBRrm5m4gJANrgA,5,Chanelle C.,chanelle,Female
43,1,0lpJjdUwtI4uPrED-woG5g,xj9jCBdl0fPTE0wC-t5Tqg,5,Luana T.,luana,Female
44,2,0lpJjdUwtI4uPrED-woG5g,Xqfh-G_nUIp3rxtBhS80lg,5,Josh S.,josh,Male
45,0,0u3wpP_C69Tjmhe8nXnPzw,HyragRf0B3ZhVZHV4AFKXA,5,Bella C.,bella,Female
46,1,0u3wpP_C69Tjmhe8nXnPzw,9K_LHuQFA1AOuOj5OkVAhw,4,Richard M.,richard,Male
49,1,1pq3kaUmxxRKDxI6GDtQcg,huq5VNUA-MKaETQsyaExsQ,5,Johnathan T.,johnathan,Male
50,2,1pq3kaUmxxRKDxI6GDtQcg,ihcr0agZQApVVSUoWxpxLg,4,Becky C.,becky,Female
51,0,26uHAjxvYUjO8I0WPfw0bQ,7JBYKzNn3Swtxwxl-fRe3Q,5,Karl Erich M.,karl,Male
52,1,26uHAjxvYUjO8I0WPfw0bQ,8tyUQ6niqZqkNKEqr9qntA,5,Sarah C.,sarah,Female
53,2,26uHAjxvYUjO8I0WPfw0bQ,orqaPTyT2zEziik5CjrKIw,2,Janet D.,janet,Female
54,0,2FS5eBVcFJ_W461ylUs38Q,DPmXeIuDlk4lsr8ramVbjQ,5,Wyatt E.,wyatt,Male
55,1,2FS5eBVcFJ_W461ylUs38Q,jlbHgWjlH7nhjlbwHSJiNw,4,Jacqueline D.,jacqueline,Female
57,0,2lT0X0qPpikWgOFbCXsiyw,v2HA3EPMXZarTSvcTsMsqw,4,Cheryl G.,cheryl,Female
58,1,2lT0X0qPpikWgOFbCXsiyw,ddrLFwAbgtBrxcEVACsdtA,2,Peter G.,peter,Male
59,2,2lT0X0qPpikWgOFbCXsiyw,nBtAo0cPhPWildA5QDg6aA,4,Mackenzie C.,mackenzie,Male
60,0,32VKRJRFgVTI9w2AhY_grA,YpfXyhv_HZghSru2BbjXAA,4,Sarah C.,sarah,Female
62,2,32VKRJRFgVTI9w2AhY_grA,36qFFEN7NvqhYgUS7wC7Bw,5,Bruce A.,bruce,Male
63,0,3jYycHbe2BHzTzh8KZK_tg,KrLspdFUCEQ4ZzYtK8GVgQ,5,Steph J.,steph,Female
64,1,3jYycHbe2BHzTzh8KZK_tg,hQCJNw2MFwmzzAmSpYtnhg,3,Frank L.,frank,Male
65,2,3jYycHbe2BHzTzh8KZK_tg,udVrvMe3CI7n3nBGfntoDA,5,Brendon W.,brendon,Male
66,0,4IU-zvKxxScUhMg3hVo_FA,SA7ObpA6m2gZewMNkYj_9A,5,Bradley D.,bradley,Male
67,1,4IU-zvKxxScUhMg3hVo_FA,CzEj2c-vmWq0CeKn_4LD4Q,4,Alice K.,alice,Female
68,2,4IU-zvKxxScUhMg3hVo_FA,GUD1EBK-98kWONnJKIlIkA,5,Claire M.,claire,Female
70,1,4LGO2f_6VQ4c7Xt22hDzXA,duFNA9AJrgu7K9E6hlbpnQ,3,Jill E.,jill,Female
71,2,4LGO2f_6VQ4c7Xt22hDzXA,_zjTddHQkdzV8ZSVUZT8xw,2,Tammy C.,tammy,Female
72,0,4_Nn51aZL-RUCrvBBYIZcQ,vKVBIk-nRQJge07D_kexSQ,5,Colin B.,colin,Male
73,1,4_Nn51aZL-RUCrvBBYIZcQ,ZGfJPoXWHDBxobLdmrgcUg,3,Mark H.,mark,Male
74,2,4_Nn51aZL-RUCrvBBYIZcQ,_aWqiLFuqv0Y5UB4YyRkZA,4,Chris J.,chris,Male
75,0,4eS9JFF7rmvdUESOHp7T1w,Bl-qMIYUe4v7_UGQqPO9YA,5,Mr M.,mr,Male
76,1,4eS9JFF7rmvdUESOHp7T1w,RSqnskaqYY6c4Z4hZLtBSg,4,John L.,john,Male
77,2,4eS9JFF7rmvdUESOHp7T1w,uarzWUa0CWs6hq-wRpHIGw,1,Tara D.,tara,Female
78,0,4iK0vm6XUp_aMZAJvywRvg,5kfRptXAqEIlu0KsDvTrAA,5,Claire S.,claire,Female
79,1,4iK0vm6XUp_aMZAJvywRvg,tjd_xckyNHeX9lVt72HbjQ,5,Sharvari A.,sharvari,Female
80,2,4iK0vm6XUp_aMZAJvywRvg,tiNZxHrl3ZZUfiJU8JjH_g,5,Ankit S.,ankit,Male
82,1,4vcLCqND-3g7wNn2fIwDAg,E1F_B8ome-VY_9DFXThr3w,4,Kelly B.,kelly,Female
83,2,4vcLCqND-3g7wNn2fIwDAg,9h6f1GY2JvKjG7tdJGyWYg,3,Brynda P.,brynda,Female
85,1,5JRxGetpcPIqsfVUTmyUSg,FqNsCBRj3aDVeCNACqIgAg,1,Howard C.,howard,Male
86,2,5JRxGetpcPIqsfVUTmyUSg,KY5H-hMMpRv9ipYuR4SvHA,4,Leanna U.,leanna,Female
88,1,5LK_kB_j2CrXDCsvXXgGzA,iElAOUMXcWeSrF-zRY687A,5,Bradley D.,bradley,Male
89,2,5LK_kB_j2CrXDCsvXXgGzA,wqFAeYjBeOjwFnRWRlW1EA,4,Trisha F.,trisha,Female
90,0,5aMMUf2xYzrMAZqEsf303g,T4xdLHCLLilS_sw-_KLTAg,5,Angelie M.,angelie,Female
91,1,5aMMUf2xYzrMAZqEsf303g,8JTOlXHv7BHkJ0cbkh_evA,3,Scott X.,scott,Male
92,2,5aMMUf2xYzrMAZqEsf303g,WigwJZdJih2-JVJOPbhrKA,2,Anthony S.,anthony,Male
93,0,5skWjUnGeK0Go-LoIOsE3g,pjVmIjzPDGF3icBhUM1Zkw,5,Kinnon W.,kinnon,Male
94,1,5skWjUnGeK0Go-LoIOsE3g,mVrSSG0oV1WhoL5mHrR2wQ,1,Jeff D.,jeff,Male
95,2,5skWjUnGeK0Go-LoIOsE3g,ZWIKjciL6rTDIiPlDZbQMg,3,Jennifer W.,jennifer,Female
96,0,5yE_49qRxO9DBrZDSG058Q,DfXPVXVRVQ9UV38_xrhrBg,5,Jessica M.,jessica,Female
100,1,63Gy5_bq5ctDaECzvXj-lA,gAv2K_iZAtYTlK8AhzIqeA,2,Christian C.,christian,Male
101,2,63Gy5_bq5ctDaECzvXj-lA,jVxAx5mnUj9bK6rEyH2KYg,4,Thomas R.,thomas,Male
102,0,67QmiVYdCbG4PRmF61A5bw,U2ifTpcSk7fliMDdRY_Zeg,5,Emily Z.,emily,Female
103,1,67QmiVYdCbG4PRmF61A5bw,iVcbBnL5ver95rlKVl1w5Q,5,Suzanne D.,suzanne,Female
104,2,67QmiVYdCbG4PRmF61A5bw,Q9RZO4WC2tDPKJ8XK3gZgA,4,Kay N.,kay,Female
105,0,6AY7UJnznddGbrccPDvuNw,9mXn_3KcfBq6v_Z_HvmjCg,5,Mike B.,mike,Male
106,1,6AY7UJnznddGbrccPDvuNw,lx6nhk4lt0S9tTD8hHeQvA,4,Cherry C.,cherry,Female
107,2,6AY7UJnznddGbrccPDvuNw,Yu5j6ouxL0EFirFz22BLJw,4,Lexi H.,lexi,Female
108,0,6I28wDuMBR5WLMqfKxaoeg,j4sMWtpdBxE6rnXfiBTUiA,5,Shazia T.,shazia,Female
110,2,6I28wDuMBR5WLMqfKxaoeg,ui7y4pAIG_r1tdGCZoLZYw,5,Corey H.,corey,Male
111,0,6LCyeuEUxYS2WAERI5uTpA,obXrYWoMab0qesorZqWmwA,5,Charles L.,charles,Male
112,1,6LCyeuEUxYS2WAERI5uTpA,kx_cqyQBSxInBWB3kkFLHw,1,Jason M.,jason,Male
113,2,6LCyeuEUxYS2WAERI5uTpA,nhZCdHo4S8uVxCcaP7YkUg,5,Denise S.,denise,Female
114,0,6OVriioGG7w7Nwq5Q25WtA,A_WfPeM4wxqN7Ic4L3bqQg,5,Paige L.,paige,Female
115,1,6OVriioGG7w7Nwq5Q25WtA,ubdmoHpKs4-bmmk6OGhsaQ,5,Maggie S.,maggie,Female
116,2,6OVriioGG7w7Nwq5Q25WtA,XHCsicXdUuTEoOPEEJJcqw,5,Richard M.,richard,Male
117,0,6ZKNFPLWRIVWshUkMNlgng,LzXsH_AC2cRsToBJibXqAQ,5,Jean K.,jean,Female
118,1,6ZKNFPLWRIVWshUkMNlgng,xz-6Hu701_Wf9DCvrvfubA,4,Sara A.,sara,Female
119,2,6ZKNFPLWRIVWshUkMNlgng,zSRQ5eP6iunS7ODsNXAVnQ,4,Julia H.,julia,Female
121,1,6pVGmsuyl8hp2-C7okaAnQ,rcKMQoEeUJ9m1_pkPZs82g,1,Aleksey K.,aleksey,Male
122,2,6pVGmsuyl8hp2-C7okaAnQ,6AxMWBoIM8DieO_vBlIong,5,Alexia M.,alexia,Female
123,0,7DwqCE8mHqlDw_oZ2VfdBg,MXeIRQgbxbsBNdXSkaF7GQ,5,Ridge W.,ridge,Male
124,1,7DwqCE8mHqlDw_oZ2VfdBg,p1IAKQ_LTGuQCS2-b5imUA,5,Crystal H.,crystal,Female
125,2,7DwqCE8mHqlDw_oZ2VfdBg,_O4BRhcdLhUwqICYKuENJg,5,Trudy A.,trudy,Female
128,2,7F473Qfy0eRD6_5lgfWTSA,cX899Z_X6I_OTX9-eoJj_w,5,Poornima K.,poornima,Female
129,0,7FUpp4pe3EfLlb0ij9QQ_A,HduboCL_JXmrQFK54RJ-xQ,5,Thomas R.,thomas,Male
132,0,7KNvV-UkxOLLWnR1Oj5HMQ,eHBXkzRDhYBPbt4mV1AFuQ,4,Timmy P.,timmy,Male
133,1,7KNvV-UkxOLLWnR1Oj5HMQ,IaXvDmwGyrxeTCLAm5Ev6w,2,Ryan B.,ryan,Male
134,2,7KNvV-UkxOLLWnR1Oj5HMQ,BiJyCmO2we7FnJGR23tyNQ,1,Ria L.,ria,Female
135,0,7MtFRSvnRB4bg2qhzMfR9w,qr8AHG8DTJ7hF7-Iv4K9Eg,5,Jennifer J.,jennifer,Female
136,1,7MtFRSvnRB4bg2qhzMfR9w,6lfIh6_WjhefIhK8DfbfBw,4,John K.,john,Male
137,2,7MtFRSvnRB4bg2qhzMfR9w,pidjoJPsn2v59BPVaq24EA,4,Heather J.,heather,Female
138,0,7Oj8IKp1pibP4huWecsQ6A,hnr4ISJT_UgRqJX9ajowZw,5,Kristin F.,kristin,Female
139,1,7Oj8IKp1pibP4huWecsQ6A,04cbvzLv-SLqfOi5AageHQ,4,Felix C.,felix,Male
141,0,7a0RMXo2h7puzsB7btFfPA,qxPNfHWjiYRNTob9pUvazA,4,Anne D.,anne,Female
142,1,7a0RMXo2h7puzsB7btFfPA,zMmbie7xN_N97TivfT9lJQ,5,Patrick H.,patrick,Male
143,2,7a0RMXo2h7puzsB7btFfPA,odxp53TzYzUITz7ssHX5zw,5,Brian D.,brian,Male
146,2,7h9cqRLdkOSu5brLTlL7yQ,vQlGGd4MrwCpeyyJ92IFug,4,Nicholas W.,nicholas,Male
147,0,7slrNDFQa94jjvfLaE35Lg,iggbsQQGifYVKbdTcu8DoQ,5,Allison C.,allison,Female
149,2,7slrNDFQa94jjvfLaE35Lg,FenhG69XVXLqEIY1pPhXNA,5,Marjorie H.,marjorie,Female
150,0,82eC8oiAyDH656f9Ke6eqQ,tHCVxoB4_jv4sLE0U6-lEQ,5,Ly T.,ly,Female
151,1,82eC8oiAyDH656f9Ke6eqQ,LDVVS56nIAgusq8staJ27w,4,Briana N.,briana,Female
152,2,82eC8oiAyDH656f9Ke6eqQ,3hjEQE7iIV5ieknXucMoHA,2,Brooke B.,brooke,Female
153,0,912WWoZSdKtmA-w86f-vfg,FS544QbViTASmf5-LFSA-A,5,Cindy V.,cindy,Female
154,1,912WWoZSdKtmA-w86f-vfg,vYi4qdDjvEu9daHC9_-nFg,4,Brittani S.,brittani,Female
155,2,912WWoZSdKtmA-w86f-vfg,Ub8rxP-UJl62Ds014D22VA,5,Jessica K.,jessica,Female
156,0,9OXEAAPONxcA2PQO75fnJQ,-6ReEJL2hOg1FhEInNBaEA,5,Bill H.,bill,Male
157,1,9OXEAAPONxcA2PQO75fnJQ,fmoDEQD37KoisjsNy2SU0w,4,Vince E.,vince,Male
158,2,9OXEAAPONxcA2PQO75fnJQ,5MaIgBUoR0YG8NS-EZNktQ,3,Frances A.,frances,Female
159,0,9YeSEzr8HZMCuQlAyr8FPw,Csi6q0UBhjPkt9Q4yneWdQ,4,Jamie K.,jamie,Male
160,1,9YeSEzr8HZMCuQlAyr8FPw,8ImYgxLszAafOXkaPteiMg,3,Mimi V.,mimi,Female
161,2,9YeSEzr8HZMCuQlAyr8FPw,_Lc0fvXO89Fv_sYx5pPsmQ,1,Brandon S.,brandon,Male
162,0,9nJlVsm9GEz6DFhK5ckaYA,wCz9PgcIYwlmvgWM4jROEA,5,Nicole G.,nicole,Female
163,1,9nJlVsm9GEz6DFhK5ckaYA,mIDWzysy5vhZT61NJc4Ygg,5,Amanda J.,amanda,Female
164,2,9nJlVsm9GEz6DFhK5ckaYA,cNF6iibfoZV8yG11M3wB8Q,5,Kelly P.,kelly,Female
165,0,9odeX4PqGpFGEMurOwoEUg,O7ExFVcqQm_U3K106SnHxA,5,Amit D.,amit,Male
167,2,9odeX4PqGpFGEMurOwoEUg,dbeL7PwF4bFS_VpGUU2AQQ,1,Dom F.,dom,Male
168,0,9yHJsyGu_AtyTlDkVKRYPA,N6zwB9cMV-00G1iARJpGpA,5,Thy T.,thy,Female
173,2,ABJb2NI6ty03Ty4gRvEu5w,xU83XF1TMdFdqaylrTetZw,3,Alison C.,alison,Female
174,0,ADHJW-Yk9_EudJc4QF5Lfw,1talh6XHV9MhOgfsLwMidg,5,Roger P.,roger,Male
175,1,ADHJW-Yk9_EudJc4QF5Lfw,9BdVdATkdJik3t-qmpESuw,4,Michael H.,michael,Male
176,2,ADHJW-Yk9_EudJc4QF5Lfw,yieJbswzbEN8tz2SUg9uDw,5,Rebecca H.,rebecca,Female
177,0,AGJM0sc7l4oA_kknOiLjNw,bWFlo6icekgmI1ckH7e3Rg,4,Aaron H.,aaron,Male
178,1,AGJM0sc7l4oA_kknOiLjNw,vfQaOOA-biDaEPbNXLZvdw,4,Elisabeth W.,elisabeth,Female
179,2,AGJM0sc7l4oA_kknOiLjNw,bGgkhRG53hohivGSXf4xnA,4,Edna B.,edna,Female
180,0,ANRznMzskndUpHA93KdEbA,RkT5J_hMk5r-yX3TOq-ueQ,5,Paula B.,paula,Female
181,1,ANRznMzskndUpHA93KdEbA,fvJiOR6vggq9-KXHrEvddw,4,Brian F.,brian,Male
184,1,A_07i6q6Y_62Ti4_obb-tw,w2X-nBecLuWxv9ljfudW_A,4,Sophia K.,sophia,Female
185,2,A_07i6q6Y_62Ti4_obb-tw,mFrPaav0VpgXG8FUUjsDbg,5,Zacarias D.,zacarias,Male
186,0,Agfl7057tpDMJ1O5s3oR7Q,CRzItIi1lGpWqnMqLR4fJQ,5,Troy K.,troy,Male
187,1,Agfl7057tpDMJ1O5s3oR7Q,emLtTXhpum6-15NJoJeSZQ,4,Dominic D.,dominic,Male
188,2,Agfl7057tpDMJ1O5s3oR7Q,vvNbSLKK-qUA0pgv7ioChw,3,Megan W.,megan,Female
189,0,BQhcvUAbrqzsLsew1STD-w,jjv9yewVrRl0YMsnz8f69A,5,Kristi W.,kristi,Female
190,1,BQhcvUAbrqzsLsew1STD-w,ed1jnx2eC1MqtYvIn7csAA,3,Wendy Z.,wendy,Female
191,2,BQhcvUAbrqzsLsew1STD-w,P9XooTu3fCszmlsJzBSWvQ,3,Sara C.,sara,Female
192,0,BTCBt7LyViMH5i4g0hrEAA,7ugqF4LYrqMQDAnR17S6SA,5,Ari E.,ari,Male
193,1,BTCBt7LyViMH5i4g0hrEAA,3PmWpKBS6hhxXdgLk7lZ-g,4,Ellen C.,ellen,Female
194,2,BTCBt7LyViMH5i4g0hrEAA,10xNJhSYt5eFjSWwsxbT-g,1,Bella C.,bella,Female
195,0,Bb-j-Kq81pFjmorKmkyp0Q,iQt2NgIo3b4xroKVmVVkuA,5,Ingrid B.,ingrid,Female
196,1,Bb-j-Kq81pFjmorKmkyp0Q,RhklNh5IRkuZEeoL7mS6Vg,4,Johnathan T.,johnathan,Male
197,2,Bb-j-Kq81pFjmorKmkyp0Q,QvvKcD_zDtL7O01mYQTnXA,3,Marcela V.,marcela,Female
198,0,Bc0odaNt6wsRPzRQQ63QEw,OalpIkbfBI7tTZudwOQLBA,5,Martin M.,martin,Male
199,1,Bc0odaNt6wsRPzRQQ63QEw,fqP0BBVvZdxokbIT064x-Q,3,Lisa P.,lisa,Female
200,2,Bc0odaNt6wsRPzRQQ63QEw,0G5Tbzg27zS9F4bZtmn61g,4,Mike C.,mike,Male
201,0,BeGo3TSuhF7fOv0dzp0s1g,XISe-wgXDMxTHuU7udl1sg,5,Gill M.,gill,Female
202,1,BeGo3TSuhF7fOv0dzp0s1g,4LCWB2QGO0AgmqoDi5_zSw,4,Madison L.,madison,Female
204,0,BjKwxeIijb7SDkYx7N932Q,hS0ff6tQTxjzMX-fHPxvxA,5,Max P.,max,Male
206,2,BjKwxeIijb7SDkYx7N932Q,8TVZZDrDyN0ZmqvVoiH1-g,5,Karl Erich M.,karl,Male
207,0,BuommRrsIjKcvn4KEP-zKg,j4PPh_5sWfuMHV3JywIp-w,5,Marian V.,marian,Female
208,1,BuommRrsIjKcvn4KEP-zKg,V0BdcfvBgSiA_bYz_zd6sQ,4,Stephanie P.,stephanie,Female
209,2,BuommRrsIjKcvn4KEP-zKg,QadGtWX9OSfiYEKWLq5l_Q,3,Monica S.,monica,Female
210,0,C093QdgQoTYiHGv2YSi62w,DphnGSTK92e6gUl9Q1SmgA,5,SonyA C.,sonya,Female
211,1,C093QdgQoTYiHGv2YSi62w,PfGtRz-uIUGWXzMzzoCOsA,1,Jamison V.,jamison,Male
212,2,C093QdgQoTYiHGv2YSi62w,cJLomQB5DjwyOjo8uDc2-g,5,Nick M.,nick,Male
214,1,C2Fb3mvxQ4r9ZJZaInF5OA,qX0wNn6e3SkNmw9gLsdAdQ,4,Nita B.,nita,Female
215,2,C2Fb3mvxQ4r9ZJZaInF5OA,fZkdZawrER3N2alpUJb-AQ,4,Thomas B.,thomas,Male
216,0,CBtPOA-XinCkXRRVRj7_Yw,rjQvtLDp5j8oyOT2CEYayg,5,Kelly H.,kelly,Female
217,1,CBtPOA-XinCkXRRVRj7_Yw,G59QXtQkuD1nvapP27jzuQ,1,Pete L.,pete,Male
218,2,CBtPOA-XinCkXRRVRj7_Yw,KgCOywQV7IIQ7IlJi6SHCw,5,Troy B.,troy,Male
219,0,CCwVyTW8mHnJzYydtcEVjQ,iWgTEZUcSTaMxAvzH75JPw,5,John C.,john,Male
220,1,CCwVyTW8mHnJzYydtcEVjQ,OZeihfmrq7CW-4s0Sq8stQ,5,Lashonne W.,lashonne,Male
221,2,CCwVyTW8mHnJzYydtcEVjQ,x-ST96j_itSGquBFgtkrHQ,4,Stella W.,stella,Female
222,0,CDbu6A1fVHm8sZbDbD-x7A,oNmziuwlZOv-2UCohUDU0w,5,Jack Y.,jack,Male
224,2,CDbu6A1fVHm8sZbDbD-x7A,iLiI1qKhPYDyUztVZ3jtFA,5,Grace D.,grace,Female
225,0,CKxp6p22ipCo94iLieXzbQ,geaUgPSE5ZaAtve1XSi0xQ,5,Melody S.,melody,Female
227,2,CKxp6p22ipCo94iLieXzbQ,8Iq8hXamv0rhz1C4WJ9bgA,5,Abigail L.,abigail,Female
228,0,CQTpGFDDc7_0eNlSN9uf3w,bnM8e50M9NhetiTHymlf5A,5,tiara a.,tiara,Female
229,1,CQTpGFDDc7_0eNlSN9uf3w,JpSRkyAtZ6zAVnDOZJ49Vw,1,Paula C.,paula,Female
230,2,CQTpGFDDc7_0eNlSN9uf3w,Qa6TwMNqU8oO005-MFdOCQ,5,Alison B.,alison,Female
231,0,CXH3TymWZLLOVIKQ7fh9Ng,tHL2q-py-Xv0dSZdU8fZFg,5,Andrea A.,andrea,Female
232,1,CXH3TymWZLLOVIKQ7fh9Ng,v3ya0X1v4_NyP_DE_3698Q,3,Lauren P.,lauren,Female
233,2,CXH3TymWZLLOVIKQ7fh9Ng,wpFfVQ1_Fq8KShDuZPPlwA,2,Michelle N.,michelle,Female
234,0,CzDQFSEejwREb-iBMS7rlg,Q559QJ6BmykC9S3QOzht2A,5,Michelle L.,michelle,Female
235,1,CzDQFSEejwREb-iBMS7rlg,bxCNeqVfhXMolBSqL6pvYg,2,Melody S.,melody,Female
236,2,CzDQFSEejwREb-iBMS7rlg,XHFpUmiS38yY067popWF9g,3,Andrea R.,andrea,Female
237,0,DC1S5q5uHmRnHNMOtgGUYA,pYD3QML58mW5FkIIDDdCCg,5,Kristi S.,kristi,Female
238,1,DC1S5q5uHmRnHNMOtgGUYA,-ZTQrWRIbz01DtmWjRcYTA,1,Carla S.,carla,Female
239,2,DC1S5q5uHmRnHNMOtgGUYA,jCvoKIM490W9A0NNVY__JQ,4,Sumner S.,sumner,Male
240,0,DULfZDXKWLmX7MIH0J04yg,tZGfrrLidvFqxO_miHJG6A,5,Alan T.,alan,Male
243,0,DgRJ8M0108r6BTCSZqXMsg,Qj1-naxrevrVs6smwWrA-Q,5,Cassie H.,cassie,Female
244,1,DgRJ8M0108r6BTCSZqXMsg,Z2csocEPWKN64zk9-v172w,4,Diana G.,diana,Female
245,2,DgRJ8M0108r6BTCSZqXMsg,uv-QOwCdsaZzed5UrCfrdw,5,Brian D.,brian,Male
247,1,DkSBfhketfSxcUkeJX9l1w,1YolVUCNAf4IOoVakH6a_w,4,Karen Z.,karen,Female
248,2,DkSBfhketfSxcUkeJX9l1w,tzT_M0AF88rGmcf6QahdEw,3,Mark B.,mark,Male
249,0,Dr9CxgdePozHGwU4beaYGQ,J24Sn2V61s3raDorL1GLrA,5,Anna Lai M.,anna,Female
252,0,Du_xluM54rQ6US09SfKQqw,FSlB1REZTV-Gz-ljDCLCJA,5,Panos The Monkey P.,panos,Male
253,1,Du_xluM54rQ6US09SfKQqw,MCSZCdr4VRmpAL4bwmGiPA,2,Brynne R.,brynne,Female
255,0,DxTkqDJ35YS3QoMD94jH_Q,jMcLn8-ZboYlmWboQDQm2A,4,Gloria F.,gloria,Female
256,1,DxTkqDJ35YS3QoMD94jH_Q,DTbX6PbvAbmozfTkG6otOA,2,Abby K.,abby,Female
257,2,DxTkqDJ35YS3QoMD94jH_Q,A4ly_WxwhfOqVQq0EE_W8g,3,Violet S.,violet,Female
258,0,DzLycxXa20wdlYeTcyc5-A,DdJlEb6BedPL61RGh1jH_A,5,Jean K.,jean,Female
259,1,DzLycxXa20wdlYeTcyc5-A,Vxtcu_uSU2Lq_el1_cDq8w,4,Jessica M.,jessica,Female
260,2,DzLycxXa20wdlYeTcyc5-A,JR5oMnTdFcnPvkCrEGH1WQ,3,Cailin Z.,cailin,Female
261,0,E0jzAxh2u7ifsOeZ4qnp6A,3YxPSaQqT9TZKwsnLG2Y7w,5,Kelly M.,kelly,Female
262,1,E0jzAxh2u7ifsOeZ4qnp6A,ip-hJ8GcBmrCvSyGm15L2A,4,Kemper M.,kemper,Male
263,2,E0jzAxh2u7ifsOeZ4qnp6A,VmvEwdp3K9n8SVxN-iYOOg,3,Chelsea C.,chelsea,Female
264,0,E2RsFwEh-HAsdZiGNevKFw,0uxBDaG3fE7Q7fQyljiqPA,5,Evelyn K.,evelyn,Female
265,1,E2RsFwEh-HAsdZiGNevKFw,bR-UGNXkvXvHpC4wuP3NZA,3,Paul S.,paul,Male
266,2,E2RsFwEh-HAsdZiGNevKFw,_1CChLZ9_p67NP10_eV6Dg,5,Sara S.,sara,Female
267,0,E4PzUSFuduzS6tLmGgosoQ,DKwPoEpVc0DH2mKqDWovUg,4,Alice L.,alice,Female
269,2,E4PzUSFuduzS6tLmGgosoQ,cTwGCWc3wTrWReupM2NRxQ,4,Rosa K.,rosa,Female
270,0,ETNgc0_89CJL47frkQUpog,0EjynZkWRgGBhNEvc3kn_A,5,Leonora C.,leonora,Female
271,1,ETNgc0_89CJL47frkQUpog,nkUj3yl7zp34GtfRbprJkg,4,Christy K.,christy,Female
272,2,ETNgc0_89CJL47frkQUpog,DngEv8F10NdkpQqvaGODlw,4,Shereen C.,shereen,Female
273,0,EWrDx-M8HJpR0wVJHrflNg,ISntc0-ZbPclKiNnzcmzLA,5,Mandie R.,mandie,Female
274,1,EWrDx-M8HJpR0wVJHrflNg,0EAWO-HCW6_SFbFAV5-N1Q,2,Ivana S.,ivana,Female
275,2,EWrDx-M8HJpR0wVJHrflNg,BrDMdb8MZuIHL0AheNxB2A,4,Sachi E.,sachi,Female
276,0,Eh-7d5coQltQfQWAtWnPyg,8I_2x3dOv5yUH5QlMqNhDQ,5,Stephanie T.,stephanie,Female
279,0,EqJ5oOcy6DWx9WSp1lqAQw,gw8spjjp5RzCmJccy1Vdhw,5,John A.,john,Male
280,1,EqJ5oOcy6DWx9WSp1lqAQw,uk0uKo3U-d2dWZB9hn6jtQ,4,Frank O.,frank,Male
282,0,EskPa0x-VaJLSE-C7JuUkg,nZA3EAeZzwnz1BjAXYGNkw,5,Sophia K.,sophia,Female
283,1,EskPa0x-VaJLSE-C7JuUkg,3VwWN8E-VEDhImwVpN_UXA,4,Jonny M.,jonny,Male
284,2,EskPa0x-VaJLSE-C7JuUkg,xdjGt9iHnuliMh1D5q_Mpw,2,Michelle E.,michelle,Female
285,0,F18suFsmc9j5srBk36GXaA,fSZC8-a6GgKLos5_e5u2AA,5,Patrick S.,patrick,Male
286,1,F18suFsmc9j5srBk36GXaA,oCP8eBbuqbOohZwc9YRpTw,4,Valerie W.,valerie,Female
287,2,F18suFsmc9j5srBk36GXaA,at6IlmhhmJaYMJ0HMTtZ7w,5,Rubina P.,rubina,Female
288,0,FVzl8rDPiTWEtrNEuCu-Xg,ZylEsFHI_eVmaorMhbIJvQ,5,Kary V.,kary,Female
289,1,FVzl8rDPiTWEtrNEuCu-Xg,HleUNRsibUcQ0eKd53axGA,5,Andrew L.,andrew,Male
290,2,FVzl8rDPiTWEtrNEuCu-Xg,iqMZTBuiB61k-OoPaApXKQ,5,Daisy A.,daisy,Female
292,1,FW0tkJPbW6rIuPRbgKUdwg,NXU0N7UhRHpmpGDPZ0uk9g,5,Madison L.,madison,Female
293,2,FW0tkJPbW6rIuPRbgKUdwg,mIUmucBxuaO5ZSrKkhzXzQ,4,Tony A.,tony,Male
294,0,FWQCmFEe74oh7UmSHjZ1LQ,q_g_Zrejek4PFqGjY61m7g,5,Cassie J.,cassie,Female
295,1,FWQCmFEe74oh7UmSHjZ1LQ,kaSpRb2i0bhMIfnvQnKsxA,4,Daniel K.,daniel,Male
296,2,FWQCmFEe74oh7UmSHjZ1LQ,fbTKTBMQYvAAq8wiG0ou6Q,5,Tricia P.,tricia,Female
297,0,Fnn8DbblPlC-gtiFTrUyEw,mS8dgOE5h1KBEL3oHoLCUA,4,Jenny L.,jenny,Female
298,1,Fnn8DbblPlC-gtiFTrUyEw,PHIiGM6rGCJ4PYRJgAJRJg,3,Andreas H.,andreas,Male
300,0,FrHhYevaOhs40xpuOpQiHg,ElsIvgg1YqPk9YP5DHUU7Q,5,Natasha G.,natasha,Female
304,1,G-p5SgQnBM5e8XxMMO1qOg,qA5aZxaOc8UR0QIReiriMQ,4,Lauren P.,lauren,Female
305,2,G-p5SgQnBM5e8XxMMO1qOg,9DGYtrLMO9-eDhivzrph8w,5,Kameron B.,kameron,Female
306,0,GJ7YW4pZgZMe-M2AVdNt2w,DCU_Ng67sB4Mo64mYs6MmA,5,Don W.,don,Male
307,1,GJ7YW4pZgZMe-M2AVdNt2w,e5pmG-WaKVbfTlnDwIpKvA,5,Brittani S.,brittani,Female
308,2,GJ7YW4pZgZMe-M2AVdNt2w,dPRDFfbtmjb-Mbb7wIdWXg,1,Dae K.,dae,Male
309,0,GiDMkHsWj2AtHZAPTjBD-A,I8cyYuFapLN9tUmS2BD4bw,5,Annie T.,annie,Female
310,1,GiDMkHsWj2AtHZAPTjBD-A,3u2jQ4uUnnAiY_IkZbxIlw,4,Ashok S.,ashok,Male
311,2,GiDMkHsWj2AtHZAPTjBD-A,ujzt5K7_Gky6oWIShw3i2Q,4,Nora S.,nora,Female
312,0,GiyFVen8ZqJHO8LGGIn2fQ,t0PRnNKo064YaOR_V9aRew,5,Mike S.,mike,Male
313,1,GiyFVen8ZqJHO8LGGIn2fQ,awt7VUIZJz-uzokjw4tbyw,4,Paul K.,paul,Male
314,2,GiyFVen8ZqJHO8LGGIn2fQ,juBUs3qERcdlY4J2mEGvvA,2,Myranda M.,myranda,Female
315,0,Gn5erxCRML47GgbGYdxzFA,bWxfxTkkmcAbrH4WtBdITQ,5,Tiffany Z.,tiffany,Female
316,1,Gn5erxCRML47GgbGYdxzFA,XZ8uvuLDgMooo3i4SilsTw,5,Tula P.,tula,Female
317,2,Gn5erxCRML47GgbGYdxzFA,6YjsgtVnLM80z8mHobG4zQ,4,Jelena S.,jelena,Female
318,0,GrFxdNfPvdlVrueRY7XERg,MAM8gDXkVyrBhEpuMRcWYw,5,Michele L.,michele,Female
319,1,GrFxdNfPvdlVrueRY7XERg,0kZ05fQUwhSdFDJfWd6dtA,4,Jimmy L.,jimmy,Male
320,2,GrFxdNfPvdlVrueRY7XERg,jypvQteLsL1KdqfXTYO23Q,2,Kristie C.,kristie,Female
321,0,H9cFW1c4LVapT6TAbM65oA,kl788aaCRwCiVl1dCQPizg,5,Maren H.,maren,Female
322,1,H9cFW1c4LVapT6TAbM65oA,_HCJzWK1xKJpZOQbNYpebw,4,Karen Z.,karen,Female
323,2,H9cFW1c4LVapT6TAbM65oA,NagBTLmV9--BmxLKV275ZQ,5,Jessica Z.,jessica,Female
324,0,HIQzFuDJ8yDJbA2hymxXgQ,ucHgPXyB8_fyJCE0ZScK2g,5,Jeff H.,jeff,Male
325,1,HIQzFuDJ8yDJbA2hymxXgQ,gGthOZg9s_FY2vHYdhmdng,3,Monica S.,monica,Female
326,2,HIQzFuDJ8yDJbA2hymxXgQ,v48qTBjMw9xvPz-xzMV6kw,4,Madison S.,madison,Female
328,1,HxZlj0Jl1H0aPZGSjjLQPQ,TFYIA2z3tassPm_77s7rQg,4,David H.,david,Male
329,2,HxZlj0Jl1H0aPZGSjjLQPQ,lfP29iyFssWzwp9A2gH-2w,4,Ellen B.,ellen,Female
330,0,IH8iJ8nZv9Zjt-zZjwtZ5Q,E87GqslxmoqkQ-yboz0k_g,5,Joe L.,joe,Male
332,2,IH8iJ8nZv9Zjt-zZjwtZ5Q,s0I-UAE0g2r-_ivXL9QuuA,1,John B.,john,Male
333,0,II9xE3sTLprLUv2pui0Arw,JndnKJL5x8hnYeaInGkisQ,5,Carly C.,carly,Female
334,1,II9xE3sTLprLUv2pui0Arw,2e-rQLl8S90yhH4PyME_BQ,5,Scott C.,scott,Male
336,0,IIHDuM9KiNBwL3mm5et_IA,pOSuMEjFpJAs8qQnQfCcLw,5,Adam P.,adam,Male
337,1,IIHDuM9KiNBwL3mm5et_IA,I7hu90OKTxoVqeiypjtu2Q,3,Noelle B.,noelle,Female
338,2,IIHDuM9KiNBwL3mm5et_IA,f8m_r2dfomFaB7zKJoNypQ,5,Carol B.,carol,Female
339,0,ISHrur1Mkqhvp921Ei_QhQ,gBv3aN6gAGHU7BPwdrRicw,5,Sean H.,sean,Male
340,1,ISHrur1Mkqhvp921Ei_QhQ,jjYB_0Vc_ahOE1kiFDXEwg,4,Andrew G.,andrew,Male
341,2,ISHrur1Mkqhvp921Ei_QhQ,klc7lGd6QUmmE4mHIMoEgw,4,Cheryl G.,cheryl,Female
342,0,IWZNSvdNJVfXMePsNTk4JQ,xXEgUH_fN-25bvYxzXJ7XQ,4,Madison L.,madison,Female
343,1,IWZNSvdNJVfXMePsNTk4JQ,5BdN5FZqwjlI5drkM-aeRw,4,Chris S.,chris,Male
344,2,IWZNSvdNJVfXMePsNTk4JQ,BzfperZn3dNwMl2OU_dBJw,4,Noah B.,noah,Male
345,0,I_CSx8FEEfK0-Pwpazek6A,c_H1Wb6iPHiLfqjeplW8Og,5,Chrystal C.,chrystal,Female
346,1,I_CSx8FEEfK0-Pwpazek6A,5Q3IixYy6wlEzxdc2T3LhA,4,Mike L.,mike,Male
347,2,I_CSx8FEEfK0-Pwpazek6A,hEykpIgrznuuDDPx16hHeQ,5,Rebecca M.,rebecca,Female
348,0,IbRT1K1TQ7mFXjlIZ9onUw,Ns1kWWv1Sf1G0QCMLNf8Mg,5,Jenny B.,jenny,Female
349,1,IbRT1K1TQ7mFXjlIZ9onUw,b2BC4WNSc9QzqRjaZVVDhA,4,Patty S.,patty,Female
350,2,IbRT1K1TQ7mFXjlIZ9onUw,UBKdvmYlzTKxHa7GJUKk9A,4,Jeff G.,jeff,Male
351,0,IeLDRhva7CJ3EXuYw5xgVg,hIjDLZi_-ARZQUmNN5tr5w,5,Amit S.,amit,Male
352,1,IeLDRhva7CJ3EXuYw5xgVg,tRQP46pFlyAOXhElyD-MuQ,5,Mary T.,mary,Female
354,0,IsWM7BrvfZgZfZnC22_64w,_2yfsn5mCsJY6u4_dpgfTw,5,Cassie N.,cassie,Female
355,1,IsWM7BrvfZgZfZnC22_64w,b8nodJL9Yqt1BgtozBGF2Q,2,Jelena S.,jelena,Female
356,2,IsWM7BrvfZgZfZnC22_64w,Sq88we4fHcYS2ViqDbJajw,2,Janet N.,janet,Female
357,0,IsvlaFF0EPEhh3ahTuC4xg,8hw3QwU8YTiTdSuzacg4Hg,5,Charisse E.,charisse,Female
358,1,IsvlaFF0EPEhh3ahTuC4xg,vdj92P--R2vp61aiqv7fsg,3,Jennifer O.,jennifer,Female
359,2,IsvlaFF0EPEhh3ahTuC4xg,spyuCaxF4Ag7dV5RpoTpUw,4,Zacarias D.,zacarias,Male
361,1,IwvgpF_oVSsDgfo7nwGSSA,EBXSapdaSwC1P5VtfJ98Xw,3,Paulina H.,paulina,Female
362,2,IwvgpF_oVSsDgfo7nwGSSA,5Ef629lk72fPMcLnCkBMrg,4,Pauline L.,pauline,Female
363,0,IyIg8h-DvOv6utEsnqBndg,0XPFojMd0lTeisL8hQrBNw,5,Mary N.,mary,Female
364,1,IyIg8h-DvOv6utEsnqBndg,zulkNaofLLxILz1UrJfsaw,5,Joyce C.,joyce,Female
365,2,IyIg8h-DvOv6utEsnqBndg,nEmDiYPnOmR8wRGGcC3Riw,4,Tony A.,tony,Male
366,0,J2ndikPv-NSpE7LE8QaIBQ,YevO1dexjCrte-amSv-HMQ,5,Derek F.,derek,Male
367,1,J2ndikPv-NSpE7LE8QaIBQ,WE23KZf3kKEfifNzSmK1ew,5,Kaycee G.,kaycee,Female
368,2,J2ndikPv-NSpE7LE8QaIBQ,kJqOllFSe77gzK_mMM8Bzg,5,Nicole F.,nicole,Female
369,0,J9bhapJJZhYc5jAQGz9MEA,q3QDaJIN9HALevKHrrSL9A,5,Amita J.,amita,Female
370,1,J9bhapJJZhYc5jAQGz9MEA,uss2FT6ONLjHXzEwfdGhpA,1,Laura L.,laura,Female
371,2,J9bhapJJZhYc5jAQGz9MEA,pAWCV1P7yx2H2YtwU1WgmA,5,Jacob B.,jacob,Male
372,0,JC3rQWUEtbfptZplVYLCcw,rNkj87gCAcPLnr6cYB3b_Q,5,Karen U.,karen,Female
373,1,JC3rQWUEtbfptZplVYLCcw,DfvZs98LWTIQ2f6TPV50-w,4,Amira J.,amira,Female
374,2,JC3rQWUEtbfptZplVYLCcw,s-VNo4wsRVKvQ4_yGevRoA,5,Shandelle B.,shandelle,Female
375,0,JQAKcOzObl2I7vLKZLkBdQ,J1Z7xNaBlynTJwDjdit_4w,5,Jelena S.,jelena,Female
376,1,JQAKcOzObl2I7vLKZLkBdQ,jt27tjUp8GEv8AdQYk4O6A,3,Briana N.,briana,Female
377,2,JQAKcOzObl2I7vLKZLkBdQ,cclfyDYggZ9ZA8pdBmUJNA,4,Manasa M.,manasa,Female
378,0,JdgB2EqwAxxuHOChlf5Ncw,fJv9fkSqlr_s3u_huj6AZw,5,Krystal L.,krystal,Female
380,2,JdgB2EqwAxxuHOChlf5Ncw,SCTDtyeYX5yPuSE-K9QC1A,4,Christy G.,christy,Female
381,0,JlHk77mTlp3xzrDHeYyyfA,FvSnSXMQcYtz--PjTWMrmg,5,Sheila B.,sheila,Female
382,1,JlHk77mTlp3xzrDHeYyyfA,SHQ48KKieBydQg4OF04isA,2,Jessica T.,jessica,Female
383,2,JlHk77mTlp3xzrDHeYyyfA,j6yjI1GZcdr6kAJwPDS3rg,3,Dhananjay V.,dhananjay,Male
384,0,Jm4BDL94PQmfGuVZxDKytg,yDfrIHGYMy4Pe-0bKF623g,5,Rick K.,rick,Male
385,1,Jm4BDL94PQmfGuVZxDKytg,2gVI01t2-kXG8OOYbFrRwQ,5,Dwayne S.,dwayne,Male
386,2,Jm4BDL94PQmfGuVZxDKytg,J2NRr8cC9C3TK58RXwuAeQ,4,Jennifer O.,jennifer,Female
387,0,JxNX5xp8OV0MVmKrAz7i1g,kurhuZu4ZLx9wVxwyR4rrw,5,Alison P.,alison,Female
388,1,JxNX5xp8OV0MVmKrAz7i1g,wgBWuQkHeSzdi2XQ8RyjqA,3,Dianna T.,dianna,Female
390,0,KHcMr7zOIpcb0R3MWMjY-Q,LBny6odTPBscaS_4GubAtA,5,Katie H.,katie,Female
391,1,KHcMr7zOIpcb0R3MWMjY-Q,CxAGKCiH3n27drNM7jbWzg,5,Anja K.,anja,Female
392,2,KHcMr7zOIpcb0R3MWMjY-Q,CT-4ZsTbs32LbWxQViE1wA,5,Kyle J.,kyle,Male
393,0,K_G6T0glFoVGL1jUWrIgMw,VeXVHJVE7WNPn-hGMZT9uw,5,Amy F.,amy,Female
395,2,K_G6T0glFoVGL1jUWrIgMw,jACubf0xYqpm2p_URsa6Zg,2,Jeff S.,jeff,Male
396,0,L8RRAd-JZ0Bd4MER0yyX-g,HgbNuNHlAN_n4_OBd0_YfQ,5,Emily L.,emily,Female
397,1,L8RRAd-JZ0Bd4MER0yyX-g,0npwv8Ak_z38S_z0-oyUWQ,5,Andrew P.,andrew,Male
398,2,L8RRAd-JZ0Bd4MER0yyX-g,TXBi4-cgQN-m7nPd55rSbQ,4,Lance L.,lance,Male
399,0,LAj25s5eeEP9Tarl-pEzYg,6ZDVKdkfPejrnhrIkbBRmg,5,Ingrid B.,ingrid,Female
400,1,LAj25s5eeEP9Tarl-pEzYg,v0pw3lk2KxZvDk__OZSetg,2,Chris J.,chris,Male
401,2,LAj25s5eeEP9Tarl-pEzYg,0xMngL9zF52sYDbny73dvw,4,Debbie K.,debbie,Female
402,0,LKNeBxs0pl1oiAQ2LpmTgg,XjwkYzeTxkU9xqfMPHD3NQ,5,Leonel S.,leonel,Male
403,1,LKNeBxs0pl1oiAQ2LpmTgg,_u2b-FNJ0woWYF0hqV7uCQ,4,Edward W.,edward,Male
404,2,LKNeBxs0pl1oiAQ2LpmTgg,lrtspoS1T_k_pA6Jm8dLzQ,5,Ben N.,ben,Male
405,0,LaF6ZwGWP-y8pAs5M3LUBQ,7oLysn_3362vXop5EL7AIw,5,Gracie M.,gracie,Female
406,1,LaF6ZwGWP-y8pAs5M3LUBQ,TYXAwflUui5fjaPb4oRGYg,4,Dianna N.,dianna,Female
408,0,LgFHQfdw5qz7QZM3klYk5Q,k_ZlvvohsayTooRQdQTq0g,4,Mike O.,mike,Male
409,1,LgFHQfdw5qz7QZM3klYk5Q,8jTDm7vi4cCtl9_xFtD5_g,5,Trina H.,trina,Female
410,2,LgFHQfdw5qz7QZM3klYk5Q,yRn_LB1eKGL5ggyGrQkzig,5,Gayl B.,gayl,Female
411,0,LlknJk1Ah9F1LsiohykL6A,S9LDF2nyNfRXTbDLsh0i4Q,5,Jasmine H.,jasmine,Female
415,1,Lw7NmZ3j-WEye97ywEmkXQ,hITZ0y3PWIIPDMRxel9fmQ,4,Isobel P.,isobel,Female
417,0,Lwg4Mzmxl9a6yDwWnMpghQ,EkrjUbJs1OPP2bf_kHwn7Q,5,Doris W.,doris,Female
419,2,Lwg4Mzmxl9a6yDwWnMpghQ,ERHgIgez5t89njzhGRoJ2w,5,Scott X.,scott,Male
420,0,LyLnvJhYsKdQ35ySKwRX3w,JxvBS7X7_CUWBUrWdXhSRA,5,Juana W.,juana,Female
422,2,LyLnvJhYsKdQ35ySKwRX3w,nCNZdMqoM5ErpSESrvgGLA,4,Claire H.,claire,Female
423,0,LzRy0uXeR2vW6u6gYxgA6g,97_HkY5zwjGoOmV_3Ac9cw,4,Ryan F.,ryan,Male
425,2,LzRy0uXeR2vW6u6gYxgA6g,O9Gdp62FguP3yghd2nF1Lg,5,Judy T.,judy,Female
427,1,M-YAOhkLGHc90PhOI7z5gg,Vv0cujI64S-84it5iOxGKQ,4,Wendy Z.,wendy,Female
428,2,M-YAOhkLGHc90PhOI7z5gg,hGyToiAlBumgKmPYw6AiZg,5,Connie L.,connie,Female
429,0,M5gjalaqrlkVm55RHqiaaA,JknFs_szG2a3tGHza7EPYA,5,Vinh N.,vinh,Male
430,1,M5gjalaqrlkVm55RHqiaaA,hzMt8_vAxA_cIdEn8niLIw,4,Abigail A.,abigail,Female
431,2,M5gjalaqrlkVm55RHqiaaA,iXWTgl2v1BuMqaYSxiayuA,2,Kimberly Q.,kimberly,Female
432,0,MARpjcuJ3XgHPFH7ZdUz4w,_6AHZ6pdVRD4gD7aWMvF4w,4,Suzi B.,suzi,Female
433,1,MARpjcuJ3XgHPFH7ZdUz4w,vktmqiyiwVkwuGPg6u7W0Q,2,Shandelle B.,shandelle,Female
434,2,MARpjcuJ3XgHPFH7ZdUz4w,5DKRYT8NiyHwLluITWQlWw,1,Ron K.,ron,Male
435,0,M_SIKa0HhrSPqhx4LWt46A,p3y_KTp6K9h6wPpqlFRDdA,5,Victoria W.,victoria,Female
436,1,M_SIKa0HhrSPqhx4LWt46A,fXocGP_UkS_87M09eqCS4A,4,Mike M.,mike,Male
438,0,Mbvj0Tah6pvd6wTGLIR-RQ,3nd5AlI4L_DGpyHgKeFm1Q,5,Jamie P.,jamie,Male
439,1,Mbvj0Tah6pvd6wTGLIR-RQ,cLOAynJLZpNwwVF7hnEdOg,4,Jessica F.,jessica,Female
440,2,Mbvj0Tah6pvd6wTGLIR-RQ,KGgkKUDkL1lJNsl8vwDnLw,5,Jim C.,jim,Male
444,0,MjMXO2ulwd4BP_q_n9jKXg,z4IGK6BnLKQvLLwPH8zLXg,5,Adriana G.,adriana,Female
445,1,MjMXO2ulwd4BP_q_n9jKXg,_zFvEq0zkITOsnoBvQo2gQ,1,Laura V.,laura,Female
446,2,MjMXO2ulwd4BP_q_n9jKXg,kxvVSlp0fsSaLt9SrngsOg,2,Kristin H.,kristin,Female
447,0,MqKqDQaiaV6xZaGNsSpQYA,SvLaBMkF1g7sIwU0BHIqjg,4,Ethan B.,ethan,Male
448,1,MqKqDQaiaV6xZaGNsSpQYA,QC8QVy3UCK4Q-_i2VWv7NA,1,Vikrant A.,vikrant,Male
449,2,MqKqDQaiaV6xZaGNsSpQYA,WqX0YkmF5YZ8ZS_qqhTa2A,5,Hanna W.,hanna,Female
450,0,N5Uje7ro3LHo49UXcnPUHg,RxercmeEpth28RMgU0T9lA,5,Ben K.,ben,Male
451,1,N5Uje7ro3LHo49UXcnPUHg,B9XSiG-NfLM1_Mixw_Ms7A,4,Kiki Z.,kiki,Female
453,0,NCDpIDp2f-DhPO5sL5Hbdw,nejXbtr-Z_ic3c2ze9FwtA,5,Sarah L.,sarah,Female
454,1,NCDpIDp2f-DhPO5sL5Hbdw,Dvae_9-_lLwxDdkGALsytg,3,Lindsey S.,lindsey,Female
455,2,NCDpIDp2f-DhPO5sL5Hbdw,nuUFziQ8GFeWY7VScs45Xg,3,Chelsea H.,chelsea,Female
457,1,NMQ_0bDhFQERfFvfaEd-Nw,1x5d8WXSGVcRrstyRuxXyg,5,Mina H.,mina,Female
458,2,NMQ_0bDhFQERfFvfaEd-Nw,cRx_ZKnbhYVP3p1azdnD8Q,1,Julie T.,julie,Female
459,0,NQC0IkaFDWudtb4R6ip3iw,TmSJSF9KHptIrUItONntRA,5,Rebecca R.,rebecca,Female
460,1,NQC0IkaFDWudtb4R6ip3iw,00QKFibOVJaWj8JjSefVGw,4,David B.,david,Male
464,2,NaGkRnNbLcJdI8cF8JE3hw,fwTz_a3BDCUB-BlNUsABtA,4,Anna M.,anna,Female
465,0,NxwrJPJLzTs0k0DQ-QCo1A,81Vw-frA_wvK9Zbpoql5mw,5,Anita C.,anita,Female
467,2,NxwrJPJLzTs0k0DQ-QCo1A,TnGCstqA619Y7TeZ87Tr-A,4,Priya A.,priya,Female
469,1,NzUGHv_3FGGutllmNtAdRg,47mNJJ5nboi9b5-cMvoabg,5,Rebecca T.,rebecca,Female
470,2,NzUGHv_3FGGutllmNtAdRg,jsnvSuNCxZTUMpgkLB24QA,5,Monica S.,monica,Female
471,0,O2JY2k6NgrAwjVgJKLhLqA,gxVmFYO7rZCmD62ZKzG9Cg,5,David Y.,david,Male
472,1,O2JY2k6NgrAwjVgJKLhLqA,ZDToVZBwOPX_SIc-t2Y91w,4,Brooke B.,brooke,Female
473,2,O2JY2k6NgrAwjVgJKLhLqA,xebc-gwRAcoliAYZDWQZoQ,2,Ly T.,ly,Female
475,1,OJlYzcWkdrHhDyzwJi3bIQ,yw7GqqhJMlFr_Sl92fgLAw,4,Richard M.,richard,Male
476,2,OJlYzcWkdrHhDyzwJi3bIQ,qVG1T78ZHAo6Ei-Y7pvJgA,5,Aimee M.,aimee,Female
477,0,OLhD00JNPFLZHLxesbi-Vg,-uNeZDwZ3VYJBGh3EvARbg,5,Drew G.,drew,Male
478,1,OLhD00JNPFLZHLxesbi-Vg,_drCL8lT16EksWjAyGIYdg,5,Maya H.,maya,Female
479,2,OLhD00JNPFLZHLxesbi-Vg,k7CQH4NXZSoTTud_Th8ciQ,3,Huong L.,huong,Female
480,0,OUEJMTWS7w0LsDs3QU7AOw,hpaLk09y24kcXMxs6yBzYw,5,Peter D.,peter,Male
482,2,OUEJMTWS7w0LsDs3QU7AOw,pou4KiWYMs-exzTvGLZXmA,5,Sasha B.,sasha,Male
483,0,OWAGiPYTQTEXc4VRpErOrQ,qHVI07tONZ5NFbc0vyG1_w,5,Garry B.,garry,Male
484,1,OWAGiPYTQTEXc4VRpErOrQ,PtisL_9k1GlxoHKT8whhjA,1,Matthew E.,matthew,Male
485,2,OWAGiPYTQTEXc4VRpErOrQ,-hE4WCYDq5ApNTM_aLAxDg,1,Jacqueline P.,jacqueline,Female
487,1,OaxLsM4V3PD2eAn-wq2oig,n3JbxnmHsUQ3W4dsKqiHLg,1,Jacque M.,jacque,Female
488,2,OaxLsM4V3PD2eAn-wq2oig,QyFDo-hJobKaYlxsNg81IQ,3,Mia Amelia B.,mia,Female
489,0,OiE_FU-Q65Qc5_NemKN9FA,6N8JmEiPEjywN91qwt21eg,5,Nathan W.,nathan,Male
490,1,OiE_FU-Q65Qc5_NemKN9FA,O1EEapWwfcyQfE3AbsjfNQ,4,Kat G.,kat,Female
491,2,OiE_FU-Q65Qc5_NemKN9FA,9y_BMG_oMIHYKu-fASY29Q,4,Jeff H.,jeff,Male
493,1,OjX2LacSZd_w2Olmx55HJA,ObV98wjfv_2VFNl3OOj3nA,1,Kevin H.,kevin,Male
494,2,OjX2LacSZd_w2Olmx55HJA,BpLUazdqDAWTMr0qURi9Rg,4,Jennifer H.,jennifer,Female
496,1,OvIBEJQyd1HyQ1pAUuDVjQ,lDT7ta-1eKzE6oofVyVniw,2,Janet D.,janet,Female
499,1,OwOSuAvxoZpgS3KGkWr51w,AUbdldPWeBHHVQb_ZKuWyQ,5,Austin H.,austin,Male
500,2,OwOSuAvxoZpgS3KGkWr51w,LyYViHHpMae_PuxpqhSCrA,4,Veronica B.,veronica,Female
501,0,P29VT5rdm1YGkaAB9XCn2w,Muajs4k5AqJ_L6ccxChbyw,5,Sarah M.,sarah,Female
502,1,P29VT5rdm1YGkaAB9XCn2w,rWyDySkeKBJRhZgT8miJ4g,4,Jennifer R.,jennifer,Female
503,2,P29VT5rdm1YGkaAB9XCn2w,2U-mtbiDqzkar4FWX5WAXA,5,Annelise H.,annelise,Female
504,0,PPQl2cGmihUtYh5aZ98ayg,gUMPeSbocBi7Ael0c45vOg,4,Madison L.,madison,Female
505,1,PPQl2cGmihUtYh5aZ98ayg,cDgRhuc8fCPiM5aSnyx--Q,5,Suzy G.,suzy,Female
506,2,PPQl2cGmihUtYh5aZ98ayg,UYN-NOeDuaukJjP8YUJW5Q,4,Brooke P.,brooke,Female
507,0,PUaX4P59uKimpmWiRIOfbg,_mhn3hE2s8buP9En8YNTVg,5,Ryan S.,ryan,Male
508,1,PUaX4P59uKimpmWiRIOfbg,O_3DHc7r6pezTvVZxUO8gw,4,Chelsea S.,chelsea,Female
510,0,PWKLXxGZI1On2kRcwM8Hxw,piV3pRewOc9IejjqagqMnA,5,Miranda W.,miranda,Female
511,1,PWKLXxGZI1On2kRcwM8Hxw,eB2ZQxJue3nFup7eAW0jGQ,4,Rachel M.,rachel,Female
512,2,PWKLXxGZI1On2kRcwM8Hxw,ODeBQqQp3CaPocz0H0Pjjw,3,Laura C.,laura,Female
513,0,PZhD1UiXLbaGQQTnmhXD3Q,cysYUT2Sc-So8_txFJ76gQ,5,Doris W.,doris,Female
514,1,PZhD1UiXLbaGQQTnmhXD3Q,30HSGloCktY4pnwV_vGP4g,1,Caitlin H.,caitlin,Female
515,2,PZhD1UiXLbaGQQTnmhXD3Q,3hHBrbA96DtKRt9mqpx0dg,4,Allison E.,allison,Female
516,0,P_jz9_1iamuyQ_GBNhsGgA,8bJZM4tUg_y0CWwxHim-Qw,5,Case W.,case,Male
518,2,P_jz9_1iamuyQ_GBNhsGgA,JD7pUDHxIlYaQzinya_u2Q,3,Sally C.,sally,Female
519,0,Pd_8h8L3hMABR3EEMhRCRA,-XPClzRWn_ue6Xvm4hZ5BQ,5,Karen Z.,karen,Female
520,1,Pd_8h8L3hMABR3EEMhRCRA,UviKjpcwKMW6_VasZCBJrQ,4,Sarah L.,sarah,Female
521,2,Pd_8h8L3hMABR3EEMhRCRA,S_1vG6gu10Qy-GBKdhoO3g,4,Victoria X.,victoria,Female
523,1,PiqdH7s5uYFm2X6l8IK6zA,6B2Vshv6pscUXupbdjD9KA,5,Ada N.,ada,Female
525,0,PzPcYl6pJOLoo9m8c-GaiA,yXgCv1Kk6yevwq2SwPdxOA,5,Jenn T.,jenn,Female
526,1,PzPcYl6pJOLoo9m8c-GaiA,4ZrklxClb1EmrLURDaTx7w,2,Tricia S.,tricia,Female
527,2,PzPcYl6pJOLoo9m8c-GaiA,N6CV5DfMKrRFeRVge-N9Ng,5,Nicole L.,nicole,Female
528,0,QKIH0ALmEGsRuFRDRRn9oQ,sk0Vmnuv2PXgOb9_tBkQ5Q,5,Laura C.,laura,Female
529,1,QKIH0ALmEGsRuFRDRRn9oQ,ZA_cpf_MoHPlwuG_cdTdxQ,4,Anne C.,anne,Female
530,2,QKIH0ALmEGsRuFRDRRn9oQ,MmejEjYuvy-E726wpmABiA,4,Jennifer Y.,jennifer,Female
531,0,QX5q4_Sn6zkYXreXR41UwQ,l-sBZFg47aaEacQey7eq9A,5,Glenn Q.,glenn,Male
532,1,QX5q4_Sn6zkYXreXR41UwQ,FPaOLskpjqXvH0f7HRp6VA,4,Chris G.,chris,Male
534,0,Qd63yXMnBl3f666qVuxesQ,fUyS4NPR8cvhH7TnQj54bQ,5,Nita L.,nita,Female
535,1,Qd63yXMnBl3f666qVuxesQ,mFZTShca_OfiRT8kecKOhw,3,Sarah L.,sarah,Female
536,2,Qd63yXMnBl3f666qVuxesQ,cvKbU7ezewNzZAbZ-6EKug,3,Wendy S.,wendy,Female
537,0,RJc4imo4ypsU5k3VeIV2qw,9drefD_3rI7gDC6rnHBf3g,5,Judi W.,judi,Female
538,1,RJc4imo4ypsU5k3VeIV2qw,kvZ0xPsak0OkpLVzNIjM6w,4,TuongVi P.,tuongvi,Female
539,2,RJc4imo4ypsU5k3VeIV2qw,XasQ8ALmmLynL_PXTsgd6w,4,Janet D.,janet,Female
540,0,R_iphdU9yV9NqmYHvjci_g,k47D6tmUJx0q6cWkNbgv3w,5,Jennifer R.,jennifer,Female
541,1,R_iphdU9yV9NqmYHvjci_g,Z8utmmIjWvoDU9nUq38QrQ,4,Eric Y.,eric,Male
542,2,R_iphdU9yV9NqmYHvjci_g,LN-ml6kqZj9PJMGZRmgQMw,5,John E.,john,Male
544,1,Rg7d2nrUpusDxMX9RqnGAg,o7eQYU8cGXelkAfbb4ncVQ,5,Chelsea S.,chelsea,Female
546,0,S98C4ZkGdi50Efb4qCYcQg,B3hDnVVc4ktW5Zq80J6GHA,5,Cheyenne J.,cheyenne,Male
547,1,S98C4ZkGdi50Efb4qCYcQg,5RRm1Jza8dQ7BDgE0MH_Ng,5,Sarah M.,sarah,Female
548,2,S98C4ZkGdi50Efb4qCYcQg,T4Mpv6Mib4mgBkEGTxM9Sw,5,Dave H.,dave,Male
549,0,SBpuB2b5yWKtgR-IVLWKLA,_5ZCRfPqdVLwMGx2lR45ww,5,Henry L.,henry,Male
550,1,SBpuB2b5yWKtgR-IVLWKLA,1A84n9WQkcJ6dv49hw-D_Q,5,Brian H.,brian,Male
551,2,SBpuB2b5yWKtgR-IVLWKLA,oL9qe1o4bKxsmNe1GVZUwg,4,Chris K.,chris,Male
553,1,Sat22mBeAXdTgpKEH1KFMw,L6LtrpCaq6LcjTECkDgnJw,2,Rose Y.,rose,Female
554,2,Sat22mBeAXdTgpKEH1KFMw,3n1EeOUYoCPOOcopIJiuBg,4,Jessica Y.,jessica,Female
555,0,ScP_Wpfg9-QEE6BoE4CeDw,TVOAEEI3QB-xKE-8x3ea4g,2,Brigid C.,brigid,Female
556,1,ScP_Wpfg9-QEE6BoE4CeDw,sMywQSY0wtY0A44vJQQNcw,4,Vernon G.,vernon,Male
557,2,ScP_Wpfg9-QEE6BoE4CeDw,NRpVgouumLVDKaWS111GvA,4,Ricky R.,ricky,Male
558,0,Sh1j_u__V53IhYSeau-kGA,6Fe4-Vw1lh1x-ruAiCaPlw,5,John S.,john,Male
559,1,Sh1j_u__V53IhYSeau-kGA,R6LiW2aZnVW1waw7in4wVg,2,Ahmed Q.,ahmed,Male
560,2,Sh1j_u__V53IhYSeau-kGA,dn3Ei0kEoTrnojKs83OlVQ,4,Audry E.,audry,Female
561,0,T7XmistL2pQrW3hY3oTpng,0X41JhtJAmDWK3si-K8zng,5,Erin C.,erin,Female
562,1,T7XmistL2pQrW3hY3oTpng,axTr5X-FOG4riW6jJp7a9g,4,Chris Y.,chris,Male
563,2,T7XmistL2pQrW3hY3oTpng,Yx2Q1ZxPVPcKmU-C19fbpA,4,Helen H.,helen,Female
564,0,TDsXXHZQzTXskcRmFpcj_w,R_BiLQW1pqpbktBllbTAmw,5,Nicole R.,nicole,Female
565,1,TDsXXHZQzTXskcRmFpcj_w,bDb8jzaIj54VJH_0Qg9OZw,5,Brian M.,brian,Male
566,2,TDsXXHZQzTXskcRmFpcj_w,H9mSoAWTbfQnj61ej3OEgA,5,Thao N.,thao,Female
567,0,TGqeG_HnI5UheoZ1eVDFWQ,8EbaqP34zphndEvo8ZVpNg,5,Madison L.,madison,Female
568,1,TGqeG_HnI5UheoZ1eVDFWQ,wtYyPJu04frIJX8D-v-qAA,1,Jennifer C.,jennifer,Female
569,2,TGqeG_HnI5UheoZ1eVDFWQ,prWsuNt1vm3r6CABMKH-Pw,4,Brooke B.,brooke,Female
570,0,THCCSwYbOEkQ0Z54xL3vCg,4Cwt_MeigdESVnnZTP9jBA,5,Amanda N.,amanda,Female
571,1,THCCSwYbOEkQ0Z54xL3vCg,-8VspSmALY8fhLAaSeWFFQ,2,Rachel L.,rachel,Female
572,2,THCCSwYbOEkQ0Z54xL3vCg,OPjoVJHH2sA6-MFQBgQxEg,5,Joel M.,joel,Male
573,0,TNg7uPTG8b0cegueVzdyPw,Gsm31HgiL_nmtpz_x6jZlw,5,Natasha M.,natasha,Female
574,1,TNg7uPTG8b0cegueVzdyPw,oy6tP6crEb8nUOUN4g5v2A,1,Theo T.,theo,Male
575,2,TNg7uPTG8b0cegueVzdyPw,7dzrs4h0Ps3Fe_BMcW7ltQ,5,Katie B.,katie,Female
576,0,TUZ8bJufEb_DmzvIOVVutA,mIXa7NnWob4WvNJGxIoXag,4,Michael H.,michael,Male
577,1,TUZ8bJufEb_DmzvIOVVutA,mgvLRrKHsWFLqdbWRFOTeQ,3,Andrea S.,andrea,Female
578,2,TUZ8bJufEb_DmzvIOVVutA,aMFsrCjUAfJ0wnUnp7TsWQ,4,Michael L.,michael,Male
579,0,TihtBXFH6Mv_vcfmOk0Xlg,3ROUUYWUirXH-PPFVCZPcA,5,Bridget M.,bridget,Female
580,1,TihtBXFH6Mv_vcfmOk0Xlg,j8gaS6iD3zLRe3jda0J6lQ,3,Madeline S.,madeline,Female
582,0,TrGbVh2q5LmLnaPyVUEUIA,n5-m4TQ5hRffT4us__4gjw,4,Mary N.,mary,Female
583,1,TrGbVh2q5LmLnaPyVUEUIA,7jNoG4lyHxzcL2ECmegjMg,5,Athena B.,athena,Female
584,2,TrGbVh2q5LmLnaPyVUEUIA,Qye-uNlghUdzTiDN4CYRtg,4,Donald C.,donald,Male
585,0,U80vGWPGTNgk55VgMM8Ppw,dmrZXcXV8R_OuUgdgPg0eg,5,Allyson M.,allyson,Female
586,1,U80vGWPGTNgk55VgMM8Ppw,_IVlo37dKC4a5QXi3Mb68g,5,Jimmy P.,jimmy,Male
587,2,U80vGWPGTNgk55VgMM8Ppw,-inRLVjO-_P834opr0lb7Q,5,Jazmin S.,jazmin,Female
589,1,UGUUPV-SPp5Wj92gTsqfhA,doF9tJawUvtvc8QXFJVM4g,3,Matthew D.,matthew,Male
590,2,UGUUPV-SPp5Wj92gTsqfhA,ypOvHLWpuTzt2fUpoV7DDQ,1,Rahma A.,rahma,Female
592,1,UNtJzbKptTedOevZmRloWA,SiJOZVkfzx4PQjnObISY-A,4,Janelle D.,janelle,Female
593,2,UNtJzbKptTedOevZmRloWA,YYgNoQ9JnZmJ8nFukQjETg,2,Alan B.,alan,Male
594,0,USuEkfVh4Bt_Kp_-BOTbGA,BPxsG9eke5YjNhXzkUBosg,5,Sarah W.,sarah,Female
595,1,USuEkfVh4Bt_Kp_-BOTbGA,sFq_297Nwcxd7j2OabYy-Q,4,Shereen C.,shereen,Female
596,2,USuEkfVh4Bt_Kp_-BOTbGA,wi2B47r7OdLXAZWxYUlV-g,2,Arianna L.,arianna,Female
597,0,UcoJKGo1clPDb3EfPl9CAQ,xMMi91sDijke-kmxn11jtA,5,Christopher M.,christopher,Male
598,1,UcoJKGo1clPDb3EfPl9CAQ,6T_LRp6-SMEB1ZGMM6ribQ,2,Tom J.,tom,Male
600,0,UhbQIZ9j1p4quRpdPUJ4Xw,v6YGhsFi-pae4vyQMq045Q,5,Scott B.,scott,Male
601,1,UhbQIZ9j1p4quRpdPUJ4Xw,qefBdwDcEk8TGVdg2c7v_A,5,Erik R.,erik,Male
602,2,UhbQIZ9j1p4quRpdPUJ4Xw,ICO756H0Q-cgT7XWMc97Lg,5,Bree H.,bree,Female
603,0,UnnoI9zq5jIeDCVAeTQTmw,w2xsN174dX8KsYxmT_qXTg,5,Matt B.,matt,Male
604,1,UnnoI9zq5jIeDCVAeTQTmw,UPKPjmxfzHfC9H4ZfoI4Dw,3,Nilesh C.,nilesh,Male
605,2,UnnoI9zq5jIeDCVAeTQTmw,N0Mm_D7OMCkrUZYa-LhwEg,5,Ben S.,ben,Male
606,0,Uox_LFI_Venq0mp4dBl3Hg,tlP1XuQNT6rvWlMPeFfDzQ,5,Vanessa D.,vanessa,Female
608,2,Uox_LFI_Venq0mp4dBl3Hg,nyvydpFFsLzKmsTCtVupfw,5,Hung V.,hung,Male
609,0,UvLTQakFo2DDFyLka0ECnw,YmuwiEra7BkgTabpvjadZA,5,David H.,david,Male
610,1,UvLTQakFo2DDFyLka0ECnw,OvyQXNmpHU83RhsAKJcOQg,4,Richard U.,richard,Male
611,2,UvLTQakFo2DDFyLka0ECnw,NHnn0-9DxP36VcAyMeLX1w,4,Brooke B.,brooke,Female
612,0,UzeuW2PwabdLQjrS4E6_kg,h3_3KVINTxk0RckNNf3aKw,5,Pilar C.,pilar,Female
613,1,UzeuW2PwabdLQjrS4E6_kg,Iv1cKWYrxE_vDQePlpSYGA,4,Preston M.,preston,Male
614,2,UzeuW2PwabdLQjrS4E6_kg,_K4iUxXClf3GcazdXmsfog,5,Vinnie S.,vinnie,Male
615,0,VA4pB-l76sunIqCFFP-6lg,bnozWjxeIXKoKnjjwYr-zg,5,Sarah P.,sarah,Female
616,1,VA4pB-l76sunIqCFFP-6lg,kXO__4vvuZeBveUE3zEGuQ,4,Lisa J.,lisa,Female
617,2,VA4pB-l76sunIqCFFP-6lg,qMjw0EsDRcn_vMgHquHBJQ,4,Ellen B.,ellen,Female
618,0,VOPdG8llLPaga9iJxXcMuQ,kcMcqttuzml_q0FIk1_5vA,5,Chelsea H.,chelsea,Female
619,1,VOPdG8llLPaga9iJxXcMuQ,RqFq-YL-UPHilgwYVmJi9A,4,Misa K.,misa,Female
621,0,VSTqRwz6qrlf8zqcwEANtw,-ury5RhGYC6IG1yarxFFGg,5,Art E.,art,Male
622,1,VSTqRwz6qrlf8zqcwEANtw,gtVJmau1DwBEmJMosNPLhA,5,Sarah M.,sarah,Female
624,0,VVm-1B2499vsUI71miaQUg,BXxQAHWvQL9GXjvpdDE5ag,5,Janice K.,janice,Female
625,1,VVm-1B2499vsUI71miaQUg,McpUAvHRGy7zQW29DJoSxw,4,Iliana D.,iliana,Female
626,2,VVm-1B2499vsUI71miaQUg,6kdYB5Gn7ldhOVLsSHmT0g,5,Lorena S.,lorena,Female
627,0,VkOPEs94JE2XD5_6WCXjcw,MegZJxOhFhUByhC5Dw377w,5,Lisa B.,lisa,Female
629,2,VkOPEs94JE2XD5_6WCXjcw,FDmSv-6rYzoG5bRiHBm_NQ,3,Paul D.,paul,Male
631,1,WMlfcf1b6sDkjyLBeotfrg,FL4Xf6KwaMPh0mwoVBsbPw,1,Elisabeth W.,elisabeth,Female
632,2,WMlfcf1b6sDkjyLBeotfrg,0voIaA4kbWpa1s9DqNb0EA,3,Bradford Q.,bradford,Male
633,0,WZbZ8h_60QMQvO4vpIWpxQ,VB5CC_LDGy-uJ81MEnbquQ,5,Conor S.,conor,Male
634,1,WZbZ8h_60QMQvO4vpIWpxQ,QEv-pSrUuegLW2TU087Phg,4,Mike P.,mike,Male
636,0,Wk9f5Zpnu4T6Vzf6CF5iuA,jxfUiJZHQZ5mPSUyWYuwiQ,5,Jess Y.,jess,Female
637,1,Wk9f5Zpnu4T6Vzf6CF5iuA,dXbh9NrJ6t9qniH2TgFgwA,5,Sharon T.,sharon,Female
638,2,Wk9f5Zpnu4T6Vzf6CF5iuA,PT7_NbbVSC6HG1BZoEhuqQ,4,Kyle D.,kyle,Male
639,0,WliYYXMQkewZBSWXGvIFGA,xsNNqrfghtmb4JAxgReXaA,5,Ema C.,ema,Female
640,1,WliYYXMQkewZBSWXGvIFGA,L6TZ4yzG7U7b2p5V6pgLKQ,5,Luba R.,luba,Female
641,2,WliYYXMQkewZBSWXGvIFGA,6P3etBBmd-OAaRkjFTPf1Q,4,Bridgette S.,bridgette,Female
642,0,WvQkCs_C_HCfGUFUA0_-hQ,P6aoYXV3DO3Ri0Nw6_Ckdw,5,Zaid N.,zaid,Male
643,1,WvQkCs_C_HCfGUFUA0_-hQ,WETk7h5Zr2LTO75VZYs3Sg,5,Kelly S.,kelly,Female
644,2,WvQkCs_C_HCfGUFUA0_-hQ,Ue2b4VobQr6Hwnw5HCBzWA,3,Emily F.,emily,Female
645,0,XAUDVfqsotShyQ-bYAYSag,V1HJo1U3F3xcVmPXQovYRA,5,Elizabeth V.,elizabeth,Female
646,1,XAUDVfqsotShyQ-bYAYSag,-sWDKCwbQ6cP9IT0Pana5A,4,Charlene J.,charlene,Female
647,2,XAUDVfqsotShyQ-bYAYSag,p1yXjug9mrCPn889Lg5-Tg,4,Daniel K.,daniel,Male
648,0,XPoJa4sezeAu36-s_853Zw,A_F9gAInEB6BNDwkz1TKjA,5,Clint W.,clint,Male
650,2,XPoJa4sezeAu36-s_853Zw,23kUhh-xwgR1rGcCEzZwiQ,1,Bella C.,bella,Female
651,0,XTrf7pn2nbcNLgsYQtx4vg,dwjH8UR16ZHU7AR1t4szoQ,5,Jennifer H.,jennifer,Female
652,1,XTrf7pn2nbcNLgsYQtx4vg,Zog4xXXJsIvBWrUQ17h4iA,4,Anthony T.,anthony,Male
653,2,XTrf7pn2nbcNLgsYQtx4vg,HPmH5DwhSel25wb-Kgwyxw,5,Mindy E.,mindy,Female
654,0,XbRTv9Yq4C8XvAi3xe2kXw,GhYPaBX32BB5AGbInrj68w,4,Jeff H.,jeff,Male
655,1,XbRTv9Yq4C8XvAi3xe2kXw,rRKz6Ox2fooKQ6brUGgrJA,2,Gregory P.,gregory,Male
657,0,Xgeb-8Fr6FvDMOTuw7r0NQ,8_o_pfx2qjqf-PARWby0JQ,5,Alan G.,alan,Male
659,2,Xgeb-8Fr6FvDMOTuw7r0NQ,DEXiXjWBVO92x9eH3Y3NiA,5,Miss Mel D.,miss,Male
661,1,XoLfRZ0jA8cf_MYL90OgEA,iNOdxh7_RxGtOUgDlne7qw,5,Michael P.,michael,Male
662,2,XoLfRZ0jA8cf_MYL90OgEA,2hmsH2wPB6LDAtb6Lh3bwg,5,Megan S.,megan,Female
663,0,XtFzdomVxMUL5Ae39i3DDA,aTRxKmxihTsj90VgH6nc0w,4,Maika P.,maika,Male
665,2,XtFzdomVxMUL5Ae39i3DDA,AUozKxSM546TOFzlTbEOvQ,4,Molly D.,molly,Female
666,0,XvP6PIQwocS43WQ3aKAD2g,6TVtQnPTh8LXedG7t_sO2w,5,Kyli H.,kyli,Female
667,1,XvP6PIQwocS43WQ3aKAD2g,idYMzYYFmS_aBioMGCU4xg,5,Christy K.,christy,Female
668,2,XvP6PIQwocS43WQ3aKAD2g,6JThaf9sOL6NHz4O6lknlA,4,Shaylor S.,shaylor,Female
669,0,Y-OgQKqreMaajTUCPbLPKg,-GQL6SojzO7COgrxDHF8KQ,5,Matthew W.,matthew,Male
670,1,Y-OgQKqreMaajTUCPbLPKg,IMZtFm0gZDOdP-PAqD8oVA,4,Melody S.,melody,Female
671,2,Y-OgQKqreMaajTUCPbLPKg,Pu0ruBY2qSr3hOv126c-Rg,3,Alice K.,alice,Female
672,0,Y0zGIrcJEjDqUEu2QsrRmg,CE5fKFliE5c6BpCUgELHcw,5,Alexandra K.,alexandra,Female
673,1,Y0zGIrcJEjDqUEu2QsrRmg,nRe_b4dSLBuJvmGYNRx-xw,3,Emily K.,emily,Female
674,2,Y0zGIrcJEjDqUEu2QsrRmg,Rt6hNQuHlK0avYJF078coA,5,Jeffrey C.,jeffrey,Male
675,0,YSQiqH7RIWORk_Qp-A4SOg,1JKH_0BUx32OTmtzaU3yqw,5,Lisa J.,lisa,Female
677,2,YSQiqH7RIWORk_Qp-A4SOg,kb5lc8LzGm06vI94RSltaw,3,Rachel L.,rachel,Female
678,0,YlS7EM5icSaiqPUv1sRIYQ,j4rXe_1ZI-i0PwcGcHuCOg,5,Amit D.,amit,Male
679,1,YlS7EM5icSaiqPUv1sRIYQ,OSpMiFNXilC2sXsTYCUDxQ,4,Sandra H.,sandra,Female
681,0,Z2iCSp7AwOo5baywcFmJgw,H-mp5Prz7lSrWyfLMpLclw,5,Clay P.,clay,Male
682,1,Z2iCSp7AwOo5baywcFmJgw,FwMzePEeHDwQdeE0JmjEdA,4,Teresita C.,teresita,Female
683,2,Z2iCSp7AwOo5baywcFmJgw,D0J7EuVWHT9FXG2lMeSTeg,4,Sean K.,sean,Male
684,0,ZLLOdh2C5WHJ7T4e3RGTcQ,MMCr7Pwdzsez_OZu7ehEUQ,5,Nita L.,nita,Female
685,1,ZLLOdh2C5WHJ7T4e3RGTcQ,HGGOj4ge1AmXWQRzN68TvA,2,Vanessa A.,vanessa,Female
686,2,ZLLOdh2C5WHJ7T4e3RGTcQ,3cjJJbDMETBMWYHGGhmCcA,5,Debbie K.,debbie,Female
688,1,ZePNj2ZqimO9D2WcKZRRwg,JJ_KC9zHAskS9l8r138lYw,4,Desiree C.,desiree,Female
689,2,ZePNj2ZqimO9D2WcKZRRwg,0Ys4KNu6-9wwpHfCKaczSQ,4,Brittani S.,brittani,Female
690,0,Zml_pxwUvnvWJpgmM9Pg8Q,VL0hysamb_ISix9YbKg-Ww,5,Sheena W.,sheena,Female
691,1,Zml_pxwUvnvWJpgmM9Pg8Q,9Ai6oprx86Thn9Cum-4yfA,4,Lionel B.,lionel,Male
694,1,Zn3u5r5aarfuqYPOqkgipw,zHcZz5KdHBUpkf4-aw4ptQ,5,Maddy P.,maddy,Female
695,2,Zn3u5r5aarfuqYPOqkgipw,TaRsDg4Yt4WH4xZJ1-J9GA,5,Natasha B.,natasha,Female
697,1,_0SRlFgs3vQnONE9SedaPw,S-EZh_zskWFPrAfFzdBZEA,5,Dave R.,dave,Male
698,2,_0SRlFgs3vQnONE9SedaPw,TxlsJyTR_F0bHvZSr5rsZg,5,Chris S.,chris,Male
701,2,_4rv6ssRb9RpYdXQZgEQOw,aCd72iMsNfbgOkDdGf7RNA,3,Bob H.,bob,Male
702,0,_z_yU-duavPBAqHB64UpTA,E-4ZLdiuaIJ0kkSYrDBCnQ,5,Desiree C.,desiree,Female
703,1,_z_yU-duavPBAqHB64UpTA,-PD05zao-x0G31HNSnYUHw,4,Mimi C.,mimi,Female
704,2,_z_yU-duavPBAqHB64UpTA,pmbDCWC_U5OwJOSm4arPdA,4,Carrie M.,carrie,Female
705,0,aOCqNgTnTbdAbY61ZgRPaA,GFvhsy3TdMzsCs-CgbOoUw,5,Susan M.,susan,Female
706,1,aOCqNgTnTbdAbY61ZgRPaA,fRnGJkKnrcYVvNXi2pkI8w,4,Jessica M.,jessica,Female
707,2,aOCqNgTnTbdAbY61ZgRPaA,CKVSvfXgfDe5Ki8id6l6ZA,4,Kyle D.,kyle,Male
711,0,aSh2Nz2WoQn6m8g256OxcA,cE0u4pvj15BbYyDnC8XOFA,5,Maria R.,maria,Female
712,1,aSh2Nz2WoQn6m8g256OxcA,2LH259Z3BGiPLKbFTp6f0g,3,Danielle H.,danielle,Female
713,2,aSh2Nz2WoQn6m8g256OxcA,dscrqND721YRl-DSv6Mp9g,2,Scott W.,scott,Male
714,0,aVELSlY3ID0cX8u9mau4JA,edw5UB_VvZaVgMT89RBQmA,5,Joshua L.,joshua,Male
715,1,aVELSlY3ID0cX8u9mau4JA,SngH6BYpPPhfMwy2nRdo5Q,4,Danica S.,danica,Female
716,2,aVELSlY3ID0cX8u9mau4JA,g4SzvBZvLyGb9hxuLT-hBw,4,Helene S.,helene,Female
717,0,aWt7HEBCyhrKQCeC8BPAjw,KDhfZduFHALbW09PhweoNQ,5,Briana N.,briana,Female
718,1,aWt7HEBCyhrKQCeC8BPAjw,Ht719Ia4qgoMTJqrnT8r-w,5,Gail U.,gail,Female
720,0,aX2ctpgS9uvFDfdzCXjecA,X9jDqiYuTaBAsbDqQsEm9g,5,Julia P.,julia,Female
721,1,aX2ctpgS9uvFDfdzCXjecA,uTOp4Tcnx7dT3bNahL4xqA,2,Nona T.,nona,Female
722,2,aX2ctpgS9uvFDfdzCXjecA,QEY1HqjDi55WNYGqPd7wGw,5,Rebecca D.,rebecca,Female
724,1,amliwv-We9i1qjr1KxN50A,f9XXMN46x60TTW8CsLjjeQ,4,Mike L.,mike,Male
725,2,amliwv-We9i1qjr1KxN50A,tzXp0azLuTxHMlXsaLu7qA,3,Ahmed Q.,ahmed,Male
726,0,b5K0WLoSfCVRULxDkl8lyw,XlCm8nyT4IywNdtYbTrh2w,5,Suzi B.,suzi,Female
727,1,b5K0WLoSfCVRULxDkl8lyw,H3iDYQC6nVPozmse3kJJ1g,5,Natalie E.,natalie,Female
728,2,b5K0WLoSfCVRULxDkl8lyw,FEMYPAMoxlWfH_oJjzCteg,5,James S.,james,Male
729,0,bIPLUEbNhr7QSf1MeYPCVQ,hyC3LQZJVvon9VCYkJoeKg,5,Carly C.,carly,Female
730,1,bIPLUEbNhr7QSf1MeYPCVQ,gMekqbGdWP2_cSLtljzQbw,5,Jalene R.,jalene,Female
731,2,bIPLUEbNhr7QSf1MeYPCVQ,H8hHIGZMPMSKbdmZaw_i-Q,4,Richard M.,richard,Male
732,0,boPLjp4uO8xE7Dl6tO19yw,KML3oh7gVqt64-BK1RSBPA,5,Connie L.,connie,Female
733,1,boPLjp4uO8xE7Dl6tO19yw,L24oLiCmkr8mD1bNNi1RJQ,4,Renee S.,renee,Female
734,2,boPLjp4uO8xE7Dl6tO19yw,_hdJS4Zc-L6g8XIj8HxK3Q,3,Jessica M.,jessica,Female
735,0,c6ctOfpwnBvN9AtDBMtjfg,OPEP8IgpoN7X2OYdRETZBQ,5,Jeffrey C.,jeffrey,Male
736,1,c6ctOfpwnBvN9AtDBMtjfg,ovTkCObbuwTVmch8dGRYvQ,2,Brianna K.,brianna,Female
737,2,c6ctOfpwnBvN9AtDBMtjfg,9vwCTq82GpIlFOKe7zDK-g,5,Madison G.,madison,Female
738,0,cBcl7yuOo6Mon50vnJiYGw,fLdMxaPaMd1Pk1eg2nTBzg,4,Mindy M.,mindy,Female
739,1,cBcl7yuOo6Mon50vnJiYGw,g0oE3GX8redeIP0O50iOrQ,3,Diana G.,diana,Female
741,0,cU9Vp6iwleJJOGOufuCfZw,iUUctQTQTL2TDsWwNeSkoA,5,Steph R.,steph,Female
742,1,cU9Vp6iwleJJOGOufuCfZw,hpxGydXRpISc-psRnnJJPQ,3,Joanne L.,joanne,Female
743,2,cU9Vp6iwleJJOGOufuCfZw,fFbU-m1DbsmaMEegjlYMjw,4,Thomas B.,thomas,Male
745,1,cW1cmV5vHOHn7RdlSUlMIA,TSsLsM7jfiecDTETo2JeKA,4,Rahma A.,rahma,Female
746,2,cW1cmV5vHOHn7RdlSUlMIA,_xfUwBQ5KOE1OZc7BNkaUw,5,Vanessa S.,vanessa,Female
747,0,crZp5-JAsKgWkW1akEYJsQ,TK2p8XIiIxWWY2R5CSkgog,5,Dave S.,dave,Male
748,1,crZp5-JAsKgWkW1akEYJsQ,lhrZnjWUb488gx9sWg3Aaw,5,Charles C.,charles,Male
749,2,crZp5-JAsKgWkW1akEYJsQ,niHoYjZRsgTdyAdkTxwh-Q,5,Amy C.,amy,Female
751,1,cwUpIT6NxM2hTum4hioRig,0h1-FpLnJnPw90hajFxuzg,5,Denise T.,denise,Female
752,2,cwUpIT6NxM2hTum4hioRig,irq0CGUU_WOnPLBYd3SbaQ,5,Joseph H.,joseph,Male
754,1,dNLIJSX7Mu3UMS4zZ8LbjQ,t3_bUqQggDf9VCg3XiwZXQ,5,Carol H.,carol,Female
755,2,dNLIJSX7Mu3UMS4zZ8LbjQ,QkS9i3sF4-ufK6B1cKGTkQ,5,Suzi B.,suzi,Female
756,0,dZf_OdC7AlSN0eNTQhnkkA,4nFmLsRAwxdTceY0ilwqqA,5,Ann C.,ann,Female
757,1,dZf_OdC7AlSN0eNTQhnkkA,HGuXW0u9MuV9W6nKFGD3FA,2,Jeff G.,jeff,Male
758,2,dZf_OdC7AlSN0eNTQhnkkA,w60QPq2msaxaMHk_yqZEFQ,2,Joseph H.,joseph,Male
759,0,djjEdAZkY4eyzI3_8TBLVA,YsAFLXcoEqjA2WiaYCRI4g,5,Sanoj T.,sanoj,Male
761,2,djjEdAZkY4eyzI3_8TBLVA,9R5LHTz8x6KcPXmjz1luug,1,Dustin H.,dustin,Male
762,0,dlzTLbbPLwq-J7HRnmSAbg,grDtnfOjzXPbLmJjdrbUEA,4,Matt R.,matt,Male
763,1,dlzTLbbPLwq-J7HRnmSAbg,-RqrctfMAulIFIQLjqhpnA,4,Paul S.,paul,Male
767,2,e3rmgBkB860xpIJD1yiIvw,2btclIfu-tX5MsY7muZUwA,5,Courtney J.,courtney,Male
770,2,eHe1UnprNhNIT67vVTSK6Q,A6ETx9g1QNVtxBfTL5um2Q,4,Max K.,max,Male
771,0,egcWJF_0EH4BpwFz9qH0vg,TX-5UH6npLH6l5cYFCy-Hg,5,Tammy Y.,tammy,Female
772,1,egcWJF_0EH4BpwFz9qH0vg,gIES-zwuMvcmh2aPG6aI4w,5,Bill M.,bill,Male
774,0,egpvwpxMyuPg6lPa__RelA,0ujQpLOW15s-h8tqorGqUg,5,Angelo C.,angelo,Male
775,1,egpvwpxMyuPg6lPa__RelA,u9k2iWCzwXJhn58h1gdFNw,4,Dianna N.,dianna,Female
776,2,egpvwpxMyuPg6lPa__RelA,6BesFL9rEYOkGNk6oTyj_w,5,Nicole K.,nicole,Female
777,0,ehuoDCQfVgKUafxwyjk9WQ,_jqYeexNLVO1vGNQgsyL8w,5,Kristin B.,kristin,Female
778,1,ehuoDCQfVgKUafxwyjk9WQ,LNUD_bKZAIUrtFcxQvM9mg,5,Wayne C.,wayne,Male
779,2,ehuoDCQfVgKUafxwyjk9WQ,bShR6LqiF71W5ycsyHo7ZQ,5,Angelo A.,angelo,Male
780,0,er_hZeROOJtkk5h6Zw1R_g,csb3GkErVt953VCx0vNw0g,5,Deanna D.,deanna,Female
781,1,er_hZeROOJtkk5h6Zw1R_g,kyLyDUv4IfjyQyR7lLgqkA,5,Ty J.,ty,Male
783,0,f2Jn3eQBynNFXg--iMonNA,7UQKO38lfVF6IE95GJhtdA,5,Allen B.,allen,Male
784,1,f2Jn3eQBynNFXg--iMonNA,BXc7sZYW2G-s14_lZEkTNQ,5,Jessica K.,jessica,Female
785,2,f2Jn3eQBynNFXg--iMonNA,_xEfyZl324xYpHGMWKWNIg,5,Sara H.,sara,Female
789,0,fN0cjzRI7_yQtjKHZGEuLw,eLnZzXfOUQ8XYwogIcM6Pg,5,Shandelle B.,shandelle,Female
790,1,fN0cjzRI7_yQtjKHZGEuLw,sMbe8HnS1jJ3YOxpBDl3Zw,4,Vanessa H.,vanessa,Female
791,2,fN0cjzRI7_yQtjKHZGEuLw,Ab-QOLIvdbz5AGIXC82opw,4,Teresa M.,teresa,Female
792,0,fU2S1YNmakvTVFC8pIlY9A,XiWSfTO7cufHJ19H-YE1Tg,5,Jeff G.,jeff,Male
793,1,fU2S1YNmakvTVFC8pIlY9A,D7sFD8y_lLCjFD34fcVqzQ,3,Wayne L.,wayne,Male
794,2,fU2S1YNmakvTVFC8pIlY9A,l5nwTK5VEeexplJkJsgx-w,5,Jeff M.,jeff,Male
795,0,f_KGPYlFRTy1hg_EaerQng,FnqEKTuXXvMGBsX3oxWKWg,5,Lily P.,lily,Female
796,1,f_KGPYlFRTy1hg_EaerQng,P06LnqSJB7lxxRg_2d9eag,5,Chris B.,chris,Male
797,2,f_KGPYlFRTy1hg_EaerQng,qVdC1x7fMGFi7WWK4Z8skA,4,Russell P.,russell,Male
798,0,fmojHgblcbsBhT4INuqSxA,ur5vvGwK6KSKgLp9zztsWg,5,Mark W.,mark,Male
799,1,fmojHgblcbsBhT4INuqSxA,PFhgNtKYOwkIV7ekUaFpMA,4,Lucy L.,lucy,Female
800,2,fmojHgblcbsBhT4INuqSxA,nLUU8FuLZVmMwTzNXwJaWw,4,Kevin H.,kevin,Male
801,0,fu5MKqtRFra3vIxGsse-UQ,nzM5LI-MEe3_N-4oqMnMfQ,5,Maika P.,maika,Male
802,1,fu5MKqtRFra3vIxGsse-UQ,-8ePQZYbUPrRm0hBHOEmeA,5,Ryan C.,ryan,Male
803,2,fu5MKqtRFra3vIxGsse-UQ,fvgd2IBabKD9p0Tw8MS1pA,3,Clarissa L.,clarissa,Female
804,0,g4RSosRCipoWowKgbP1gJA,VwaZts6WLACdtIRkWIoEHw,5,Scott S.,scott,Male
805,1,g4RSosRCipoWowKgbP1gJA,VS4NgGDdJP_C6RH1Nt6Plg,4,Richard M.,richard,Male
806,2,g4RSosRCipoWowKgbP1gJA,JEjPDW3j5weSOZFBNe_bWg,4,Chris J.,chris,Male
807,0,g6kUGkuVCZX5-Rr8NgNLsA,9VYKVbWMqTtK6HKzNbOeXg,5,Jacqueline D.,jacqueline,Female
810,0,g7uBQIqLIsZfcW10o3SqyA,JFlx11ty4HxAJnFe-WEpFA,5,Garrick S.,garrick,Male
812,2,g7uBQIqLIsZfcW10o3SqyA,-nBu5F4QE99ESQOc5suoUg,3,Brian H.,brian,Male
813,0,gDAO-4m63svPUpii5b8kww,aUc0yNud4isyI34KvqkyqA,5,Alison T.,alison,Female
814,1,gDAO-4m63svPUpii5b8kww,MwId0Ote8jR4CeV8BkUyzw,2,Claudia C.,claudia,Female
816,0,gUr0uRA98qQ5ARo4XAEtAg,N6l3V9tIu4Y7nPojY8pfUw,5,Reid T.,reid,Male
817,1,gUr0uRA98qQ5ARo4XAEtAg,QLOX7mida1TuYBTS3nnE2w,4,Marjorie H.,marjorie,Female
818,2,gUr0uRA98qQ5ARo4XAEtAg,QGtmDeYDVAZKHl-3UMyttw,4,Mindy D.,mindy,Female
819,0,gVJgVlEsWul-QbAcMiupzg,qkHlgDrqML6X1Zo-9ivJXw,5,Nathan W.,nathan,Male
820,1,gVJgVlEsWul-QbAcMiupzg,qjlDmEccU8lbBys4PjwBAg,4,Cindy L.,cindy,Female
821,2,gVJgVlEsWul-QbAcMiupzg,PAc9EjyZpSjCesmdTRqfNw,4,Timmy P.,timmy,Male
822,0,hGxKFXlzvl21rjvfLePWWw,VEb5807SHz4OlBfsd-uSJg,4,Winston C.,winston,Male
823,1,hGxKFXlzvl21rjvfLePWWw,lwWOVnRlVhPl8zZKFspAWA,4,Doris W.,doris,Female
825,0,i5l44iAFeMC80o4vDLh3Gg,dbsq61htyrnxvZORjRMfBQ,5,Ryan J.,ryan,Male
826,1,i5l44iAFeMC80o4vDLh3Gg,7RA45Tdtp3nzZ-QqeCk9pA,2,Mark A. H.,mark,Male
828,0,iGG3VDFHPyHJEoAY3vI5vA,kV45kvrTCrPORZtL-_LGig,5,Saira K.,saira,Female
829,1,iGG3VDFHPyHJEoAY3vI5vA,sHtXH3mkbAQZg4Wn1uzwmA,5,Nadine O.,nadine,Female
830,2,iGG3VDFHPyHJEoAY3vI5vA,fOEwayfm1FMFrwVyJGJfgw,2,Melodie M.,melodie,Female
831,0,iUxaFQGWTq71gPN14EgmGA,36BHJ4hq7XyFoVnGWnYcEQ,5,Matt T.,matt,Male
832,1,iUxaFQGWTq71gPN14EgmGA,keljKA0Uz34DYxU9MqeVFQ,3,Jonny M.,jonny,Male
833,2,iUxaFQGWTq71gPN14EgmGA,FpLBkJRVCIgpsATp4Xbycw,5,Darryl D.,darryl,Male
834,0,iteC8OTWcpOLUmVMaAP59A,MtjxI0qnyVFITXxf_m7y_g,5,Nina P.,nina,Female
835,1,iteC8OTWcpOLUmVMaAP59A,pOshNw8SH172HtVyrDWOLQ,5,Quynh Nhu D.,quynh,Female
836,2,iteC8OTWcpOLUmVMaAP59A,qYu-8TLp028OVhEJvEi9cg,5,Chelsea J.,chelsea,Female
837,0,j1DdZ8CORKhRnhw6O9VBnQ,UgOar1S2frEl6BdERziu4A,5,Fiona X.,fiona,Female
839,2,j1DdZ8CORKhRnhw6O9VBnQ,AVsNb5OAmBgke7PUxVNq3A,2,Catherine S.,catherine,Female
840,0,j2maiRNh_ErcsvPBiZCkqw,Dadss1vDurGbBTpwFBCH-w,5,Sheryle I.,sheryle,Female
841,1,j2maiRNh_ErcsvPBiZCkqw,kg82fjlNevxJwCTGYZebYQ,3,Felipe L.,felipe,Male
842,2,j2maiRNh_ErcsvPBiZCkqw,bmwonYZkw09wSqC5LQPfNQ,4,Andrea S.,andrea,Female
843,0,jc_ck2EhOcGp-yZv5sbr-g,v0YrhvVC3cD65ZGgveTW4A,5,Alicia O.,alicia,Female
844,1,jc_ck2EhOcGp-yZv5sbr-g,DEsQqKnVV8szOUOLCPzINw,4,Mike M.,mike,Male
845,2,jc_ck2EhOcGp-yZv5sbr-g,30zrEpwj4tolEJ9hBfdWMw,4,Tanya H.,tanya,Female
848,2,jumkhxyW9r1QimpwlG8f_w,z9Wnmma2QN5kujXzpxLAEw,1,Michael C.,michael,Male
849,0,jxkMvwboRofBpx6yHpbdfA,dHqPHrK5Y8kfxcvI6N7qRg,5,Michael M.,michael,Male
850,1,jxkMvwboRofBpx6yHpbdfA,ugF2CtAes_lkfgABX7c4nw,4,Tommy L.,tommy,Male
851,2,jxkMvwboRofBpx6yHpbdfA,PttWNIQDrFIky7Ow6V8_YA,4,Andrew T.,andrew,Male
852,0,kEnBESPSmC6i-guEdvnqaQ,8qUsJwzMk_vhraQUXOO0Ng,5,Johnathan T.,johnathan,Male
853,1,kEnBESPSmC6i-guEdvnqaQ,Ov5Kvme9JSqnnSC6NKRq0w,4,Jenn L.,jenn,Female
855,0,kPfin0OpQbtlnRa6TyChMQ,TdAr1gszRzzn_5xB9oKgog,5,Julia D.,julia,Female
856,1,kPfin0OpQbtlnRa6TyChMQ,3fvk_iMLNA1vZQLmG9twYg,2,Kara C.,kara,Female
857,2,kPfin0OpQbtlnRa6TyChMQ,BN3km4w60qpAoXEONRQD-A,5,Bradley D.,bradley,Male
858,0,kXq8fJVO94ApKakK-GlrJw,xGcMbDKDp7ZqM1d3l-QIsw,5,Josh H.,josh,Male
859,1,kXq8fJVO94ApKakK-GlrJw,YyrtCqhUMzI5i_VjnYHVrw,5,Shean C.,shean,Male
860,2,kXq8fJVO94ApKakK-GlrJw,Hb4QZMU6kcSy9AzPZpg_ZA,5,Morgan W.,morgan,Male
861,0,kykzs7h29Tid-bk6FSMHxw,QomhahY3GwEKp9arLIAfLg,5,Audrey F.,audrey,Female
862,1,kykzs7h29Tid-bk6FSMHxw,yQwagu5Res3c-IWrL98Viw,5,Viviana A.,viviana,Female
863,2,kykzs7h29Tid-bk6FSMHxw,tKBWm-2PvspIotcuIWsjVQ,1,Rob C.,rob,Male
864,0,lG0faCA_37DXlmEwydb_bw,Ovw07JUqs9uojMwH-ntzJg,5,Cheryl L.,cheryl,Female
865,1,lG0faCA_37DXlmEwydb_bw,F7wSXxY6Ha-342kspdTKfA,3,Matthew C.,matthew,Male
867,0,lKBM7m83SG50MLpbvJ0iCA,3rkplsxsnT0ouLKFCtfIzA,5,James R.,james,Male
868,1,lKBM7m83SG50MLpbvJ0iCA,_nTGtjVgUSirMzcxq3KGUQ,5,Elliot M.,elliot,Male
869,2,lKBM7m83SG50MLpbvJ0iCA,tELIEP0l7eReoQRGSyGEHg,5,Elizabeth W.,elizabeth,Female
870,0,lWRXd4TtN-VWyDCVRVUytw,joz7CTzj8nN6vuexKQlnwg,5,Wes M.,wes,Male
871,1,lWRXd4TtN-VWyDCVRVUytw,jqMlhxe5lpSEaNAe41tAfA,4,Christian H.,christian,Male
873,0,l_g52yLbL0anRmmpi9PWdA,jRYlMMKByqBpbt49gehXxQ,5,Mary N.,mary,Female
874,1,l_g52yLbL0anRmmpi9PWdA,fFMcYXXX2bs2jL1qgpgf3Q,4,Brent D.,brent,Male
875,2,l_g52yLbL0anRmmpi9PWdA,ua6IKK8r7RliheF4ydhVHg,5,Maggie P.,maggie,Female
876,0,lj_PZ56a3GI4snjxN1qOmQ,LVoSUWrkmsZYEN0uNztKAw,5,Nell S.,nell,Female
877,1,lj_PZ56a3GI4snjxN1qOmQ,5T-qj8n-knAk-Y4oYDpbEw,4,Nathan W.,nathan,Male
878,2,lj_PZ56a3GI4snjxN1qOmQ,kudYRy0ARqVxKZzIKDAbQg,4,Megan S.,megan,Female
881,2,llfD3aYaUoEn5Z0AH8fYZg,kKzeDMrvGmO92xwiNYSuIw,2,Kelly P.,kelly,Female
882,0,lqxaHsByP4IDsWlrqXhCDQ,2CZjgmh5VWKLrpbAm9UsKQ,5,Ben J.,ben,Male
883,1,lqxaHsByP4IDsWlrqXhCDQ,VqW4mpBOhWvUCsIDE4sC5A,3,Karen L.,karen,Female
885,0,lxvncNXJKThTmLmARv72pA,Q7Qy8N_iB61xZyUUB2uv7w,5,Sven S.,sven,Male
886,1,lxvncNXJKThTmLmARv72pA,9X4Nyw_iaWz5ZaESxvGV2Q,5,Thao N.,thao,Female
887,2,lxvncNXJKThTmLmARv72pA,4ol5CHq10rSkYqUT20PIQw,4,Scott T.,scott,Male
888,0,lzPw5bflVmo1qNi5JBqZpA,70JcRkig9TBAxAzrTDCXag,5,Lesly W.,lesly,Female
889,1,lzPw5bflVmo1qNi5JBqZpA,0n390o4I9WPUgBZhoJW3zQ,5,Elisabeth W.,elisabeth,Female
890,2,lzPw5bflVmo1qNi5JBqZpA,iFq7FoDXG7aUmlJ54k6uaQ,4,Rosa K.,rosa,Female
891,0,m7_Q-ap4MmrYs2qc4X7PyQ,bBDnJDRQ_k_LRD_VbouZJQ,5,Anita C.,anita,Female
893,2,m7_Q-ap4MmrYs2qc4X7PyQ,hNc5LuhaRjpHzlleooBDrQ,3,Carol T.,carol,Female
894,0,mKjnqu1lyuIyJQsvUH4Oyg,bm1wh2dcF2RoTWme9aMaxw,5,Mai N.,mai,Female
895,1,mKjnqu1lyuIyJQsvUH4Oyg,QT06Va108kB8_6OnhOE-Jg,3,Lai S.,lai,Female
896,2,mKjnqu1lyuIyJQsvUH4Oyg,IIsRN-RA7EjoX1z7BfeKCw,1,Robert W.,robert,Male
897,0,mNdz7zdezTkiuk8S-cIKxg,4XWPDNUwgaSakVE5vl6b6w,5,Maxie H.,maxie,Female
898,1,mNdz7zdezTkiuk8S-cIKxg,u_HQhop1zWN0dMN8GJidXw,3,Eva M.,eva,Female
899,2,mNdz7zdezTkiuk8S-cIKxg,jcwa2UudWyCS3FQXT679Qg,4,Libby M.,libby,Female
901,1,mRBhkgV06i_nzxJPeSbnzQ,dNJjtCBarztGlrrVU9vUmQ,3,Lynden L.,lynden,Male
902,2,mRBhkgV06i_nzxJPeSbnzQ,cwyBHkpiHd372owPN7AZ2A,5,Brandon M.,brandon,Male
903,0,m_x3dvMGCvXF0Fj6AeauoA,GnsWhhA9azsh4QqB1tftUA,5,Joy S.,joy,Female
904,1,m_x3dvMGCvXF0Fj6AeauoA,TV4FyjmZaxulGBIdxfH4rA,4,Adam J.,adam,Male
905,2,m_x3dvMGCvXF0Fj6AeauoA,S-lIQ2LzhnOcMA6XEi3AjA,4,Linda V.,linda,Female
907,1,mpLw3VMBUCbeczTdtOU4ug,rJ5-_OTTn0enmp4gYnCh6A,4,Huong L.,huong,Female
908,2,mpLw3VMBUCbeczTdtOU4ug,YkZxQg2bjn49ETgcZTVZHQ,4,Wendy K.,wendy,Female
909,0,mxflJixdIBWguEuCzPKJjw,_z7YnJ1eJxVFPDLq7A1ooQ,4,Lauren P.,lauren,Female
910,1,mxflJixdIBWguEuCzPKJjw,qWggV3SbqUFdSBtQO-XaaA,3,Callie M.,callie,Female
911,2,mxflJixdIBWguEuCzPKJjw,rzNQ50-TQwK0npxuYgxuRg,1,Richard C.,richard,Male
912,0,n3KaV4ojMr34zdnJBTvRAw,Hemn8n8Pc8dM3v4MkT3NKQ,5,Nancy B.,nancy,Female
913,1,n3KaV4ojMr34zdnJBTvRAw,V_2-OnfHn6KIeDAPST6iiA,5,James N.,james,Male
914,2,n3KaV4ojMr34zdnJBTvRAw,eYUuihUtucgT1es5H-N2Cg,3,Meredith B.,meredith,Female
915,0,n6hB6mIctJQDn-DAH7MpGg,v7rc9ZGRKpoZUE1cDwUVkg,5,Glenn S.,glenn,Male
916,1,n6hB6mIctJQDn-DAH7MpGg,6IRqQ31QQoh7FhAmLh8s8g,4,Mark F.,mark,Male
917,2,n6hB6mIctJQDn-DAH7MpGg,4sVGKZj2wvRiRUQp3zFcfg,4,Jessica L.,jessica,Female
918,0,nIr7ZiMZLunwVwYIv6JmVQ,iW7iQqe8a1LlOYIwuQgl_A,5,Mariam Z.,mariam,Female
919,1,nIr7ZiMZLunwVwYIv6JmVQ,pZTRLF_jXuzb_cXX5oYqVQ,4,Conni M.,conni,Female
920,2,nIr7ZiMZLunwVwYIv6JmVQ,mBpQTG4jdUgnlPmOq23JhQ,4,Alison P.,alison,Female
921,0,nQPPzUaPIMeJdohOrrjmOQ,X83cB3dvNJCn_lXuGSh9Hw,4,Emily J.,emily,Female
922,1,nQPPzUaPIMeJdohOrrjmOQ,hoILjMtn5-3m-BFo0Po52g,1,Theresa H.,theresa,Female
923,2,nQPPzUaPIMeJdohOrrjmOQ,L4U5gL8sroRvgS_8glWZdw,5,Laura S.,laura,Female
924,0,nYdCWnqzm7wXs0b0g24gOg,ZRiWPrstRzcOh2N9arqRyA,5,Jackie M.,jackie,Female
926,2,nYdCWnqzm7wXs0b0g24gOg,7nwbFM23nSu8mAicWILAtQ,4,Rick C.,rick,Male
929,2,npuNF0vaDznmCaim4IBVMg,eHB7jO-F0PB5I7hnviKrRw,3,Anna L.,anna,Female
930,0,oL5Y0hNJojyTdkw3tMapeg,AWy7k7OpvRtHGUSEIqOdTg,5,Mindy B.,mindy,Female
931,1,oL5Y0hNJojyTdkw3tMapeg,LBjneW3IP4n7roicYbahpA,4,Elizabeth S.,elizabeth,Female
932,2,oL5Y0hNJojyTdkw3tMapeg,2z0dipexjeuBkoHssagTTg,3,David H.,david,Male
933,0,oNXOpgBI6guPaehjzaLRPw,ypiG5LgKqgM8m7QIXLC9TA,5,Sterling D.,sterling,Male
934,1,oNXOpgBI6guPaehjzaLRPw,cF2iYG5aKNLnirqokl1ZPA,5,Keith T.,keith,Male
935,2,oNXOpgBI6guPaehjzaLRPw,Re9FhUlqQ6X3UwF7six5gQ,5,Angelica F.,angelica,Female
936,0,ojDLDEk0AipJzshNDGy3Nw,zInhfeO83peyBC3TReAUKw,5,Dawn B.,dawn,Female
941,2,oo605t5LkjKTnVDeRnN_mQ,Sve5ehQJbD_8lm9PMnc2lw,1,Susie D.,susie,Female
942,0,oq5KCmPFKV28BnB4hjpo_g,dxIGOCMyrJESM0DqiQ4e1w,5,Erina K.,erina,Female
943,1,oq5KCmPFKV28BnB4hjpo_g,5usYQYyyf8P_sDCHgDicgw,4,Frances A.,frances,Female
944,2,oq5KCmPFKV28BnB4hjpo_g,k6aEBUCL6PHo1xlkbpTlbQ,1,Dmitry M.,dmitry,Male
946,1,oyMSKv_ue_zIFFHnGJh-1g,Xyz3QCD-y61i7Mk7GhzSkQ,5,Sanna N.,sanna,Female
947,2,oyMSKv_ue_zIFFHnGJh-1g,hpRYjmWXhxlS-MTqvD0VAw,5,Justin P.,justin,Male
948,0,pGv8-G_5AuUTDCDG5zC4zA,GuR04Pjv5niXMVovji3cuw,5,Kaytie L.,kaytie,Female
949,1,pGv8-G_5AuUTDCDG5zC4zA,EH97_2ZjCD0hT5KS_FgZsg,4,Karine H.,karine,Female
950,2,pGv8-G_5AuUTDCDG5zC4zA,vR-TEQZ7dzvvLVZK8BMTyg,5,Nicole C.,nicole,Female
951,0,pK1VOTzjXISjsrbvWAn9PA,Lu9MjqaI4H1z_SJ1w7T9UQ,5,Linnea P.,linnea,Female
952,1,pK1VOTzjXISjsrbvWAn9PA,HzWPdNsaab51dZg_dsiSFg,5,Mark R.,mark,Male
953,2,pK1VOTzjXISjsrbvWAn9PA,rSaTqLDsByUW6SSbsDGM-g,5,Jennifer K.,jennifer,Female
954,0,pPwUm7V_XG-0NNnKhZn1EA,YAVYJpg5LMa161_FqBztiw,5,Geraldine R.,geraldine,Female
955,1,pPwUm7V_XG-0NNnKhZn1EA,YDVUrlz7r0Ih13gkNxLfVQ,5,Brian D.,brian,Male
957,0,picSw4rrQCoJSz0Abky_bw,DBG3-VohOgSJolHCW10SVQ,5,Gina S.,gina,Female
958,1,picSw4rrQCoJSz0Abky_bw,ooB3LBOj69YO1G5ZNaG8gQ,4,Joshua L.,joshua,Male
959,2,picSw4rrQCoJSz0Abky_bw,G04IevpUPkncFiSbRW01Ng,3,Judy A.,judy,Female
961,1,ps9ZlLoLYTfK87IjW9REfg,TNPTU4TsmcbObq-ALZ7DvQ,5,Tyra L.,tyra,Female
962,2,ps9ZlLoLYTfK87IjW9REfg,IhA_wQQge035JEcmXlZD1w,5,Natalie S.,natalie,Female
963,0,pzjQKP3PEkclhSD-mFn7jA,5RZJAYFhBH5nU0YQ1mGiUw,5,Diego S.,diego,Male
964,1,pzjQKP3PEkclhSD-mFn7jA,osrWjLyT7n4XECY5u31i8w,4,Christine Z.,christine,Female
966,0,qE5J-4Bn0rmsia3BFtk5-A,_0vu3rBaVcNqRkS5fOeDQw,5,Briana M.,briana,Female
967,1,qE5J-4Bn0rmsia3BFtk5-A,3qykjozg98DeOX0f9kLd5A,3,Dean L.,dean,Male
968,2,qE5J-4Bn0rmsia3BFtk5-A,AxBdCvM7nOh1ZzH3e3_Eyg,3,Ralph R.,ralph,Male
969,0,qERtBPTw_lLv0fkxw3cRPw,X08mEROfGfHtS_pHYQv6Ew,5,Jessica F.,jessica,Female
970,1,qERtBPTw_lLv0fkxw3cRPw,4soKWExJgCgSXLx2Jprqjg,4,Ada N.,ada,Female
971,2,qERtBPTw_lLv0fkxw3cRPw,oIqf7zNoFHmuK7u4jz07fA,1,Carmela G.,carmela,Female
972,0,qJjodNeWFLxr2r40u2pqyw,8t40y4UIIvymq1RK9AXxLA,4,James R.,james,Male
973,1,qJjodNeWFLxr2r40u2pqyw,QxhlP_9hwBullUabJF5VEg,1,Lori P.,lori,Female
976,1,qM0ZfTB-ZaHTJ58wMMt5Sw,O2h_GhMtgJddt9dxDcsi2w,3,Caitlin H.,caitlin,Female
977,2,qM0ZfTB-ZaHTJ58wMMt5Sw,_yp_x-yQ-ANuKKLCLR9BWA,2,Bryan R.,bryan,Male
978,0,qirjE14Do4bgfN_iQPp89g,v4_NwiEW29Gxk8cMV8AEHg,5,Jennifer H.,jennifer,Female
979,1,qirjE14Do4bgfN_iQPp89g,HnZm-67EDylLG58IZrH6DA,5,Claudia C.,claudia,Female
980,2,qirjE14Do4bgfN_iQPp89g,6E3pFW9Dmlas0o0JrXF9fw,4,Christian A.,christian,Male
981,0,qzIumu1abxuNyvpH_JzI_A,hRlhMv0YeJks9D7Zcvytpg,5,Clover L.,clover,Female
983,2,qzIumu1abxuNyvpH_JzI_A,9u0IMprJDGq6Iv9OZyq3lQ,4,Helen H.,helen,Female
985,1,r-QhwYfXITtsgdaqRuhocg,gM9-lhN_XMcr_LDqKdCs1Q,5,Gary W.,gary,Male
987,0,r2qcG59sAqqptnwL4aJGhg,9lqQlPpiOU5nc2K4zf1QfA,5,Mike H.,mike,Male
988,1,r2qcG59sAqqptnwL4aJGhg,i_a0Lcl7DEsWg3rxLhshBA,2,Audra S.,audra,Female
989,2,r2qcG59sAqqptnwL4aJGhg,8oetCn8hPEUiO-Xowl_EBQ,1,Adrian Y.,adrian,Male
990,0,rDtJGrHmFv5V4pxtuSj4XQ,Pm5ED3UKGyC4pMFLO1iVcw,5,Connor B.,connor,Male
992,2,rDtJGrHmFv5V4pxtuSj4XQ,zV-PtiJfDnomCB2RF2bucQ,3,Kristie C.,kristie,Female
993,0,rErjlkvXXdMPguuVH8R0sA,UG4vfm27dup025g6FvK-AQ,5,Randy M.,randy,Male
994,1,rErjlkvXXdMPguuVH8R0sA,LT9vLn4Dp79WR9JcM6Ivtw,3,Aaron L.,aaron,Male
995,2,rErjlkvXXdMPguuVH8R0sA,-o9kGcVHlGs9VuJ9Enfgpg,4,Angela C.,angela,Female
996,0,rX2fW2ECWUixxFPHNYgs-Q,Go33RtxYqI-HKrQfiJHN5w,5,William B.,william,Male
998,2,rX2fW2ECWUixxFPHNYgs-Q,A29rqbit4fJBtdzPutj0Hw,4,John S.,john,Male
999,0,rl43r90cPQJ6qCo-eEsXpA,y3LjXl0tEi2eBqNCk4o-1A,5,Elizabeth C.,elizabeth,Female
1002,0,s4TBcqOpkoZnjnyGmO_7_w,iSwwUPTkkCGLw-2Qp1R8Vg,4,Jean K.,jean,Female
1003,1,s4TBcqOpkoZnjnyGmO_7_w,PUIAhgV2uyCmPuQWX66wlQ,5,Song K.,song,Male
1004,2,s4TBcqOpkoZnjnyGmO_7_w,QRx4OoOdTO2s7t2l9r2TCg,1,Christian R.,christian,Male
1005,0,s8w2JADpUXEzRYkmRLlkJw,boNl_VPcvZ25GQKmgWoHqw,5,Suzi B.,suzi,Female
1007,2,s8w2JADpUXEzRYkmRLlkJw,_ajNQ4HCFV7CdtSt4qfOgQ,4,Tram A.,tram,Female
1008,0,s96Dp0LqiGDLLWBIXODZCQ,13GWV0o3Wr0gAlytyn_jlw,5,Lindsey C.,lindsey,Female
1009,1,s96Dp0LqiGDLLWBIXODZCQ,5JCmr6DhvbiUEdTJHSMTGA,5,Camille W.,camille,Female
1010,2,s96Dp0LqiGDLLWBIXODZCQ,hPoM8z9N0AjOvG2O8r43jw,3,Matthew U.,matthew,Male
1011,0,s9alani4rCYMXMWTI5xS7w,L42FoiCp4NN0VucbYaNJGA,5,Carie S.,carie,Female
1012,1,s9alani4rCYMXMWTI5xS7w,YzqbfIsYkw6Hipqx1WKm7w,3,Sophia P.,sophia,Female
1013,2,s9alani4rCYMXMWTI5xS7w,oY2TrD97aeMT-_xoOodeVA,3,Kristina K.,kristina,Female
1014,0,sanqd2DKU1BWZ647Y9IMbA,KUtoeW6xszc-vI1nFhqyCw,5,Elyse M.,elyse,Female
1016,2,sanqd2DKU1BWZ647Y9IMbA,Tl0T2XLmCmozsvWCSJuvbg,3,Jeff B.,jeff,Male
1018,1,seXhmf0ry1gFsmLUDues5w,-EYZpWmdfA8I76inyRX5lA,5,Karissa L.,karissa,Female
1019,2,seXhmf0ry1gFsmLUDues5w,D2Z2LlIeXB21foav-8ZPRw,5,Natalie E.,natalie,Female
1020,0,smOVPL87Q0XHACrVMPa8qw,2iCTJA32uCz3IiIeuqLtsQ,5,Dawn M.,dawn,Female
1021,1,smOVPL87Q0XHACrVMPa8qw,cMgtWeOm4bJQqCReG3PKvQ,1,Chris W.,chris,Male
1022,2,smOVPL87Q0XHACrVMPa8qw,qdsZ_wRAuIV2Y2o7l-K3Fw,4,Julian S.,julian,Male
1024,1,t9rfY_0J9YrsjAHw1FcupA,FDFnKyHo_T5DMPx0FRbgHw,1,Mick B.,mick,Male
1025,2,t9rfY_0J9YrsjAHw1FcupA,h-zv2bzIwh_wKD-SMXMKaw,4,Samantha D.,samantha,Female
1027,1,tLxTMe3_LLvYxPAAFH62Zg,bE8osQFzFOD0Oaxzr_Ee2A,5,Amanda E.,amanda,Female
1028,2,tLxTMe3_LLvYxPAAFH62Zg,BYlePBrgUSgHc1D84P6c0w,2,Angie A.,angie,Female
1029,0,t_quzkIkA9TH3BnOo9Paew,giCSthOt6f8r8ybuliTRnQ,5,Eric B.,eric,Male
1031,2,t_quzkIkA9TH3BnOo9Paew,__Mm-tvdr9es8SfS730YJg,3,Amanda B.,amanda,Female
1032,0,tft3bc4bbG6falcQV2Ui6w,xIVzsrb5VD5I_XEo68KOGw,5,DJ S.,dj,Male
1033,1,tft3bc4bbG6falcQV2Ui6w,LWw7MKfFYNj9FSnm3Cht5g,3,Jennifer C.,jennifer,Female
1034,2,tft3bc4bbG6falcQV2Ui6w,zjQ3K_vwEQLGtcEstnJrmg,4,Tim C.,tim,Male
1035,0,tvvPxeWJy3cY2JwEtrh81w,zj2dsMaFCx7ydlUJKSDS5A,5,Cindy C.,cindy,Female
1036,1,tvvPxeWJy3cY2JwEtrh81w,1xhMJhag5_aI1hoU3ngutQ,4,Elisabeth P.,elisabeth,Female
1037,2,tvvPxeWJy3cY2JwEtrh81w,2YBCxhi1flzZTc_aQUMFow,4,Stacey P.,stacey,Female
1038,0,u_v3NLu8Iy_jaf5TkGPIGw,jDz2_Cf7uY6_xQrRQ_aqPw,5,Dave F.,dave,Male
1039,1,u_v3NLu8Iy_jaf5TkGPIGw,ZjzAltU_OdbMuSBpzp2kNg,4,Vinh N.,vinh,Male
1040,2,u_v3NLu8Iy_jaf5TkGPIGw,0kLtAh7Gs9uGTyfGXr_LoQ,5,Will W.,will,Male
1042,1,ud5NuBZka9lVZdRlhQDrjQ,J6zU6MXIx3qLy2g3qAYSLg,5,Arthur T.,arthur,Male
1043,2,ud5NuBZka9lVZdRlhQDrjQ,3lL_DOQ_PDjubrZ1wlHnZg,5,Steph J.,steph,Female
1044,0,um4_fgtE2Wg9NLXUaNWlAw,ixKwAzAa9H9NtZMPu8RQ9w,5,Kay N.,kay,Female
1045,1,um4_fgtE2Wg9NLXUaNWlAw,DX1dRaR-vSc_Y5Ucph9IKg,5,Diksha N.,diksha,Female
1046,2,um4_fgtE2Wg9NLXUaNWlAw,foy2hcvD51L58JnbHfa3yg,4,Amita J.,amita,Female
1047,0,uxsMJz_L4W2uHViwWi9KRA,XbeK18rASPy5uAS7uoaKOA,5,Marc M.,marc,Male
1049,2,uxsMJz_L4W2uHViwWi9KRA,U35dGbgZYvneDv3h3fAqUg,2,Travis B.,travis,Male
1050,0,vKgyKPKRuveMB23UPwk97Q,w9Vs3DDuS2hsbJ1fxT9UlQ,5,Mario M.,mario,Male
1051,1,vKgyKPKRuveMB23UPwk97Q,ItFfzTfuhMiXxjuMHPq19A,4,Elaine H.,elaine,Female
1052,2,vKgyKPKRuveMB23UPwk97Q,KiQJgMMDel_SNUxthlQlkA,5,John S.,john,Male
1053,0,vs5dhED5Yf8kqPp06OD2QQ,ITJLTv60qBEMe_-P-7dxjQ,5,Rachel L.,rachel,Female
1054,1,vs5dhED5Yf8kqPp06OD2QQ,lu9c6_2kUGSqlYPyZNZlnA,4,Sofia A.,sofia,Female
1056,0,vssqZD2IDD00bQltmYOB7w,i9xIJgqHr-QdCipKw2tqzQ,5,Alexa W.,alexa,Female
1057,1,vssqZD2IDD00bQltmYOB7w,y-u8CM8oaO3W92yTClG2AQ,5,Diane S.,diane,Female
1059,0,wBTCvhyi_aq0vbsB8xgBoQ,dP2-3PYZ3rMimdDmOwwKzg,5,Thao N.,thao,Female
1060,1,wBTCvhyi_aq0vbsB8xgBoQ,llJ53AX7k5iHfQ2iPknd4A,4,Frances N.,frances,Female
1061,2,wBTCvhyi_aq0vbsB8xgBoQ,sTDVo6xWl5LH5xgt6y9oUA,4,Andrew A.,andrew,Male
1062,0,wI2A_94uYykK94Ec7OlT2g,uOGhwcjsqeWBwOL-GqG4bQ,5,Tommy F.,tommy,Male
1063,1,wI2A_94uYykK94Ec7OlT2g,31Cpi7DcGFlMbaoxJZ7qwg,3,Victoria C.,victoria,Female
1064,2,wI2A_94uYykK94Ec7OlT2g,5oe2kP7wsay1LfJC20HG5g,1,Susan B.,susan,Female
1065,0,wN_TSpQamnYXs7xEXJn4eQ,95QhvAKWvji1AbvkvgPt3w,5,Tanya H.,tanya,Female
1066,1,wN_TSpQamnYXs7xEXJn4eQ,PmaSsfD4MvUkpZ3XIln-aQ,4,Vic V.,vic,Male
1067,2,wN_TSpQamnYXs7xEXJn4eQ,YRmvWCcTLMK_liMWZlGn2Q,3,Tram A.,tram,Female
1068,0,wfumpPAmHic9jEOQvq2mAg,QznGmdQFB_4stLFPwA_Z2g,5,Mackenzie C.,mackenzie,Male
1069,1,wfumpPAmHic9jEOQvq2mAg,lpaFyMNv0hr_0C6_nMrGVA,4,Jessica R.,jessica,Female
1070,2,wfumpPAmHic9jEOQvq2mAg,qoMJF8R_PtrjMPfsgxp14A,4,Dianna T.,dianna,Female
1071,0,wqHrLZkr1NBgkgpVpwMdcg,8rZG5Lz0dxh2NgiI6YpDUQ,5,Muneeb M.,muneeb,Male
1072,1,wqHrLZkr1NBgkgpVpwMdcg,CRTa-osxN-84lEvmtTN7og,5,Suzi B.,suzi,Female
1073,2,wqHrLZkr1NBgkgpVpwMdcg,vhE7h1PwmouM9wdADoU1DA,5,Sebastian T.,sebastian,Male
1074,0,wqww7beJXveaMDlMZ1F9Xw,xMKzR_SshFMHwePYdDifjg,5,Carrie S.,carrie,Female
1075,1,wqww7beJXveaMDlMZ1F9Xw,xVx9EeX2YQjLzOudSM0D5g,5,Nancy K.,nancy,Female
1076,2,wqww7beJXveaMDlMZ1F9Xw,9WfLDOgkan-p9bz_nhAJWA,4,Amanda D.,amanda,Female
1077,0,x31M4pVKfOWYwxL5o_wXPQ,98xk8GWZ8mh91Be3rOyZBg,5,Jeremy W.,jeremy,Male
1079,2,x31M4pVKfOWYwxL5o_wXPQ,jLf7r-UJy1iJhcRPd7LTgw,4,Peter L.,peter,Male
1080,0,x8bppMWHlRdHLZhuoJz4Qg,l9WZHMeySLvC01nolVYd2g,5,Pamela A.,pamela,Female
1081,1,x8bppMWHlRdHLZhuoJz4Qg,jCFT3gnVKbM_uki6qSZoKw,5,Laura H.,laura,Female
1082,2,x8bppMWHlRdHLZhuoJz4Qg,xm5m6mcm-NKqXNdzf_Y3KQ,4,Josephine C.,josephine,Female
1083,0,xF5-wdhPYg7sYcwFOHQHIQ,ZZGQa0UfgCE6eNkOp4iAgg,5,Vinh N.,vinh,Male
1084,1,xF5-wdhPYg7sYcwFOHQHIQ,678YKOXt50KCbvoI5Y0qww,5,Becky C.,becky,Female
1085,2,xF5-wdhPYg7sYcwFOHQHIQ,k_bSgu9pNISFW0KXvOjw2A,5,Tiffany S.,tiffany,Female
1086,0,xHaNTnos4SGxD7Z627xm4Q,fkl3-iTcBmR2-sWfyTlDcQ,5,Mei Fu L.,mei,Female
1087,1,xHaNTnos4SGxD7Z627xm4Q,rQPd_KaytijvW4cKHNXtmw,4,Jenny C.,jenny,Female
1088,2,xHaNTnos4SGxD7Z627xm4Q,3IBNbI0Q6-qx5kKcEPxxbA,3,Jonny M.,jonny,Male
1090,1,xcZZ0Gm81bl8xQfvws231A,4reoSgAQqosktrJCXx0fdw,4,Kyle D.,kyle,Male
1091,2,xcZZ0Gm81bl8xQfvws231A,kCS05nluid363B4M4nzojQ,4,Joy S.,joy,Female
1092,0,xdK8ke23vOjlgWHO8Hnj9w,LlVSNV9SB8WndlhZAGA7cg,5,Tricia P.,tricia,Female
1093,1,xdK8ke23vOjlgWHO8Hnj9w,ISCJfakttebYALZqPPZnOg,4,Sarah T.,sarah,Female
1095,0,xnp-sBsGVoYQFDnetEZ5-w,DSZVs6CnKlvjGcC901vKtg,5,Nathan W.,nathan,Male
1096,1,xnp-sBsGVoYQFDnetEZ5-w,olf5Zi8rz8cJMUuh1dbxkQ,4,Josh G.,josh,Male
1097,2,xnp-sBsGVoYQFDnetEZ5-w,WgPGwxoCU9bJFktPTojGbA,5,Kirk M.,kirk,Male
1098,0,xqH038QcquJEMm5LIZHd5w,ABPu31E5UpwRpX53uxm5Pg,5,Stella M.,stella,Female
1099,1,xqH038QcquJEMm5LIZHd5w,RkIsK4SzCKer13_14ZqS2A,3,Emily T.,emily,Female
1100,2,xqH038QcquJEMm5LIZHd5w,VF9giLdWiw31W2dTs7FjIg,4,Emily L.,emily,Female
1101,0,xy-xjT6kNzHTBjpVAlIJAA,zQQj_2qwtd0TSUnmeEsb9A,4,Emily N.,emily,Female
1103,2,xy-xjT6kNzHTBjpVAlIJAA,ZMieCfjSwmPEEFdF4MbaDg,4,Jacques I.,jacques,Male
1104,0,yMLSALRbwRNG9JsqRUAPGw,zjzPj4Z6jNRybDpyUGQ0Iw,5,Grace C.,grace,Female
1106,2,yMLSALRbwRNG9JsqRUAPGw,p5jOi0_7ZxD4AYnPeQsYKw,5,Rick K.,rick,Male
1107,0,yRhHLizgvqjGkxBzfCzZsQ,WFc0N3V8_-X6DdsE2vpS6A,4,Krista T.,krista,Female
1109,2,yRhHLizgvqjGkxBzfCzZsQ,Taon5MbeucPpFIRf5oRg-A,5,Amira J.,amira,Female
1110,0,ySKMvcI3ImApkkMkSjna9A,YBvHT0nnzQVO9hAHw4Swig,4,Tram A.,tram,Female
1111,1,ySKMvcI3ImApkkMkSjna9A,9owJ70WiwvJ1DM92R4qgOw,3,Huong L.,huong,Female
1112,2,ySKMvcI3ImApkkMkSjna9A,msb1dnhxwXBTBabgX3NKFA,4,Connie A.,connie,Female
1113,0,ye3n048GGn9Nl7X9jAQOwg,SCVUiKrGh4d76iGvEAmJOA,5,Dawn C.,dawn,Female
1114,1,ye3n048GGn9Nl7X9jAQOwg,vlk_DxNNc8DfC7956TIJ2g,3,Sara L.,sara,Female
1115,2,ye3n048GGn9Nl7X9jAQOwg,sRMsObNnhWJZtRztmhsvxQ,5,Andrew B.,andrew,Male
1117,1,yi9xXidbjh_bTM9J0MElwQ,cUwwOB1xIOmIppghQdv44Q,4,Luke B.,luke,Male
1118,2,yi9xXidbjh_bTM9J0MElwQ,BvHjbMuMmX04PhxICC_Fdg,4,Jessica M.,jessica,Female
1119,0,yxFzYDnjXNHpI9vy221NgQ,6iNK6gpluSu1-0Hg14Aphw,4,Mona M.,mona,Female
1121,2,yxFzYDnjXNHpI9vy221NgQ,ZjyYApz8YsyU188Rqs6Xzw,3,Kimberly S.,kimberly,Female
1122,0,z3UC4jtl4r0WrAT_TvyFRw,derMlzU-UaQNLzd-NU0NQg,5,Heather C.,heather,Female
1123,1,z3UC4jtl4r0WrAT_TvyFRw,nNJ521d1EO30Nl0g9w50MA,5,Brittainy B.,brittainy,Female
1124,2,z3UC4jtl4r0WrAT_TvyFRw,hnygmAbojU6BjjYM6REJgQ,5,Matt C.,matt,Male
1125,0,zNE-dO7Pr7_j2mkyZV3_Hg,wWWtkAgnGnUfoID-wNVNMw,5,Esther Y.,esther,Female
1126,1,zNE-dO7Pr7_j2mkyZV3_Hg,L49AupjZ-3GC5Ux2DMbl1g,3,Sarah C.,sarah,Female
1127,2,zNE-dO7Pr7_j2mkyZV3_Hg,k6H_f1jR-PoDwBr2dGDlsQ,4,Jennifer H.,jennifer,Female
1128,0,zV3tTEWnDrWWT07baEyi-Q,mVkyVI_XesslhVOyDg_caw,5,Arnab D.,arnab,Male
1129,1,zV3tTEWnDrWWT07baEyi-Q,uRbTgoJQw84988lH3hdGRA,4,Katherine Y.,katherine,Female
1130,2,zV3tTEWnDrWWT07baEyi-Q,8r2Xdh8-lrJUWeG67ZFl0w,4,Victoria M.,victoria,Female
1132,1,znC7nKUjIpMxTRrJjtnazQ,i4oRy5aTv7nheDpiLf-n4A,4,Mitchell V.,mitchell,Male
1133,2,znC7nKUjIpMxTRrJjtnazQ,2SK-K717ZB2Gbptg4JmQww,4,Mona M.,mona,Female
