,index,business_id,review_id,reviewer_rating,reviewer_full,short name,gender,name,rating,zip_code,review_count,price
0,0,-6jVwUuXC1-dyr2YRCEU6Q,3xNxd1x6ew1QmGDLHxDFdA,5,Maggie Z.,maggie,Female,Anis Hyderabad Restaurant,4.0,63141,197,$$
2,0,-hto0uJjh8KFQZGc9ZAcuQ,mYjfqARuUMocnIBb4PZi_A,5,Faye T.,faye,Female,U-City Grill,4.0,63130,181,$
3,1,-hto0uJjh8KFQZGc9ZAcuQ,TcARsdQZEtaRJpBDmShVPQ,1,Morae K.,morae,Female,U-City Grill,4.0,63130,181,$
4,2,-hto0uJjh8KFQZGc9ZAcuQ,oRmNn-G5pw5CDjIi-5s__Q,1,John K.,john,Male,U-City Grill,4.0,63130,181,$
5,0,-kHHi8y4kaTI6WUVdJSdvQ,zfHH4fQ1slhdGeT-mfQbMA,4,Ian C.,ian,Female,Fitz's,3.5,63130,619,$$
8,1,-kHHi8y4kaTI6WUVdJSdvQ,Jtk0YcnMPyL9Wr9KkJClTw,4,Dianna S.,dianna,Female,Fitz's,3.5,63130,619,$$
11,2,-kHHi8y4kaTI6WUVdJSdvQ,0g1um0zD0CpygXDFELzXWg,5,Hal M.,hal,Female,Fitz's,3.5,63130,619,$$
14,0,-mDAFyX5kZHXhxjELeMhiQ,gUlMGBHwY_h5mCpyYuhLhw,5,Adam P.,adam,Male,Winslow's Home,4.0,63130,534,$$
17,1,-mDAFyX5kZHXhxjELeMhiQ,twNtDOz7a37-o-u8Ulk3XA,5,Timothy B.,timothy,Male,Winslow's Home,4.0,63130,534,$$
20,2,-mDAFyX5kZHXhxjELeMhiQ,K-Psn7vm1m4K21lt-9_ZNg,5,Grant H.,grant,Female,Winslow's Home,4.0,63130,534,$$
23,1,-q4YqKsWJY6NtkQdnNeL1Q,oub2iO5d0KcpBnGKKcC2lg,4,Edward A.,edward,Male,The Barn,4.0,63126,276,$$
26,2,-q4YqKsWJY6NtkQdnNeL1Q,zJSCkbx1r0ox3qt9Tu5wXQ,1,paula p.,paula,Male,The Barn,4.0,63126,276,$$
29,0,-yu4koRugjxrnsey25oIuw,01NqKh3pEOvHDxSCEtV0nw,4,Cassandra G.,cassandra,Male,OL' Henry Restaurant,4.0,63134,41,$$
31,1,-yu4koRugjxrnsey25oIuw,3Bg0ObjJPxMtM59AwgpWWw,5,Deborah C.,deborah,Male,OL' Henry Restaurant,4.0,63134,41,$$
33,2,-yu4koRugjxrnsey25oIuw,RFoT8EwFZtXprqG3IfKt0g,4,Heather L.,heather,Male,OL' Henry Restaurant,4.0,63134,41,$$
35,0,07tT34LEBj1xVgLRk4L8qw,Y35_HUXrFE4aAdZw0us5tA,5,Carol E.,carol,Female,The Pasta House,3.5,63033,17,$$
36,1,07tT34LEBj1xVgLRk4L8qw,N0hKy8pwxQOsnZZFo4zgxA,3,Jennifer C.,jennifer,Female,The Pasta House,3.5,63033,17,$$
37,2,07tT34LEBj1xVgLRk4L8qw,jOjZ1OWRHJWePbWOqNsSkQ,1,Kendrea H.,kendrea,Female,The Pasta House,3.5,63033,17,$$
38,0,08kBMcufQMg-Dc9IouWIYQ,ztha5CgWybqy60jxcZIGJA,3,Sara L.,sara,Female,Liu Shun Wok,4.5,63128,27,$
39,1,08kBMcufQMg-Dc9IouWIYQ,Z53DkLNxPqPV3NUe7zZSeg,1,Cory B.,cory,Female,Liu Shun Wok,4.5,63128,27,$
40,2,08kBMcufQMg-Dc9IouWIYQ,1ZCSCgMZE6Ep2iq8u0yatg,4,Mike M.,mike,Female,Liu Shun Wok,4.5,63128,27,$
41,0,0AfjyySl4Rivh-QhWfrClA,mioy1QLgL0ry61jDtUyqJQ,5,Stephanie B.,stephanie,Female,58hundred,4.5,63139,116,$$
42,1,0AfjyySl4Rivh-QhWfrClA,swxvr9cbMHPUlH6f_5Sj3w,4,Steven B.,steven,Female,58hundred,4.5,63139,116,$$
43,2,0AfjyySl4Rivh-QhWfrClA,61xqtxyzILW9PWp2uwUTbQ,4,Nicole L.,nicole,Male,58hundred,4.5,63139,116,$$
44,0,0KwD4kiiIPoTOrHXVxwTyA,ZA_qVLS3zsHOPpUVAKJXmQ,5,Maggie M.,maggie,Male,Country Girl's Pie Shop,4.0,63115,19,$
45,1,0KwD4kiiIPoTOrHXVxwTyA,WV3QqHiPG1knTHqZbQq4JQ,4,Gloria R.,gloria,Female,Country Girl's Pie Shop,4.0,63115,19,$
46,2,0KwD4kiiIPoTOrHXVxwTyA,3mxcnA0cOtQ0uuH8WXLILQ,1,Cheryl M.,cheryl,Male,Country Girl's Pie Shop,4.0,63115,19,$
47,0,0MhxvTys2ADYa3sOO91ldQ,thOMsGuRwXtItKm3Pcr7iw,5,Ian S.,ian,Female,Egg,4.5,63104,563,$$
49,1,0MhxvTys2ADYa3sOO91ldQ,7YZdEcrGSHXzWrnVpqSZZA,4,Emily T.,emily,Female,Egg,4.5,63104,563,$$
51,2,0MhxvTys2ADYa3sOO91ldQ,AhoVT9lYWlq9bO1F-_56xg,5,Scott S.,scott,Female,Egg,4.5,63104,563,$$
53,0,0QYWhij_YZ7Lyk9F6213Sg,jv-mJfyixxKWcVA5AsQJpA,5,Frank W.,frank,Female,Pho Grand Restaurant,4.0,63118,607,$
55,2,0QYWhij_YZ7Lyk9F6213Sg,yfIU4iSo8nqbPPVre7RHzQ,5,Greg D.,greg,Male,Pho Grand Restaurant,4.0,63118,607,$
57,1,0cddB9WRKcQhzAEXEav81w,ZGlITn8XfrgA9duhNDYyPg,1,Jem A.,jem,Female,Pint Size Bakery & Coffee,4.5,63139,211,$
60,0,0upS_zVQ48_9WuTjxmwRqQ,G2c5XAAs9qCvMw2oinFL6g,5,Jenna N.,jenna,Male,Big L Chop Suey,4.0,63121,15,$
61,2,0upS_zVQ48_9WuTjxmwRqQ,7A_wXRPpj3o05W2naEO95Q,5,Big Mama's M.,big,Male,Big L Chop Suey,4.0,63121,15,$
62,1,1EdfURQCj75UbcLPh9rdSw,T7PLRzSkBTRB8vvdf54-EA,1,Hollie K.,hollie,Male,Garvey's Grill,3.5,63129,57,$$
63,2,1HRAmY7rTMKaY9-rNrppzg,cxNGrh8F13fW3IOJL4FHEg,4,Mark S.,mark,Female,One 19 North Tapas and Wine Bar,4.0,63122,158,$$
64,1,1KhNDQSdDqzPQaZk8PIdGg,he8pA6RPYKSvFf_UPTOhqQ,3,Joan G.,joan,Male,West End Grill & Pub,4.0,63108,181,$$
65,2,1KhNDQSdDqzPQaZk8PIdGg,jtA_fMasiust9CU9ww1HQA,5,Lori E.,lori,Male,West End Grill & Pub,4.0,63108,181,$$
66,0,1XsoLhxLB7-iyxaLpoEmUg,47hK7yBXICBb4U_G4mcQQQ,5,Nyles S.,nyles,Female,Jefferson Barracks Park,4.5,63125,17,$
67,1,1XsoLhxLB7-iyxaLpoEmUg,OQx4yQCZTsOQPTaebvPZKw,5,Amber D.,amber,Female,Jefferson Barracks Park,4.5,63125,17,$
68,2,1XsoLhxLB7-iyxaLpoEmUg,1Ec4aeV-w2FNQTtbQzHkFw,5,Kelly P.,kelly,Male,Jefferson Barracks Park,4.5,63125,17,$
69,0,1dF6hKCLrdEPDOWcwrXgOA,-7IwtqRQdrvceM05Ov88uw,1,Mike C.,mike,Female,T Js Pizza,2.5,63137,3,$
70,1,1dF6hKCLrdEPDOWcwrXgOA,OjLvSymGF0RmPJxBNRc_Pw,5,Bill R.,bill,Male,T Js Pizza,2.5,63137,3,$
71,2,1dF6hKCLrdEPDOWcwrXgOA,hdp4tTwJN7Ln3K9v7tPP9w,1,Wendy C.,wendy,Female,T Js Pizza,2.5,63137,3,$
72,0,1elddy31XiqFPVrvvd9QiQ,jdRxQu--Py2dkpf9eTDJdw,4,Rag R.,rag,Female,Which Wich,4.0,63131,44,$
73,1,1elddy31XiqFPVrvvd9QiQ,ArdtmDbkrDA0WuKUeAh85w,1,Brittney P.,brittney,Female,Which Wich,4.0,63131,44,$
74,2,1elddy31XiqFPVrvvd9QiQ,a92rR5coT3flDkZjjgJfGg,1,Audrey P.,audrey,Male,Which Wich,4.0,63131,44,$
75,0,1lWASQ_QiT_RFPEeSvyF5w,MVZPAyHPZPl_j6iJQyW2nw,3,Lloyd C.,lloyd,Female,McDonald's,2.0,63033,11,$
76,1,1lWASQ_QiT_RFPEeSvyF5w,l2j4QdaHbH8FERpT2OmojA,1,Tasha P.,tasha,Female,McDonald's,2.0,63033,11,$
77,2,1lWASQ_QiT_RFPEeSvyF5w,tgCMQfRuXAv15h3rzHVQRQ,1,Kenna M.,kenna,Male,McDonald's,2.0,63033,11,$
78,0,1o9IdLrFGMS2o5Y8uXKC0Q,Vu2x7CkBRdfUQjC_BDJmvg,5,Jemal D.,jemal,Male,Adam's Smokehouse,4.5,63139,314,$$
81,1,1o9IdLrFGMS2o5Y8uXKC0Q,O_bQf-Qim9Dk9K6zCYfSoA,4,Aaron D.,aaron,Female,Adam's Smokehouse,4.5,63139,314,$$
84,2,1o9IdLrFGMS2o5Y8uXKC0Q,HxbFq0_fbNi62sdgFfNduw,5,Craig M.,craig,Male,Adam's Smokehouse,4.5,63139,314,$$
87,1,1ulD4HL2G8qbpEuuWFDSqQ,E6s0cZzpX-gLduuzNE8qAA,2,Melissa K.,melissa,Female,Himalayan Yeti,4.5,63139,214,$$
89,2,1ulD4HL2G8qbpEuuWFDSqQ,cWLm9g6NyowtM3VvCOGZag,1,Sue D.,sue,Male,Himalayan Yeti,4.5,63139,214,$$
91,0,24_GowpZ79St53rpxsKqsQ,ptNeR1NIZ0q9-1BEd1USww,5,Chris D.,chris,Female,P'sghetti's Pasta & Sandwiches,4.0,63123,80,$
92,2,24_GowpZ79St53rpxsKqsQ,DQv83U3hFw_IVIOUU9DArA,3,David B.,david,Male,P'sghetti's Pasta & Sandwiches,4.0,63123,80,$
93,0,2BMk_drsikKWslJCXmQtjQ,yjWuxHY4MQDDKUxHa7kJvA,4,Jamie B.,jamie,Male,Rooster,4.0,63101,1754,$$
98,1,2BMk_drsikKWslJCXmQtjQ,u8w-JcWPKRCpEo_5n9xDpg,2,Trevor P.,trevor,Male,Rooster,4.0,63101,1754,$$
103,2,2BMk_drsikKWslJCXmQtjQ,BQsywEAiZWSQuRXUQNGLFw,4,michael d.,michael,Female,Rooster,4.0,63101,1754,$$
108,0,2DWqlmcMV9CxzUDYhzY04Q,_laHh0_hl2jm9oAiBLX1aA,5,Lisa R.,lisa,Female,Drake's Place,4.5,63135,78,$$
111,1,2DWqlmcMV9CxzUDYhzY04Q,K9_zCgDewCq2zKnWL32NtQ,4,Sara L.,sara,Female,Drake's Place,4.5,63135,78,$$
114,2,2DWqlmcMV9CxzUDYhzY04Q,G7VlG5tiRQP8EEs3B7rb7g,5,Kim B.,kim,Male,Drake's Place,4.5,63135,78,$$
117,0,2P-pvj_jo0SxNe6jih6sOA,LfDVJv2Kwi0mXpq3PjsWTQ,5,Doug M.,doug,Female,J's Pitaria,5.0,63116,61,$
119,1,2P-pvj_jo0SxNe6jih6sOA,jX4kAITfOxIBjZk58uP67A,5,Zach H.,zach,Male,J's Pitaria,5.0,63116,61,$
121,2,2P-pvj_jo0SxNe6jih6sOA,tCo5u-8NIYCDMLKL9tbz4Q,5,Sandra K.,sandra,Male,J's Pitaria,5.0,63116,61,$
123,0,2aZNVfzU-3672SjRHnPoOA,u7NrnJPyAR8Z63sJ5iuegg,5,Vivienne C.,vivienne,Male,Clementine's Naughty & Nice Creamery,4.5,63105,174,$$
124,1,2aZNVfzU-3672SjRHnPoOA,QpmwxBqjh3Tcis3GOR4HqA,5,Cheryl T.,cheryl,Male,Clementine's Naughty & Nice Creamery,4.5,63105,174,$$
125,2,2aZNVfzU-3672SjRHnPoOA,P9doCXFsu-BR-O3MCVCi8Q,4,Faye T.,faye,Female,Clementine's Naughty & Nice Creamery,4.5,63105,174,$$
126,0,2zscMai3s2qePfovwetPcg,yX3qiJ77r7hQtfevhJCZjA,5,Alex R.,alex,Female,MOD Pizza,4.5,63122,60,$$
127,0,31_JqV2ZinZ7Uo4DKiKFEQ,sU2KMylA3QVMoW6Ct6rkDQ,4,Nathan T.,nathan,Male,Northland Chop Suey Chinese Restaurant,5.0,63136,8,$
130,1,31_JqV2ZinZ7Uo4DKiKFEQ,Sn1H_JdEl66J_nri_vHcuw,5,Andrew M.,andrew,Male,Northland Chop Suey Chinese Restaurant,5.0,63136,8,$
133,0,33l2XVp01d8kltTs_UMJ8A,R5JgicBCFr1PIuRf_b5qqg,5,Amber M.,amber,Female,Truffles,4.5,63124,130,$$$
134,1,33l2XVp01d8kltTs_UMJ8A,bqpua-E7ka04U4iTFknXBg,4,Lizzy L.,lizzy,Female,Truffles,4.5,63124,130,$$$
135,0,37dCsVwCe8yWPkW7TXCLCA,w_VSvmGwHGk1fF4SAjOq7g,5,Dan J.,dan,Female,Melo's Pizzeria,5.0,63104,103,$$
136,1,37dCsVwCe8yWPkW7TXCLCA,Unn08ErU_E4ziL2NpLmKWg,4,Zack G.,zack,Female,Melo's Pizzeria,5.0,63104,103,$$
137,1,3AZjEgNM6CiOePDKKAQWgA,eK0aZ4TLMaiHzw5T34y2SA,5,Allen W.,allen,Male,DD Mau Vietnamese Eatery,4.5,63043,171,$$
138,0,3M2zIKwVz2J63SlNiirgVA,WtVnortdVgBcaRNbTsU3nw,5,Cynthia K.,cynthia,Male,San Jose Mexican Restaurant,3.5,63126,113,$$
139,1,3M2zIKwVz2J63SlNiirgVA,RaMd63P8woE7dRkDy4hTqQ,4,Julie L.,julie,Male,San Jose Mexican Restaurant,3.5,63126,113,$$
140,0,3VYxaeo6BJNHbVIIfmWN_w,D98kb6fYw94EpGSwEV70Rg,5,Katherine G.,katherine,Female,Vicia,4.0,63108,234,$$
141,1,3VYxaeo6BJNHbVIIfmWN_w,vAIajmFI6JO3cluR9BjCYg,2,Carol J.,carol,Female,Vicia,4.0,63108,234,$$
142,0,3XXt0s_SDC9SyFTiIPNSgA,lMvjTTqNOad7rhgKBeJM6g,5,Mohammed B.,mohammed,Male,The Original Pancake House,4.0,63124,284,$$
144,1,3XXt0s_SDC9SyFTiIPNSgA,BSvY6DPZBbWyDS6MXuM21g,2,Marilyn A.,marilyn,Male,The Original Pancake House,4.0,63124,284,$$
146,0,3XirYkP9PJvVXIEDPNNXLA,wRRGaIuyLjUbv_pHbZwcsg,5,Sara L.,sara,Female,Crown Candy Kitchen,4.5,63106,513,$
149,1,3XirYkP9PJvVXIEDPNNXLA,HdGBSguVXQUNK3lXrrGh-g,3,Danette A.,danette,Male,Crown Candy Kitchen,4.5,63106,513,$
152,2,3XirYkP9PJvVXIEDPNNXLA,b-8Md5BraJvIoWxZMRgzWA,3,JT T.,jt,Male,Crown Candy Kitchen,4.5,63106,513,$
155,0,3f6HTECaJK4vQr4VSU1xsQ,ez0Nv6RnKH7b6mpu3zGMTw,4,Brett F.,brett,Female,Rich & Charlie's,3.5,63129,64,$$
156,1,3f6HTECaJK4vQr4VSU1xsQ,HpwAv0_Wi0fvWFKg0BJIVg,5,John H.,john,Female,Rich & Charlie's,3.5,63129,64,$$
157,0,3ovV2S7XEAOEk8hCdYKhOA,IQ5j-XWu8dkzTORzQQxnhg,5,Anthony A.,anthony,Female,Hi-Pointe Drive-In,4.0,63117,558,$$
158,1,3ovV2S7XEAOEk8hCdYKhOA,cbzhZJfTuh20o6pkzS0z9g,3,Joseph J M.,joseph,Female,Hi-Pointe Drive-In,4.0,63117,558,$$
159,2,3ovV2S7XEAOEk8hCdYKhOA,hTSy3HRBvYoPiMBRFwlMmQ,4,Eric N.,eric,Female,Hi-Pointe Drive-In,4.0,63117,558,$$
160,0,3qpubK1C8SsDcq8BeKOEbA,xiL39yVoWiR65LFjWFzWpA,4,Leslie H.,leslie,Male,HopCat - St Louis,4.0,63130,149,$$
161,1,3qpubK1C8SsDcq8BeKOEbA,CMpFSqh0RrU8WAWXTRCw8A,3,Allen W.,allen,Female,HopCat - St Louis,4.0,63130,149,$$
162,0,3zI7Ka2_ZsKh4UwbSFnXdw,CIu0dXjbBo360GU02wMeRw,5,Katy C.,katy,Female,Lulu's Local Eatery,4.5,63118,438,$
164,1,3zI7Ka2_ZsKh4UwbSFnXdw,DyYQNkTKcqMHUu7IkIGaAA,5,Lisa N.,lisa,Female,Lulu's Local Eatery,4.5,63118,438,$
166,0,40ovn6SAc5c7v84bRzpB2Q,2E-EOnQtgVpxvPXo92ILkQ,5,Jordan K.,jordan,Male,Texas Roadhouse,3.5,63122,98,$$
167,1,40ovn6SAc5c7v84bRzpB2Q,DRbHrr9lbH_wFJhOMHmsaA,2,Michelle L.,michelle,Male,Texas Roadhouse,3.5,63122,98,$$
168,2,40ovn6SAc5c7v84bRzpB2Q,6CQkebvACIT7rQdNXnGJNA,5,Andrea S.,andrea,Female,Texas Roadhouse,3.5,63122,98,$$
169,0,4EbwDR58_1Lm54Oru_Dfxw,v80EXsnznspHp9-fkBFt-Q,4,Jennifer L.,jennifer,Male,Cafe Telegraph,4.0,63125,200,$$
170,1,4EbwDR58_1Lm54Oru_Dfxw,p3lzdtdx-eVfb_3bwBYh-w,5,Brooke H.,brooke,Male,Cafe Telegraph,4.0,63125,200,$$
171,2,4EbwDR58_1Lm54Oru_Dfxw,qp4IJhejRJzsxzbbYAZGAw,5,Donna M.,donna,Male,Cafe Telegraph,4.0,63125,200,$$
172,1,4ZNCc1GzJZkS7XI1c9rCMA,fxugQmDyJfLJDQYETHGN-A,4,Madison B.,madison,Male,Layla,4.0,63110,420,$$
173,2,4ZNCc1GzJZkS7XI1c9rCMA,_PDRyzYXFMw0__x3jdqhUg,5,Bailey Elise M.,bailey,Male,Layla,4.0,63110,420,$$
174,1,4bNFWpQtS5PtfjXuxTc-GQ,hJ4gjtVyxWrdOeFymY_otQ,5,Brian H.,brian,Female,The Foundry Bakery,5.0,63043,110,$
175,2,4bNFWpQtS5PtfjXuxTc-GQ,v7DRsNogpocMTJ-WHXTqug,5,Hao X.,hao,Female,The Foundry Bakery,5.0,63043,110,$
176,0,4lm1dUvP7GPgyJqUlLxcYg,VAxuHpjbIhUGwJmgBB66zw,5,Erika K.,erika,Female,Taqueria Durango,4.0,63132,180,$
178,0,4mGnHfvwjE6P-vuKowHzCQ,ZN1Fxk_mfMePj8T-tiwrYw,5,Meredith W.,meredith,Female,Taco Buddha,4.5,63130,188,$$
181,1,4mGnHfvwjE6P-vuKowHzCQ,YYrlgPH1kalsS7vACI7vVA,4,Melissa M.,melissa,Female,Taco Buddha,4.5,63130,188,$$
184,0,4oe5dLfE283zx0aw6BHKTA,lERmK8AGZmI9hMq_d6TmKA,5,Kelly M.,kelly,Female,Dressel's Public House,4.0,63108,388,$$
187,1,4oe5dLfE283zx0aw6BHKTA,WmMKCN9UV8FVOpwtc86c1g,5,Austin K.,austin,Female,Dressel's Public House,4.0,63108,388,$$
190,2,4oe5dLfE283zx0aw6BHKTA,hCvX2W-eMcQzFmcmZukmLg,5,Bai L.,bai,Female,Dressel's Public House,4.0,63108,388,$$
193,1,4r3Ck65DCG1T6gpWodPyrg,nwzFWikv-xsaTGNg5EF62Q,2,Aaron O.,aaron,Male,Bridge Tap House and Wine Bar,4.0,63101,697,$$
198,2,4r3Ck65DCG1T6gpWodPyrg,k2E229RbBeYwaVPaQJl8WA,3,Keith T.,keith,Female,Bridge Tap House and Wine Bar,4.0,63101,697,$$
203,2,4uZUHjSonatwt-02yqJp6w,Oo8DoPPv94Ug3NDoxK-H4w,4,Prachi M.,prachi,Male,Olive Street Cafe,4.0,63141,275,$$
205,1,50QTrfSrow-F2Avsjabl8w,S5UpcpNiM0sHF5w6hdzKnw,4,David A.,david,Female,Piekutowski's European Style Sausage,4.0,63107,18,$$
206,0,54X8EMNaeeMjleWUZENl6w,ul8DwWeygOUMuzXkZ3kI1g,1,Erma B.,erma,Male,New York Grill,3.5,63136,9,$
207,1,54X8EMNaeeMjleWUZENl6w,7zujh_wOHvVfIoj7afnymw,5,Todd W.,todd,Female,New York Grill,3.5,63136,9,$
208,2,54X8EMNaeeMjleWUZENl6w,34_IUExU4DFF-4cvWSYrkQ,5,Tosha M.,tosha,Female,New York Grill,3.5,63136,9,$
209,1,55GmNphU0DhtkvG5lSZ49w,-vJBbsQlIhQUyxcAO-xfWg,5,David W.,david,Female,Westport Social,3.5,63146,166,$$
210,2,55GmNphU0DhtkvG5lSZ49w,1OGfgMsJwx6d6Js-W9Em6g,4,Christina P.,christina,Male,Westport Social,3.5,63146,166,$$
211,0,56M2bwaaSzcmzr2dyEfYQw,CunlbCg4wPbxEs8jS1ctNQ,5,Conrad F.,conrad,Male,Adriana’s On The Hill,4.5,63110,355,$$
213,2,56M2bwaaSzcmzr2dyEfYQw,X_ZGIDLzqIQH4A4dCK3Qow,5,Andy K.,andy,Male,Adriana’s On The Hill,4.5,63110,355,$$
215,0,56TulnfOZy0JI96zwVv27w,e0GHEjD032ofLoLvQGBSdA,5,Riana Elizabeth E.,riana,Male,Gioia's Deli,4.5,63110,302,$
217,1,56TulnfOZy0JI96zwVv27w,FxtM61_DRAgJxd46nJ_JAA,4,Kelly S.,kelly,Male,Gioia's Deli,4.5,63110,302,$
219,2,56TulnfOZy0JI96zwVv27w,DN3Y8uAH1kM2fiAskmApNg,4,Isaac T.,isaac,Female,Gioia's Deli,4.5,63110,302,$
221,0,5dKDUPQaC7aMxqzMUsKXIg,7pLBwoA_9yTIRWMNnMavFQ,5,Andrew M.,andrew,Female,Cellar House,4.5,63129,40,$$
222,1,5dKDUPQaC7aMxqzMUsKXIg,GwSYdug_gudwH2WTYl1Vmw,5,Alyssa W.,alyssa,Male,Cellar House,4.5,63129,40,$$
223,2,5dKDUPQaC7aMxqzMUsKXIg,AL4sH6F6Y1MfjWtUwB7yrA,4,Renee I.,renee,Male,Cellar House,4.5,63129,40,$$
224,0,5mDneH5wP5VN_7GVe-PudQ,SuxiEjYfzO0sAcga8MzGHA,5,Mary D.,mary,Male,Narwhal's Crafted,4.5,63108,184,$$
226,1,5mDneH5wP5VN_7GVe-PudQ,ITrzTQSiwNTR12O-eWqakg,4,Faye T.,faye,Female,Narwhal's Crafted,4.5,63108,184,$$
228,2,5mDneH5wP5VN_7GVe-PudQ,p5VtnGnKwp8Qk_EghaDKow,4,Caitlin K.,caitlin,Male,Narwhal's Crafted,4.5,63108,184,$$
230,0,62pABDhLkUPAcNgxum_mpw,3LcJTTfWnC5InCqVhcOVDA,5,Mark S.,mark,Female,Cafe Provencal,4.0,63122,99,$$$
232,1,62pABDhLkUPAcNgxum_mpw,dHVNjkqbxGKjxzO5ErI1nw,4,Tom C.,tom,Female,Cafe Provencal,4.0,63122,99,$$$
234,2,62pABDhLkUPAcNgxum_mpw,bvUY27_kSOBJbS-N78hx9Q,4,Katie G.,katie,Male,Cafe Provencal,4.0,63122,99,$$$
236,0,6EKawoqscJ0IYNjtfpd0_w,HqE4kJAigpzMTCcEYsXBhQ,5,Michael W.,michael,Female,Kabul Express STL,5.0,63125,77,$
238,1,6EKawoqscJ0IYNjtfpd0_w,HasQfaQLL_nHw3cQsD0b0g,5,Steve S.,steve,Male,Kabul Express STL,5.0,63125,77,$
240,2,6EKawoqscJ0IYNjtfpd0_w,5qB7X8lXHGximfutbovT_w,5,Tara B.,tara,Female,Kabul Express STL,5.0,63125,77,$
242,0,6FvC6w810uf6O7Ocd6Wpog,YsvoW25HSDv8c2U-0yP1mA,5,Dawn L.,dawn,Male,Yolklore,4.0,63119,206,$$
244,1,6FvC6w810uf6O7Ocd6Wpog,ppecHOUFWnOdxmFs38bA5g,2,Steve B.,steve,Female,Yolklore,4.0,63119,206,$$
246,2,6FvC6w810uf6O7Ocd6Wpog,y2Hg-SKZeW4X-hktef-Wjw,5,Mary Margaret M.,mary,Female,Yolklore,4.0,63119,206,$$
248,0,6Gx45ltNNZvjzVBO6ZgVOg,gFZzpbi9gkcJGbZPlx8cjA,5,Jim C.,jim,Male,Three Kings Public House,4.0,63126,124,$$
250,1,6Gx45ltNNZvjzVBO6ZgVOg,3nUp9zZZfLRZFwIdtiikGA,4,Al N.,al,Male,Three Kings Public House,4.0,63126,124,$$
252,2,6Gx45ltNNZvjzVBO6ZgVOg,CdU9HkKk9nA3sNpmQC6s6Q,1,Dave D.,dave,Female,Three Kings Public House,4.0,63126,124,$$
254,0,6JekbYlD5cGNBEEhZRHKAQ,Un6t6yt22rD8x9fIwMhK0w,4,Michael M.,michael,Female,Frankie Gs Grill & Bar,3.5,63129,82,$$
255,1,6JekbYlD5cGNBEEhZRHKAQ,2OuSIV6dn3DcGZugIg0dRQ,2,Meighan W.,meighan,Female,Frankie Gs Grill & Bar,3.5,63129,82,$$
256,2,6JekbYlD5cGNBEEhZRHKAQ,J_w6FcqZK2SViDYJj_goig,4,Christina C.,christina,Female,Frankie Gs Grill & Bar,3.5,63129,82,$$
257,0,6SUvtHmZMW3rjn4hP73kWg,8zyrz9NggyBt5zEP8rccuQ,5,Ashley B.,ashley,Female,MI Hungry Catering & BBQ,3.0,63114,59,$$
258,1,6SUvtHmZMW3rjn4hP73kWg,yhKiqwOs3sXGgkFhLuFgow,1,Joann S.,joann,Male,MI Hungry Catering & BBQ,3.0,63114,59,$$
259,2,6SUvtHmZMW3rjn4hP73kWg,nwCK8A0vD2cSZpCGjscTaA,5,Crystal C.,crystal,Male,MI Hungry Catering & BBQ,3.0,63114,59,$$
260,1,6ocjEAlJYLZu0SksTMUZRg,uzxd7d18L7aHJBTpMJYzaQ,3,Karla H.,karla,Female,Playboy El Cappuccino,3.5,63147,21,$$
262,0,6r9FNW0-4aKqbPCX7UxTZg,L0r7kkP6Nv3e5g7ywIJWjg,4,Annette R.,annette,Male,Maggiano's Little Italy,3.5,63117,332,$$
263,1,6r9FNW0-4aKqbPCX7UxTZg,XfBJvsVBmI2d33e1huLJDw,5,Bill K.,bill,Male,Maggiano's Little Italy,3.5,63117,332,$$
264,2,6r9FNW0-4aKqbPCX7UxTZg,1Apy6kiZ8A1k7jPeVp0PBg,5,Brett B.,brett,Female,Maggiano's Little Italy,3.5,63117,332,$$
265,1,6tyCAUL8uW3zuWKmncim5A,n_7m1cimc6PIHWgCObdllQ,1,Jackie E.,jackie,Female,Mom's Kitchen,3.0,63112,13,$$
266,0,6uDjRpAfvKIEWuI1auLpkg,rFu7CuRNHZBsgCAknBqYjA,5,John G.,john,Male,Uncle Leo's Pizza,4.5,63123,41,$$
267,1,6uDjRpAfvKIEWuI1auLpkg,Zi3krFerHq9VdL-rm3bXWw,5,Mary Margaret M.,mary,Female,Uncle Leo's Pizza,4.5,63123,41,$$
268,2,6uDjRpAfvKIEWuI1auLpkg,4MFX6vTftAD4O3RJ_r6gyQ,5,Andrew B.,andrew,Male,Uncle Leo's Pizza,4.5,63123,41,$$
269,1,73ZXjIfdHJs59XOzKHQ45g,lhHKsnqeStnu6R8TVOpKrg,5,Katie G.,katie,Male,The Crossing,4.5,63105,183,$$$
270,2,73ZXjIfdHJs59XOzKHQ45g,niKXGTa9LLPb8NNQKmvc_g,5,Kate T.,kate,Male,The Crossing,4.5,63105,183,$$$
271,0,79nXYNRPoZBc9_y_OLZg2w,YpqKWcAxAKYWCJ89v1_PCQ,5,Max R.,max,Female,Mission Taco Joint,4.0,63108,235,$$
272,0,7AjM-d3gsgpvKDQSX6QCuA,0KLK7WxVkKWn9xFS1SeEUA,4,Valerie T.,valerie,Female,Bristol Seafood Grill,4.0,63141,483,$$$
274,0,7ZQYMFjKj7AK1vzCi0BNyg,BiJVi1w7PtxrRCszXi-tTA,5,Patt C.,patt,Female,The Piccadilly at Manhattan,4.0,63143,231,$$
275,1,7ZQYMFjKj7AK1vzCi0BNyg,ANcVgt5h_Iwxz5dl65rWWQ,4,Adrian W.,adrian,Female,The Piccadilly at Manhattan,4.0,63143,231,$$
276,2,7iL_h9OsbW0T7MiiLbrbAA,KWDv3n3CLzOCMZ8sRBKO6Q,4,Andy K.,andy,Female,Maria's Deli,4.5,63114,46,$
278,1,7jAhxpERKakOQsxepweZsA,rl9CGjj6iCK1NtvseHd97w,5,Rob D.,rob,Female,Papa Murphy's,4.5,63129,14,$$
279,2,7jAhxpERKakOQsxepweZsA,RU_NRuAOarumIkPkrxyP_Q,5,Susan P.,susan,Male,Papa Murphy's,4.5,63129,14,$$
280,0,7m9QY137WtxvdhgSUdetaw,mDjwdqdi8DKTOKnjBgoyzw,5,Ace S.,ace,Male,River Des Peres Yacht Club,4.5,63111,38,$
281,1,7px2-a7oz__Xl6XdGqRv3g,7ppW-4TzHcQKH9bFsP9_IA,3,Jim J.,jim,Female,Jack in the Box,2.5,63137,6,$
283,0,7qMmN_FB0JJ-8MPNfHwhsA,ruL0A4z9kZcOHLOuIJ3Gng,5,Greg D.,greg,Male,Big Sky Cafe,4.5,63119,234,$$
284,2,7qMmN_FB0JJ-8MPNfHwhsA,WItJuAbA0kWFDYPcRvX9FA,4,Bob B.,bob,Female,Big Sky Cafe,4.5,63119,234,$$
285,1,8CnKudR0MeSCIQVDuVs_WQ,E4v-d-kVk6zjXOR5YSeTxg,4,Linda B.,linda,Male,Jaden's Diner,4.0,63113,17,$
286,2,8GjqBLemPdZjHyk3-Zio7w,KhHIvS-DlnZ3pwNmFsSiEw,5,Jim H.,jim,Female,Montrey's Cigar Lounge,4.5,63135,23,$$
289,1,8S2hOkzWzpkJLybVOTSCLw,rAqYSB5u6T1VBWDpTPX1og,3,Marie S.,marie,Female,Crushed Red,4.0,63141,135,$$
291,0,8V9G6dC9sLCGp1LQVrmXwA,_u8QzX5E-jopCp0yLMT2wQ,5,Emma S.,emma,Female,Aya Sofia,4.0,63109,282,$$
292,0,8ZFC_TnP_hAsn0rgoK7KAA,2lkJp0g787QS7wJcvon-rA,5,Max R.,max,Male,Chimichanga's Mexican Restaurant,3.5,63111,200,$
293,0,92KvPIcfrxpf_0gGUpnC6g,Hv_Y-SZtsKY84HT27kA8OA,5,Denise T.,denise,Female,Red's The One And Only BBQ,4.0,63135,13,$
295,2,92KvPIcfrxpf_0gGUpnC6g,qIYMQ6kvLxTgbIZgc04mjg,5,Dakota E.,dakota,Male,Red's The One And Only BBQ,4.0,63135,13,$
297,1,96W0AFA2zNXf7WIpMyT6_g,AkmbwsOwf0IbCV9bc1tXdw,2,Courtney O.,courtney,Female,Hunan Peking,4.0,63129,40,$
298,1,9KatEMj8pRNPCMVi5U2Vdg,stCCg8L0pzpDJ-Z5Na7Qmw,5,Scott H.,scott,Male,Monte Bello Pizzeria,4.0,63125,62,$
299,1,9llupBLdHKFzfawIk6I74w,H9YQ-SGx6sIQFgYZGwTaqQ,4,Allen H.,allen,Male,Seoul Garden Korean Restaurant,3.5,63074,294,$$
300,0,A1suinq7EcpyM06JIe7iOA,_dL6MLvXVm4nW2njxrjjSA,5,Danielle U.,danielle,Male,Guerrilla Street Food,4.0,63118,374,$
305,2,A1suinq7EcpyM06JIe7iOA,cLApFw1O9iKiEw6u3mGsbw,4,Scott G.,scott,Female,Guerrilla Street Food,4.0,63118,374,$
310,2,A4-2jEraYJ2w2grn_uXlHw,KKlCndSehOBweRDOWNE5Ow,5,Tatyana T.,tatyana,Male,Blood & Sand,4.5,63103,289,$$$
315,1,AD-CJ3g6_JjKAaJMb4tXqA,mplh7qQZKvn_Myl8ytXw5Q,3,Kwame S.,kwame,Male,Vino Volo,3.5,63145,63,$$
316,2,AD-CJ3g6_JjKAaJMb4tXqA,gtGjgITE3Ik780XvTROdtA,4,Terra A.,terra,Male,Vino Volo,3.5,63145,63,$$
317,0,ANTj0UD-OS7Zod3mulUg6w,440-g3qxrKEFX95kf9gKtA,5,Michael P.,michael,Female,Fork & Stix,4.0,63112,311,$$
319,1,ANTj0UD-OS7Zod3mulUg6w,QGuX3Hgco3M-qO9vTZ4KsQ,4,Seon L.,seon,Male,Fork & Stix,4.0,63112,311,$$
321,1,AQFdx66VvAWx6B4Fm3Y7NA,GVBEufQX_yvAdTX7QAoB4w,1,Candice C.,candice,Male,Pizza Hut,1.5,63138,7,$
322,1,ARgidflSXPHj7uhK-Y7hwA,H02dpUp1Y0DTd-vIkbeEyQ,3,Emily T.,emily,Female,Kampai Sushi Bar,4.0,63108,283,$$
323,2,ARgidflSXPHj7uhK-Y7hwA,SXy_NHwyYqySeL_5ZdEZpw,5,Cian D.,cian,Female,Kampai Sushi Bar,4.0,63108,283,$$
324,0,AVCjn9uVgkjIRM3uYrEf1w,zTgYinF2oD5OxPkTqzu5hw,5,Timothy C.,timothy,Male,Du Kum Inn,3.5,63080,18,$
325,1,AVCjn9uVgkjIRM3uYrEf1w,lFA8ywkf4npPKPVriY9zYA,3,Dawn H.,dawn,Male,Du Kum Inn,3.5,63080,18,$
326,0,AdXyxM8b14j6F4JZOQc3cA,4vgyIQP0Op8AoC0KnGEEPg,4,Chris M.,chris,Female,Golden Pancake,3.5,63134,154,$
327,1,AdXyxM8b14j6F4JZOQc3cA,s7FgQJ3ax72LgrrFPbbDnA,1,Michael L.,michael,Female,Golden Pancake,3.5,63134,154,$
328,1,AhptHEV4nFleCv4yOwp6fg,dYZIrgjXTX9p2sw5E-Bn6A,4,Katy C.,katy,Female,Park Avenue Coffee - Downtown,4.0,63101,205,$
330,2,AixPbZxJkgRyjxVqrpPAmw,Gjn8ru-LNhc71TmI917ZiQ,4,Tara M.,tara,Male,Zia's on the Hill,4.0,63110,638,$$
331,0,AjxjKRNin477A7nKAZciGg,1TtrmGwVKPwDLdmOQZnnBw,5,Mark P.,mark,Male,John D. McGurk's Irish Pub,4.0,63104,380,$$
332,1,AtQLrRpQan7UtJcIAo9hsA,HBK6WRve9vmTUqx9-FtSNw,1,Annie C.,annie,Male,Jilly's Cupcake Bar & Cafe,3.5,63124,435,$$
334,2,AtQLrRpQan7UtJcIAo9hsA,CEkmNxkQRY9XfVWB-bQBDQ,1,John W.,john,Female,Jilly's Cupcake Bar & Cafe,3.5,63124,435,$$
336,1,B1L6-hN63I1S_cAijI5Otg,Bp69R4RQW1VId5_alNGKlQ,5,Angie W.,angie,Male,Bill Gianino's Restaurant,3.5,63129,60,$$
337,2,B1L6-hN63I1S_cAijI5Otg,P_8gWU2v_WLdmOo0aH8Dzw,1,Dina R.,dina,Female,Bill Gianino's Restaurant,3.5,63129,60,$$
338,2,BLvL1pUrgpzt2bJHRQ5yvQ,eU1tcCDDd0v4MeWg0XQPTw,5,Nikki P.,nikki,Male,Riverside Diner,5.0,63111,29,$
339,0,BeWw8cFF1maJLbgCeHACjw,CLlYORPlc6JavBdXfuP9wg,5,Drew W.,drew,Male,La Pizza,4.5,63130,244,$
341,1,BeWw8cFF1maJLbgCeHACjw,j8njGGLge6rehv5pbfK5eg,2,Matthew G.,matthew,Male,La Pizza,4.5,63130,244,$
343,0,BqGhcuQhvWaTWj1sMA7qkQ,_PPEgrWohowLkQV4rxVrPQ,5,Rinky S.,rinky,Female,Wan Fu Chinese Restaurant,4.0,63131,73,$
344,0,BtTVHiY1AH5iHzTlx5HqZw,gnYPdQxi0kNieO76LK3nsw,4,Alley R.,alley,Female,Fortel's Pizza Den,3.5,63123,85,$$
345,1,BtTVHiY1AH5iHzTlx5HqZw,5BTUJL1oPRaBvIbIUfFIDQ,1,Kennedy M.,kennedy,Male,Fortel's Pizza Den,3.5,63123,85,$$
346,0,C0uRhn7nnHBATrwsCJ10Lw,1S_sEgVw2eJwDRcDLB3Z7w,4,Steve G.,steve,Male,Pieology Pizzeria,4.0,63129,86,$
347,1,C0uRhn7nnHBATrwsCJ10Lw,GFczVWsWNpT9ZhgPaQOqrA,1,Erin R.,erin,Female,Pieology Pizzeria,4.0,63129,86,$
348,1,C0wTjg67T6jPvw7M1wsx-g,bjnSOU2wum8LnHk3QFo96w,5,Laurel K.,laurel,Male,China House,3.5,63136,8,$
349,2,C2JtfhOZ3PPzIS9V5arQ2A,ZX3od4zhD6EeNUaiA1--yQ,5,Lilly M.,lilly,Female,Rise Coffee House,4.5,63110,269,$$
350,0,C6KP0hSutumHzLDCFyjvJQ,d3wqjs97Q7iX-DK05o9iCQ,5,Irene N.,irene,Female,Katie's Pizza & Pasta Osteria,4.0,63119,585,$$
353,2,C6KP0hSutumHzLDCFyjvJQ,GPX7Ro3PSwDZjM8i3atIBg,4,Andy W.,andy,Male,Katie's Pizza & Pasta Osteria,4.0,63119,585,$$
356,0,CCgn9tqrqojxs6knwwANMw,fMzK1kiWl42vWYx_zqYjYQ,4,David K.,david,Male,Las Fuentes,3.5,63123,73,$$
357,1,CCgn9tqrqojxs6knwwANMw,61xYkdf0-tTnEVfPpu2L8A,1,Dean L.,dean,Female,Las Fuentes,3.5,63123,73,$$
358,0,CEsFAZp1pBf3sicoZa9AYw,9Oyg36D9dHwIK1o9NXUyfQ,5,Thomas F.,thomas,Male,London's Wing House,3.5,63133,21,$
359,0,CTvHlHQ4jzRO8gkkl4O8zQ,d0-AwfzO8MdSsGQru6y88w,5,John C.,john,Male,Pizzeria Tivoli,4.5,63109,165,$$
360,2,CTvHlHQ4jzRO8gkkl4O8zQ,xt1f5ifuMKpm4aLyXoToxw,5,Dan M.,dan,Female,Pizzeria Tivoli,4.5,63109,165,$$
361,1,CUxSddlUbqKiEiwFbHKwLQ,_jM-Y2VVtMoB2JzG5d4zsw,1,Meaghan M.,meaghan,Male,Paul's Market,4.0,63135,10,$$
362,0,CYkrmWef7QQM-l-92DKiSA,qrv7DxRDtbtg4zb83OjN8Q,5,Tom C.,tom,Female,Wingtips Lounge,5.0,63145,40,$$
363,0,Ct6pupk8Cy6sI2mrIzF7UA,KpiF9ZFiGWDv_Zia-mzB7Q,5,Melissa K.,melissa,Female,Chris' Pancake & Dining,4.0,63139,313,$
364,1,CueuRgYurL6IBGybuvQN6w,lc_PhXBfWFLu9Ses1hGOwg,4,Erik S.,erik,Male,The Village Bar,3.5,63131,114,$
365,2,CueuRgYurL6IBGybuvQN6w,pZeEX5eU6CF8TbJ-nzf8fw,1,Flip K.,flip,Female,The Village Bar,3.5,63131,114,$
366,1,DJFxBTBIgYErzKS5cA_LiQ,ur-INbnSsI6r7glWQ0iEpQ,2,Lauren D.,lauren,Male,Drunken Fish,4.0,63146,502,$$
367,0,DMlBzp6bs_f8WK8xQQvZWQ,yuu_4sdonotVFRqanZjtZA,5,Aaron S.,aaron,Male,Mariachis II Mexican Restaurant,4.5,63116,144,$$
369,1,DMlBzp6bs_f8WK8xQQvZWQ,Xs2OJlVjYr6mOcuXi_ETag,5,Sean J.,sean,Male,Mariachis II Mexican Restaurant,4.5,63116,144,$$
371,0,DT_ZjeS2ZvBuzZvt9h48fg,y8tyatcdHJv2rLA5tCWCzA,4,Fontaine C.,fontaine,Female,Wonton King,4.0,63130,251,$$
373,2,DT_ZjeS2ZvBuzZvt9h48fg,vQc8vuPnn2opadg5nyG5lw,1,Susan T.,susan,Male,Wonton King,4.0,63130,251,$$
375,0,DfYamqDQNS1RnzeWjOcGPg,-9UrUPOdLDVjzrJCl5Xx0A,4,Deanna J.,deanna,Male,54th Street Grill & Bar,3.5,63126,125,$$
376,1,DfYamqDQNS1RnzeWjOcGPg,8Jr_wckWWTvXlMo1t3YWJA,4,Zach H.,zach,Female,54th Street Grill & Bar,3.5,63126,125,$$
377,2,DfYamqDQNS1RnzeWjOcGPg,B2A9OWsTtoNBAUaI_gqY3A,4,Hunter N.,hunter,Male,54th Street Grill & Bar,3.5,63126,125,$$
378,1,DkePId_VZgMx7skQ7aqMGw,mlPRihMjjPMJ5wMqYW--mw,4,Karen G.,karen,Male,Z E N Thai & Japanese Cuisine,4.0,63126,192,$$
380,2,DkePId_VZgMx7skQ7aqMGw,2coTYDis6I4G4aZMtVh5lw,4,Scott S.,scott,Male,Z E N Thai & Japanese Cuisine,4.0,63126,192,$$
382,0,DzVYXX8mc5x31BbaP8c0_Q,X4OVt-WFYvAOLSX5iSjI3g,5,Walter K.,walter,Female,Mac's Local Eats,4.5,63118,296,$$
383,0,EAIFPr1cHc9lWh_vVPvORw,66qp3pn8qYX0CWoTH9-uTw,5,Anthony A.,anthony,Female,Double D's Pizzeria,4.0,63128,63,$$
384,2,EAIFPr1cHc9lWh_vVPvORw,TR0nM5VS3kvubYLfXUapdQ,4,Brett F.,brett,Male,Double D's Pizzeria,4.0,63128,63,$$
385,2,EAJuEwjnR20epeASxXAC7A,yfEk5Ihuxex0dX4ObBSgxw,3,Darla E.,darla,Female,Imo's Pizza,2.5,63138,10,$
386,1,EF_9W5s9lFSjv4forNxwng,8cArbXQwlPQjnW47MgLTDQ,4,Yuan C.,yuan,Female,Tai Ke,4.5,63132,246,$$
389,2,EF_9W5s9lFSjv4forNxwng,fRpdhRV89emRFc8otxeuRA,5,Sarah W.,sarah,Male,Tai Ke,4.5,63132,246,$$
392,1,EPXnaI6YQlmK5VUDAI0o7A,Wwoht_mYRqT_mN94GZOchw,4,Jessica G.,jessica,Female,The Gyro Company,4.5,63109,188,$
393,0,EfXTQPiVBym_2KoG7-XeSw,GMVJliINVwK2Qma9Tg6WXw,5,Billy K.,billy,Female,Banh Mi So 1,4.0,63118,231,$
395,1,EfXTQPiVBym_2KoG7-XeSw,MCMXcdcF8KiGeJkcrHCzog,5,Leila G.,leila,Female,Banh Mi So 1,4.0,63118,231,$
397,2,EfXTQPiVBym_2KoG7-XeSw,3A0SBBbcS9JKptAE76KgrA,3,Monica J.,monica,Male,Banh Mi So 1,4.0,63118,231,$
399,0,El_2Cxuq4hxqrmlg_5nzzA,yYFd1ALB20FSkZ1HkoCXrw,5,Suzanne D.,suzanne,Male,Brasserie by Niche,4.5,63108,578,$$
404,0,EmN6j5PKKUL7DkXnM267aQ,yDJNwxtEWerb_3Di2Df6aw,4,Amy K.,amy,Male,Lester's Restaurants,3.5,63124,150,$$
405,1,EmN6j5PKKUL7DkXnM267aQ,4Yatu0a_4zNhIt23BqzGZQ,3,Prachi M.,prachi,Female,Lester's Restaurants,3.5,63124,150,$$
406,1,EpREWeEpmR8f1qLHzzF0AA,9yKHG2BNVBr5oa0v5PDHAw,1,Lauren F.,lauren,Male,Schlafly Bottleworks,4.0,63143,560,$$
408,1,F4gvookXrKsBNCvK_xEt1g,G8Z_WGzR-fdLpYIVss5ZLg,4,Delbert H.,delbert,Male,The Schlafly Tap Room,4.0,63103,641,$$
413,1,FD5pfqrsH6bdodCkV-YI1g,o5_tKeS4ibMRpMrQ3Ub0Cw,2,Abigail H.,abigail,Male,Sugo's Spaghetteria,3.5,63131,179,$$
414,0,FHlGmDE3eW9DASfwsOZiEw,ueamISuitIgOq_T1jnLjZQ,4,Chris T.,chris,Female,Erio's Pizza & Restaurant,4.0,63134,70,$
415,1,FHlGmDE3eW9DASfwsOZiEw,dTONXhPNb_G8HdU2k7Lxmg,5,Jillian R.,jillian,Male,Erio's Pizza & Restaurant,4.0,63134,70,$
416,1,FTsU1vykdDcqfP1uhqG9YQ,I4TlQObM58ncFQPoBZ5Ytg,5,Twanda T.,twanda,Female,St Louis Fish and Chicken,4.5,63112,6,$$
417,0,Ff8fi7exgp62yzmAIkV6Ow,AVVUP_YaTMXZLhj0e_8RDQ,5,Lindsey H.,lindsey,Female,Pretzel Boys,4.5,63131,61,$
418,1,Ff8fi7exgp62yzmAIkV6Ow,UzgH4cpFIIsZQc0gSEdcSQ,5,Kevin F.,kevin,Female,Pretzel Boys,4.5,63131,61,$
419,2,Ff8fi7exgp62yzmAIkV6Ow,FiGxQCkO9N8jb9Hn1BOXWw,5,Irene N.,irene,Female,Pretzel Boys,4.5,63131,61,$
420,0,Fm16G-I-rmO3g_KTKleteQ,yem57SkaASmdNUrXCkJOUA,5,Joshua B.,joshua,Female,Pickles Deli,4.0,63108,198,$
421,2,Fm16G-I-rmO3g_KTKleteQ,0usZapWXXwkz25nGd5t5pA,4,Karen S.,karen,Male,Pickles Deli,4.0,63108,198,$
422,0,Fok0BLJP0OMxbbl3l6QmZA,igje4DqwDvPcyTxRqwE2uQ,5,Mary R.,mary,Male,Sauce on the Side,4.5,63105,302,$$
426,1,Fok0BLJP0OMxbbl3l6QmZA,gCo9Swv8E6XwYI53A2VmVw,4,Jason S.,jason,Male,Sauce on the Side,4.5,63105,302,$$
430,1,FryXEasH74MQDnj5Bvz3QA,rQ0ODUjTgcBVQueQpGTFOw,5,Grace M.,grace,Male,The Mud House,4.5,63118,921,$$
432,1,G503RdNVGztzLuBfNY4l3A,fZcfpciRTd2b0VkO2_JDdw,5,Kristen D.,kristen,Male,Nothing Bundt Cakes,4.5,63144,44,$$
433,2,GJXGdJlCroyRTmCxsz3i6Q,4EECJDFwWY3mYlJ2eBm_IA,2,Tim F.,tim,Male,Schlafly Beer Bar & Grill,2.5,63145,151,$$
434,2,GTXSk8QyD7N1Un-tzgPw4g,Jm6xC444TsBMmVRVByrNNg,1,Tate L.,tate,Male,First Watch,4.0,63129,70,$$
435,0,GU9Cmcwudub8l_NaghjXlg,UfOZnyKkibJldPiF8Cn30A,3,Lloyd C.,lloyd,Male,St Louis Fish & Chicken,3.0,63033,10,$$
436,1,GU9Cmcwudub8l_NaghjXlg,31Guw8d9SN1yTgqPMMgQlA,4,Sebrina B.,sebrina,Female,St Louis Fish & Chicken,3.0,63033,10,$$
437,0,GW-H37yWCNhgWPg9RwKbVA,znQsm21InewPMNHccIpU8g,5,Andrew S.,andrew,Male,Sameem Afghan Restaurant,4.5,63110,484,$$
440,2,GW-H37yWCNhgWPg9RwKbVA,APFp1kIJsVypQuLwyftkJA,4,Nolan F.,nolan,Female,Sameem Afghan Restaurant,4.5,63110,484,$$
443,0,GYnRaQbuxhUA6R4h1WyJ9A,_kLuK07tHo0ZlJ27Bo8AHw,4,Nancy R.,nancy,Female,Weber Grill Restaurant,3.5,63117,258,$$
444,1,GYnRaQbuxhUA6R4h1WyJ9A,MPbRmIC3W_iTHRDrLO0hKQ,3,Cicero M.,cicero,Male,Weber Grill Restaurant,3.5,63117,258,$$
445,2,GYnRaQbuxhUA6R4h1WyJ9A,D8MPducKUwhTOZpWdr7ekw,5,Nicole Y.,nicole,Male,Weber Grill Restaurant,3.5,63117,258,$$
446,1,GeLwhGlX8XsIsH-o3Wdc5w,uv1c1ZCCnlgyaooA6YSb6w,4,Caroline M.,caroline,Female,360 St. Louis,4.0,63102,616,$$
448,0,GnBdIwjdT97TKEOLzxyG9A,yu232B5CcC9LecvFvBoEDw,3,Lloyd C.,lloyd,Female,Subway Restaurants,3.5,63033,3,$
449,1,GnBdIwjdT97TKEOLzxyG9A,IrDbomDKlJLJsRK5xAqDxw,3,Travis F.,travis,Male,Subway Restaurants,3.5,63033,3,$
450,2,GqyOrF5X21ciTjnuSCH5PQ,5P7jd3K3dlhrp2rnzD3VlA,3,Lea B.,lea,Male,Square One Brewery & Distillery,4.0,63104,588,$$
451,2,H1ZTsd_d-wvunsT3ZmoBvg,pK58aOgYZ7Oqoo7A5Unfaw,4,Jasmine S.,jasmine,Male,The Pasta House,2.5,63074,184,$$
452,2,HCYs4zgL7kCLdEqKRqaPbg,nh_AFoUtQT1qRgjBXW3Dbg,5,Katherine G.,katherine,Female,Lona's Lil Eats,4.5,63104,554,$$
454,0,HKS-63JzfR0DMNVLBuokYw,QvS2EupRJ0Z57mLRGKcZpw,5,Vivienne C.,vivienne,Female,Mission Taco Joint,4.0,63130,948,$$
458,0,HTR4v_7fnu6PyaQ1c6UEFw,f4XsFrFMDA9TiEyC_MT2ZQ,5,Michele F.,michele,Male,Fergie's Bar & Restaurant,4.0,63125,27,$
459,1,HTR4v_7fnu6PyaQ1c6UEFw,l1y6sbY_gHnx_uCkwRJ6eQ,1,Carolyn T.,carolyn,Male,Fergie's Bar & Restaurant,4.0,63125,27,$
460,2,HTR4v_7fnu6PyaQ1c6UEFw,WN_jG6Zbs-0HsiE-s4ToFQ,1,Kelly M.,kelly,Female,Fergie's Bar & Restaurant,4.0,63125,27,$
461,2,Hn5wSB6hKqKs-_fzAIocJA,Pib2AaEkJ2srsNEeLgawoA,5,Gloria A.,gloria,Female,Cork Wine Bar,4.0,63135,44,$$
464,0,HtD7RhKMdovXiqr4nTiMqg,B2hpNpt68n2JICcB3z-DQQ,5,Gia Marie H.,gia,Female,Peking Chop Suey,4.0,63136,6,$
465,2,HtD7RhKMdovXiqr4nTiMqg,x_OdzawLjUhCwYEWKuaLqA,5,Gary J.,gary,Female,Peking Chop Suey,4.0,63136,6,$
466,0,HzUJO2v5lUEIeYoOYsdWbw,U-dVODKc13qLnSUq3HqQQQ,5,Anna M.,anna,Female,Russell's on Macklind,4.5,63109,494,$$
469,1,HzUJO2v5lUEIeYoOYsdWbw,ZjJ2fmZsY3jKLbElCRXsLA,4,Sinead S.,sinead,Male,Russell's on Macklind,4.5,63109,494,$$
472,1,I8cL6l-Yu3CyHPXlFmOhtQ,jqLVAAW_DXeXZMlkqfUfkg,4,Beck E.,beck,Female,Louie's Wine Dive & Clayton Kitchen,4.0,63105,220,$$
473,0,IKNzIuxHAfj1UGyvvzOENA,AQm7w3DcKAP_gItTNKKCHg,5,Becca L.,becca,Male,Gypsy Caravan,5.0,63121,6,$$
474,1,IKNzIuxHAfj1UGyvvzOENA,G_Hj2pfwlc-e8P60jl7Kfw,5,Stewart P.,stewart,Male,Gypsy Caravan,5.0,63121,6,$$
475,2,INGFx5d5dnmhw0wfkDqx2g,IsaYAjOEWZoi1zUCQg5qRw,4,Lisa P.,lisa,Male,Vincenzo's,4.0,63135,36,$$
478,2,IO3apWfFnKPO2XRFmGfTEw,ll1eAXRV2qxcHWpkOZAKrA,5,Michael R.,michael,Male,Nathaniel Reid Bakery,5.0,63122,341,$
480,2,IU8Ehms54P1_NV-9uMBSyA,c7ZyU3STk24RwQVmTw7hSg,5,Haley B.,haley,Female,Great Harvest Bread Company,4.5,63122,38,$
481,0,IZv79jZv6el1sBHrG7426g,kLpOLnoErJZlAb6nVtNb6Q,5,John D.,john,Female,J Gilbert's Wood-Fired Steaks & Seafood St Louis,4.0,63131,214,$$$
482,0,IdIOZSbnLRcN1dG5PDXDeA,3xYYX2v5Wu4K8-b7jsrwWA,4,Maggie Z.,maggie,Female,Fuzzy's Taco Shop,3.0,63119,290,$
483,1,IdIOZSbnLRcN1dG5PDXDeA,Ukf51ykF_GjR61c_x075mw,1,Mike P.,mike,Female,Fuzzy's Taco Shop,3.0,63119,290,$
484,1,IzYE3fXqNgHIOFmY7nVQvA,7RG-I7-h_9s_b7X36OwV9Q,3,Rich G.,rich,Female,Byrd & Barrel,4.0,63118,350,$$
486,2,IzYE3fXqNgHIOFmY7nVQvA,0-tM-dcXiawtXW46AGKfsQ,5,Eric N.,eric,Male,Byrd & Barrel,4.0,63118,350,$$
488,1,IzzPfs4k3HYGKjTfkZdzsw,PPlJT4ZTL-_PcHuGpdCWIw,1,Jaden H.,jaden,Male,Chick-fil-A,4.0,63127,35,$
489,2,IzzPfs4k3HYGKjTfkZdzsw,ltWhOyRlxY_Yht8FON3vMQ,3,Raul E.,raul,Female,Chick-fil-A,4.0,63127,35,$
490,0,JKmqeigSs6vLKpjoRPhLug,pD09JeI2h7BMBOz_gKSWnQ,4,Lloyd C.,lloyd,Female,C-W Fried & Grill,4.5,63137,3,$
492,2,JKmqeigSs6vLKpjoRPhLug,DOzRvxnAG6UN4M1lOZLcAA,5,JULIUS R.,julius,Female,C-W Fried & Grill,4.5,63137,3,$
494,0,JQXKCQPIeoxzy6x119X6mQ,wD_y9rZ8zI8tJ8rKYcUkoQ,4,Penny L.,penny,Male,Las Fuentes Mexican Restaurant,3.5,63129,60,$$
495,1,JQXKCQPIeoxzy6x119X6mQ,vCL-kmFWXh6Vmd2kdIke-g,5,Colleen M.,colleen,Male,Las Fuentes Mexican Restaurant,3.5,63129,60,$$
496,0,JREsjrhPhAScYML7Y-EdQQ,AoHL4bAmDVyaxZvL1mG4Mw,5,Holly T.,holly,Female,Kemoll's Italian Restaurant,3.5,63146,225,$$$
497,1,JREsjrhPhAScYML7Y-EdQQ,EJEXAiGTgq3M1YvUTAd-Tw,5,Chris A.,chris,Female,Kemoll's Italian Restaurant,3.5,63146,225,$$$
498,2,JkBiCY04rSSAa7qrawqUsg,fazYunqVoGnd5cdC6L-17g,3,Matthew W.,matthew,Female,The Boardwalk Cafe,3.5,63119,154,$
499,2,Jmlqb5UYfygtUXugrpywjg,6FAb2qUhlMHQ_YBfD0bM0w,5,John B.,john,Male,First Watch,4.0,63122,103,$$
501,2,Jpp41f0uoOMTnQQSAfKDkg,7LDd8J5rLnPir-CzPP7LsQ,4,Amy V.,amy,Male,Frida's,4.0,63130,218,$$
502,0,Jv8lYSZPxY0rzkSpgo7BIw,IBKPxRHtnVJJzZ3mQfkhOQ,4,Ben S.,ben,Female,Big Boyz Burgers and More,4.0,63134,22,$
504,0,KChWMIHxMChTE11ZVsIVZw,BOvl5atPC8JEy3vvS5qldg,5,Danielle P.,danielle,Male,Sub Zero Vodka Bar,3.5,63108,502,$$
506,1,KChWMIHxMChTE11ZVsIVZw,ajKqWskzBg9R0jGfsep6bg,3,Daniel G.,daniel,Female,Sub Zero Vodka Bar,3.5,63108,502,$$
508,2,KChWMIHxMChTE11ZVsIVZw,jm-amFZ7_5mXzYobsUkLzw,1,Kyle J.,kyle,Male,Sub Zero Vodka Bar,3.5,63108,502,$$
510,2,KWIapYSSHxfZ1NQFpV2S9g,IMWC8SmLW4yMlic5Qz0tYw,5,Nikki R.,nikki,Female,2Schae Cafe,4.5,63108,272,$
513,0,KdAWjL9MKjpJzEeI902qBA,cSdT83w3MT_Ehg-KAbNy3g,5,Dani H.,dani,Female,Corner 17,4.0,63112,496,$$
517,2,KdAWjL9MKjpJzEeI902qBA,vV9kRIxZLZG9vlrN3HBj0g,4,Ella D.,ella,Female,Corner 17,4.0,63112,496,$$
521,1,KhKcgF3zi6J_M6HBzkFkLg,pmGQTY66WP012yt9c0F-CQ,2,Michael G.,michael,Male,Evangeline's Bistro and Music House,4.0,63108,304,$$
522,0,KrvRJSXUV-l8HPpS08eaSQ,Lbgd9vtSsy0LAlDw50-UNA,4,Erin M.,erin,Female,Gregg's Bar & Grill,4.0,63147,13,$$
523,0,L-VNs3YquPGKVsXl2Ze-Yg,vLORyNBflELvsrLKrRd-zg,5,Eric N.,eric,Male,Peacemaker Lobster and Crab,4.0,63104,670,$$
525,2,L-VNs3YquPGKVsXl2Ze-Yg,AMsFS58a7AZYebJ5piSKXA,2,Rich G.,rich,Female,Peacemaker Lobster and Crab,4.0,63104,670,$$
527,1,LGYIhGqbYakMMdsn_GCzJg,122SgFfuYJlstfncDI8Piw,3,Shruthi S.,shruthi,Female,Anthonino's Taverna,4.5,63110,822,$$
531,2,LGYIhGqbYakMMdsn_GCzJg,1YlYlHcyySwkhLd9yAGBHw,2,Zach J.,zach,Male,Anthonino's Taverna,4.5,63110,822,$$
535,1,LMeczyPxu7WZNi3HKWGoUg,qRV-YkMjRK4D0oHuMaYQmg,5,Beck E.,beck,Female,24:1 Coffee House/cafe,5.0,63133,16,$
536,0,LhtzbTj2QSuNUXFszSKD8w,Q6LblU1EKzYTe1FDW3lQNQ,5,Mary Ann D.,mary,Female,Circa STL,4.0,63131,115,$$
537,0,MSwNC4HmQmv2Hh8WYn2XqA,ttzWnXc34jgEEHK2Vt1-8Q,5,Tyler P.,tyler,Male,Three Kings Public House,3.5,63131,177,$$
538,1,MSwNC4HmQmv2Hh8WYn2XqA,l-0oLXzxHaJCpIHtUZUXQA,2,Anna F.,anna,Male,Three Kings Public House,3.5,63131,177,$$
539,0,MU38C5Fu2ER5PwwPWQMyHw,gsi0GJh11gEP42D2m_PqfA,3,Lloyd C.,lloyd,Female,Hardees,2.0,63137,6,$
541,1,MZRvuUt9WUDI2hHFHyQi8w,6ixXFRU_zn1FW498nEsWlg,2,Alvaro P.,alvaro,Male,Lombardo's Restaurant,3.0,63134,109,$$
542,2,MZRvuUt9WUDI2hHFHyQi8w,Min9p9sv_awPgK3DDYMJZw,5,Heather C.,heather,Male,Lombardo's Restaurant,3.0,63134,109,$$
543,1,MaYb7qMN6BomP1zQGj3Wjg,7MJmFdzz3rH6WaEBRmf9kA,4,Alexa H.,alexa,Female,Pi Pizzeria - Delmar Loop,4.0,63112,605,$$
546,1,Mbkt43sUBsvXRxmrJrZFhQ,lwtImijQehwGCHr0LDIDmg,4,Stacey T.,stacey,Male,Circle 7 Ranch,4.0,63131,142,$$
547,2,Mbkt43sUBsvXRxmrJrZFhQ,M2WVZ828sCiPwmEvBeK0nQ,5,Brent P.,brent,Male,Circle 7 Ranch,4.0,63131,142,$$
548,2,Mc-YbGuvj3qYlkMfGjw6dQ,EaFtgfZL73-Zz3sqnbQDGw,5,Sheila J.,sheila,Male,St. Louis Fish & Chicken Grill,4.0,63135,13,$
550,1,Mgaxy0pJAlhAjdNivhu82A,ccaRHyjRD8_fNInbp9whIA,4,Christy A.,christy,Female,Pad Thai,4.5,63128,253,$$
552,0,Mr7Aov2n7wPCpwaUxk8lCw,bvUt2ZfoczatqVVhPau6RA,5,Gil R.,gil,Male,Mango,4.0,63101,901,$$
557,0,MuKoTR56s6elHEI2wUkgJA,7FUa7mrc5Ho_Gw42NI-6CA,5,Travis T.,travis,Female,Grace Meat + Three,4.5,63110,351,$$
558,1,MuKoTR56s6elHEI2wUkgJA,Sfx_Gdl9jlyQPfLingFwzg,4,Katie G.,katie,Female,Grace Meat + Three,4.5,63110,351,$$
559,2,MuKoTR56s6elHEI2wUkgJA,q8MzAHGnLtg50cBqho1isg,4,Aliyah W.,aliyah,Female,Grace Meat + Three,4.5,63110,351,$$
560,1,NBQ3cohPneJe1I40O9QGuw,TGfg7m2UKNT3Z_lYnRwPeg,5,Doug M.,doug,Male,Bartolino's South,4.0,63123,92,$$
562,2,NBQ3cohPneJe1I40O9QGuw,JUNLXJTroLGjPzkF6XqD3Q,5,Joe B.,joe,Male,Bartolino's South,4.0,63123,92,$$
564,1,NHb6QTrJOnyIj-Zd0fYzFg,4CIDMfmRzhbCSb9UJzQrFw,4,Zack G.,zack,Male,Bogart's Smokehouse,4.5,63104,1348,$$
570,0,NJaR_2hke7NNAC6l1Ohr8g,iCTMXFlP4x_JnKY1bj8OHA,5,Zack G.,zack,Female,El Burro Loco,4.0,63108,391,$$
573,0,NYcXibc_RzSI7wgGbidi8w,GBs8IM4yZycEs28g_bYi_w,5,Ginger H.,ginger,Female,Dao Tien,4.0,63132,189,$
576,0,N_6fTIcweG5Cq0UUw0_0GQ,S8o1Zp36bpo3u_OnD7lWUA,5,Kristen S.,kristen,Female,Assumption Greek Orthodox Church Luncheons,4.5,63131,23,$
577,1,N_6fTIcweG5Cq0UUw0_0GQ,GaNzWVHzMOYfVxRgwMvlAw,4,Patt C.,patt,Female,Assumption Greek Orthodox Church Luncheons,4.5,63131,23,$
578,0,N_7nJa49ueh_0vPDRP3Jew,uxLHLEh18xFeEo4y-0DL3Q,5,Patrick H.,patrick,Female,Ranoush,4.0,63130,324,$$
581,2,NgMJ4gseQr-CxZt01eDIBA,XkixUunVwP_ZsK-vmG21Ew,4,Joshua L.,joshua,Female,Dewey's Pizza,4.5,63122,267,$$
583,0,Nk4qSOwcVdAT1CMOzU3O0g,ZYVHjmR2SnD3NS7vnWYQmg,5,Melody S.,melody,Female,The Stellar Hog,4.5,63116,128,$$
585,2,Nk4qSOwcVdAT1CMOzU3O0g,XNGuftnMSl6NtzZnofFbKg,4,Leo S.,leo,Female,The Stellar Hog,4.5,63116,128,$$
587,2,Nq1Kn7ud84upBHz9chFW0A,8BD56ixPW8fZ5abtQHX66Q,5,Monica M.,monica,Female,The Gramophone,4.5,63110,229,$
588,0,Nt6YIbkXIwoOj-omc9Sqgg,RUFpFOGKae86KLjGQJBhLg,3,Nicole L.,nicole,Male,Slice Of The Hill,4.0,63110,18,$
590,2,Nt6YIbkXIwoOj-omc9Sqgg,ik-jzNvbVQL07Yt0Sbq4IQ,5,Christy A.,christy,Female,Slice Of The Hill,4.0,63110,18,$
592,1,Nxa362GcR1WWK2og8uJ_sQ,naoxYJ0EIjsYCN1UK2ZVVA,3,Emma S.,emma,Female,The Clover & the Bee,4.0,63119,242,$$
594,1,O4mH_WvFA0My7qOxbkAYow,jtuvOor5A2JYIGthO-csyg,1,Zhenya B.,zhenya,Male,St Louis Gyros,3.5,63141,147,$
595,2,O4mH_WvFA0My7qOxbkAYow,-5nQ4sDJvgNi_qR5KZ-ZSA,2,Carl R.,carl,Female,St Louis Gyros,3.5,63141,147,$
596,1,OLrLFtCoacBjTjFGG65ckw,i-edoMjXPQVLUXZfX0a0Mw,1,Martha L.,martha,Male,McDonald's,1.0,63147,6,$
597,0,OXDo1mHlp2Io3CM6a1aB1w,MsmpvNfPwqEyDGSaHcSrlQ,5,Adam P.,adam,Female,Seoul Taco,4.0,63130,635,$
602,1,OXDo1mHlp2Io3CM6a1aB1w,BUF5doEQWkTF0wAXuqjGWQ,1,Matthew G.,matthew,Male,Seoul Taco,4.0,63130,635,$
607,2,OXDo1mHlp2Io3CM6a1aB1w,ozO5YnrJLt9Mucm405zdFw,4,Nicole R.,nicole,Female,Seoul Taco,4.0,63130,635,$
612,0,OZcl2HOUXAHuICrh5d2WjQ,CsDfiSN1qaNEWh3RZF-xKw,4,Jill H.,jill,Male,Half & Half,4.0,63105,726,$$
616,2,OZcl2HOUXAHuICrh5d2WjQ,5FmYTNTTcQhA7JkJ_OAToA,5,Alex R.,alex,Female,Half & Half,4.0,63105,726,$$
620,0,O_0H42Bw8hBduWSADPG8ng,cSv_6f2UcdKFV77MzZpHkQ,5,David M.,david,Female,Three Kings Public House,4.0,63130,478,$$
623,0,OiEsbS3bLm1gXK7k9kBu1Q,auP2v4uiHG88VSQQgimj0g,5,Arthur B.,arthur,Male,Sam's Steakhouse,3.5,63123,122,$$$
624,2,OiEsbS3bLm1gXK7k9kBu1Q,ytvZD7comBxxXBcJJd8MRQ,2,Gary F.,gary,Male,Sam's Steakhouse,3.5,63123,122,$$$
625,0,P0fHDZn2pReUu7BdMxNuyw,D5XIoaEyxexF2LBmpUdUUg,5,Ryan W.,ryan,Female,Comet Coffee & Microbakery,4.5,63110,288,$$
628,1,P0fHDZn2pReUu7BdMxNuyw,wrz9ydxzlB2MeP45qZhDBQ,3,Jordan C.,jordan,Male,Comet Coffee & Microbakery,4.5,63110,288,$$
631,0,P1rfYX62C_HD4t3TjO41BQ,a5uQLYQvquAUaqAngkjm0A,4,Dave D.,dave,Male,Kolache Factory,4.0,63144,131,$
632,2,P2XJbQZmf1zvWp9L_THdjQ,NMM_DsjJWQLdkf6WDSnWAw,3,Erin C.,erin,Male,Sauce on the Side,4.5,63101,387,$$
636,0,PFLbYu6MuGr1BbDWb1c0yA,WlrZ_xLw_wYsrpLu6aYYpA,4,Margarita F.,margarita,Female,Cracker Barrel Old Country Store,2.5,63136,52,$
637,2,PFLbYu6MuGr1BbDWb1c0yA,GN1qENQThcaml_sVSdcRjQ,1,Monique G.,monique,Male,Cracker Barrel Old Country Store,2.5,63136,52,$
638,2,PL6CzuA_gDqBL_eWc_6ouw,3OOhCj77ltRs5CYvMaHDbA,5,Eric K.,eric,Male,The White Barn,4.5,63136,21,$
640,0,PbLOYYF-qoENx6Cy2zLK7w,ZHXKyqOCfKJ43vxfbhLgOw,3,Mr T.,mr,Male,China King,4.0,63136,6,$
641,2,PbunaXxpRE8sXGkKn5FFYw,wO6cVqwk46-Qq1roYx_SRg,5,Caroline K.,caroline,Male,Missouri Baking Company,4.5,63110,187,$
642,1,Pc3urwUFlzLyDP1qvsHQuA,pgCPWGoTxkErZI9E1HmUZA,4,Derek D.,derek,Male,Bar Les Freres,4.5,63105,169,$$$
643,1,PuCdocg7eh_IwSqhip_qUQ,kB7rKmIxKEN8nSzcEHCZrA,5,Michael P.,michael,Male,Mama Mel's Pizzeria,4.0,63125,32,$
644,2,PuCdocg7eh_IwSqhip_qUQ,IXXBifaDUGAl1FjFxcYWxA,4,Chris D.,chris,Female,Mama Mel's Pizzeria,4.0,63125,32,$
645,1,Q1jnPDnpmUc6U6U_-wbgAw,U2bk-Ix2xPYb3q0RXOhtEw,5,Nikki R.,nikki,Female,Starbucks,4.0,63128,24,$$
646,0,Q3S_VyJ4ob-FeKZARiP4Fg,TY8hOQmOV6k6n6F4iVdv2A,4,Danette A.,danette,Female,Guerrilla Street Food,3.5,63112,67,$
647,1,Q3S_VyJ4ob-FeKZARiP4Fg,nAls_1QvQcjdDemHNLowYw,4,Boon C.,boon,Male,Guerrilla Street Food,3.5,63112,67,$
648,2,Q3S_VyJ4ob-FeKZARiP4Fg,peCjpbnqPjEln123JehtCA,3,Prima B.,prima,Female,Guerrilla Street Food,3.5,63112,67,$
649,0,Q4HPhcAIBGho4RNZHjmm9w,3FbbMKI0-Ra1yLD4TnhfzQ,3,Lloyd C.,lloyd,Female,China Wok,3.5,63033,7,$
650,2,Q4HPhcAIBGho4RNZHjmm9w,eOi8je5zhridcjBS-RPqaw,5,Scott S.,scott,Male,China Wok,3.5,63033,7,$
651,0,QBvj3FvJbYJRa9xWb6DyQA,_lCEfpcE3N4Lfx2GeM6O_w,5,Sarah H.,sarah,Female,Companion Cafe - Saint Louis,4.5,63146,121,$$
652,1,QBvj3FvJbYJRa9xWb6DyQA,o9SfeT3Czx8O24CXwIDmig,5,Lily R.,lily,Female,Companion Cafe - Saint Louis,4.5,63146,121,$$
653,0,QEF6usO04AtvrazPhLX_sw,r0zL_g0JM3CVocskfD_VCQ,2,Brittany C.,brittany,Male,Chinese Express,4.0,63135,13,$
656,2,QEF6usO04AtvrazPhLX_sw,F5G1rM2lsA60ujHadAvwiw,5,Breanna B.,breanna,Male,Chinese Express,4.0,63135,13,$
659,0,QT3kpKdyFrUFD7vuQWXbHQ,Fp3x205RLor3ZNG_eNvhQA,5,Danette S.,danette,Female,Hunan Royal,4.0,63128,33,$
660,1,QT3kpKdyFrUFD7vuQWXbHQ,f6H2dUrS7LZDct9wDSCw8w,4,John G.,john,Male,Hunan Royal,4.0,63128,33,$
661,0,QV7QOLww8ym3E2zBgdE2Ow,eRPlT14gXKEbz6jizq3hfw,5,Kate S.,kate,Male,Medina Mediterranean Grill,4.5,63103,266,$
666,0,QYPornWtiB1k0xS3Fm-jwA,cqAz5tTEw8i1ggfDIoDc4Q,5,Jasmine F.,jasmine,Female,Kobe Steak House of Japan,3.5,63146,170,$$
667,1,QYPornWtiB1k0xS3Fm-jwA,kPzBPbLIdT948JVPSpAjWw,3,Kimberly B.,kimberly,Male,Kobe Steak House of Japan,3.5,63146,170,$$
668,0,QnFIWz-CgEVqQ8qhzFrl7A,IOsvv-pguBp6wqcn8SqcDg,5,Nathan J.,nathan,Male,Cornerstone Cafe,4.0,63107,18,$
669,2,QnFIWz-CgEVqQ8qhzFrl7A,4flGWcaIZe5KDFy5AkWWkA,5,Rebecca H.,rebecca,Male,Cornerstone Cafe,4.0,63107,18,$
670,0,QnKuifVndllMMQzrYqGFCA,ph-sC_Q7MWtTBqsK20_kEw,5,Chris W.,chris,Female,Share Sweet,4.5,63132,41,$
671,1,QsxDgLLRXaneBe5DelFpOw,WHay7QuCaQsheKMgNnWRvQ,5,Ryan W.,ryan,Female,Kreis Restaurant,4.0,63131,195,$$$
672,0,R8t9g5nvi7VFyS8zsgmj8Q,XChpHvPDVtxDIC6pKck3Vg,5,Clark S.,clark,Male,Salt + Smoke,4.5,63130,1436,$$
677,2,R8t9g5nvi7VFyS8zsgmj8Q,uYnymZHusl5WXWM0Td7rbg,4,Audrey B.,audrey,Female,Salt + Smoke,4.5,63130,1436,$$
682,2,RSjWctdGtsatc6NwQxg_mw,pPYE-fij1tA3aixP0xFpbA,5,Erin M.,erin,Male,Peppe's Apt 2,4.5,63122,132,$$$
684,0,RVD0t9-pUTbcypj45FBsNg,Zfflim57-XOQrIqmH4axQA,5,Katherine B.,katherine,Female,Kitchen House Coffee,4.5,63111,29,$$
686,2,RVD0t9-pUTbcypj45FBsNg,wiLpKsjNXUBpzwYi5bEvbQ,5,Rebecca C.,rebecca,Male,Kitchen House Coffee,4.5,63111,29,$$
688,1,RVJTAYG1RGzovNxhDabs9Q,tT0_4Dy9su9Ngu3L01ilbw,4,Cristina B.,cristina,Female,Vivola Express,4.5,63146,106,$
690,2,RVJTAYG1RGzovNxhDabs9Q,dO4-FwORuJQ9yD5eV7Ww4w,5,Anjuli Y.,anjuli,Male,Vivola Express,4.5,63146,106,$
692,0,R_J3B7usj-NDHm_wNFSa0w,Ad4rXXBY1FLJcj8fwRqdfQ,5,Tiffany K.,tiffany,Male,The Crow's Nest,4.0,63143,219,$$
693,2,R_J3B7usj-NDHm_wNFSa0w,YHN_LIObK5CtOMUws9T_sQ,1,Aimee R.,aimee,Male,The Crow's Nest,4.0,63143,219,$$
694,1,R_u4QTal0d5f-FHr7BUXcw,Y95WBKr-e4WK5AFjm1bKaA,1,Ellie C.,ellie,Female,Smoking Barrels BBQ - St. Louis,4.0,63109,264,$$
696,2,R_u4QTal0d5f-FHr7BUXcw,4E1Ka8NIEs1BZxn5lrZXCQ,1,Brian M.,brian,Male,Smoking Barrels BBQ - St. Louis,4.0,63109,264,$$
698,0,RcsTutp1103SGiYtam7xRg,l7nNDnGqedKFUG60EX7aVQ,5,Cydney G.,cydney,Female,The Frisco Barroom,3.5,63119,215,$$
699,2,RcsTutp1103SGiYtam7xRg,jAoLqXzHrcAWXsWZohjM9g,4,Kelly P.,kelly,Female,The Frisco Barroom,3.5,63119,215,$$
700,0,RwDotPR4zBeNJKaPGUBjVg,HiUh8KaK3NY0xPMRyjd_NA,5,Jennifer C.,jennifer,Female,Baked Wood-fired Pizza,4.5,63135,23,$$
703,1,RwDotPR4zBeNJKaPGUBjVg,0S-nAaeRBxJDX_6AfzUdUA,5,angie M.,angie,Female,Baked Wood-fired Pizza,4.5,63135,23,$$
706,1,S07dMpp8f9x7etbGW1L0QA,pe85HsB5qzfGnWdU0yEV1A,4,Danielle P.,danielle,Female,Southern,4.5,63103,542,$$
710,2,S07dMpp8f9x7etbGW1L0QA,hHXzfTkQ5FMP6iCzj2D-eg,1,Jennifer C.,jennifer,Female,Southern,4.5,63103,542,$$
714,0,S0UPup0pLE9knjrwc-kAdw,sodRkqBM5q4kmMcb1NRghw,5,Erin M.,erin,Male,Icing Cafe,4.0,63129,13,$$
715,1,S51xnoezpcCY8jd96_hXfQ,zuQY9CB9NpMdvykR1rOKrg,5,Nina M.,nina,Male,Yummi Tummi,4.5,63143,112,$
718,0,S87d-VjLFY8ZMoj6MUo_tg,5uudoMDyxaIPFW1qlbyxkw,5,Aliyah W.,aliyah,Female,Cate Zone Chinese Cafe,4.5,63130,197,$$
721,0,SATUtY_PGhTicpMwDF8nMg,ph8n-cqVskwdzf_z1S8mgQ,5,Marissa R.,marissa,Female,Cafe Bistro,4.5,63131,30,$$
722,2,SATUtY_PGhTicpMwDF8nMg,T_8EHtPR4dDCuwbXwv0nPw,3,Shane M.,shane,Female,Cafe Bistro,4.5,63131,30,$$
723,0,SCOVrHA1BPgJwgSo8VveRg,t9cGWQEQrhAGdIdzzfwyzA,1,Craige E.,craige,Female,Jack in the Box,2.0,63138,8,$
724,1,SCOVrHA1BPgJwgSo8VveRg,i-iUN26YzC1oN6mp-7Lsvw,4,Zachary V.,zachary,Male,Jack in the Box,2.0,63138,8,$
725,2,SFN5g5eexukcaZkzoiYQYg,8dsLw9h8I7et45vMBwyq5Q,5,Shawn P.,shawn,Female,Kounter Kulture,5.0,63109,264,$$
728,1,SHHn2sz0_d188bEV3AkrIA,JWiPaVk9WF4Uv5fswKKh6A,4,Nash N.,nash,Female,Young's Chinese Restaurant,5.0,63134,12,$$
730,0,SozL05URoilikZaXJWmjDw,gbn4FDkglPE7F-MI78EicA,5,Margie S.,margie,Male,Jason's Deli,4.0,63122,67,$
731,1,SozL05URoilikZaXJWmjDw,LekTr-xBB4KcBUUWUc_4qQ,5,Christina C.,christina,Female,Jason's Deli,4.0,63122,67,$
732,0,T-xYMAkdNlMPCGqWAH3mwg,OdGFL1YR3lLKK6_igE5jUQ,5,Josh C.,josh,Female,Kalbi Taco Shack,4.5,63118,157,$
734,1,T-xYMAkdNlMPCGqWAH3mwg,gMO9S4jq9M2waHmY_aKbng,5,Max R.,max,Male,Kalbi Taco Shack,4.5,63118,157,$
736,2,T-xYMAkdNlMPCGqWAH3mwg,YRIhx4uvB3_RrcRrX6qnCg,5,Jason V.,jason,Male,Kalbi Taco Shack,4.5,63118,157,$
738,0,TXg82zeFo2MpX5BzZXpJUg,BTiJpJGlzffF5N6pEr2CPg,5,Teresa R.,teresa,Male,I Fratellini,4.5,63105,208,$$$
742,1,TXg82zeFo2MpX5BzZXpJUg,OEwhOFgatqdZGk4Ej1uGKw,5,Brandy E.,brandy,Female,I Fratellini,4.5,63105,208,$$$
746,1,TZG_XV9u4xgE56s0otXEag,Tx4TcpiwuoOGKWgQ9dT40Q,3,Lloyd C.,lloyd,Male,Granite City Food & Brewery,3.5,63141,291,$$
747,2,TZG_XV9u4xgE56s0otXEag,2tyY2Sg-NAA_6wqsLFk2iQ,1,Angeline N.,angeline,Male,Granite City Food & Brewery,3.5,63141,291,$$
748,0,Tq5jFk_BMSJG8-flqj5Bgw,hBxflwTVw823akC1DUPWlA,5,Monica M.,monica,Male,Dewey's Pizza,4.5,63130,210,$$
749,0,TzNd_rW2-ckIjtKnVX88kQ,cmrFVJ5ZSVkDL1H8WBY34w,5,Matthew S.,matthew,Male,OSP Tap Haus,4.0,63129,46,$$
750,1,TzNd_rW2-ckIjtKnVX88kQ,-2DkidTA60ExxFQ4QAc48w,5,Maddie G.,maddie,Male,OSP Tap Haus,4.0,63129,46,$$
751,1,U0sjKBnSMN5SnWd_xU4GrQ,BHGtfvTevLIKKpTJwJtRyw,4,Bonnie L.,bonnie,Female,Chuck A Burger,4.5,63114,104,$
753,2,U0sjKBnSMN5SnWd_xU4GrQ,Ow1rxfPV4NXWOHpGwKzfDg,4,Mark G.,mark,Female,Chuck A Burger,4.5,63114,104,$
755,0,U5iSWfTcvzqnur3SZkGBHA,fB9RHK-Px76eaWUAVjfmQQ,5,Brittany M.,brittany,Female,JC Supper Club,4.0,63137,7,$$
757,1,U5iSWfTcvzqnur3SZkGBHA,fxSOCvs9CEootfLfl7eGjg,5,Doris W.,doris,Male,JC Supper Club,4.0,63137,7,$$
759,2,U5iSWfTcvzqnur3SZkGBHA,M6G4xxpLosmDq4MgSvI08g,1,Jessica W.,jessica,Male,JC Supper Club,4.0,63137,7,$$
761,0,Uy0r4bzRmY5LFtDfzNgkag,BKLLtT2oMap0MvtWIoelZQ,5,Faye T.,faye,Male,Mi Ranchito,4.0,63130,338,$$
764,2,Uy0r4bzRmY5LFtDfzNgkag,bzEtorB52RAEZBWdf2Lo2w,5,Steven C.,steven,Female,Mi Ranchito,4.0,63130,338,$$
767,2,VGTAW7xAKN2li7t00e2hvw,--SS5965N22GPmrE5gPs-g,5,Pierce P.,pierce,Male,Three Kings Public House,3.5,63145,55,$$
768,0,VJ-c-Yjj1qv7dKS5YaYoHg,NY_YNUQZw09mggkdCcDYMA,5,Carrie L.,carrie,Male,Union Loafers Cafe and Bread Bakery,4.5,63110,364,$$
770,1,VJ-c-Yjj1qv7dKS5YaYoHg,VQh_OWh_5sDIJq3P9VqI0w,4,Renee K.,renee,Male,Union Loafers Cafe and Bread Bakery,4.5,63110,364,$$
772,2,VJ-c-Yjj1qv7dKS5YaYoHg,CHxGwRCYHB7HudPnrWISIQ,5,Elaine S.,elaine,Female,Union Loafers Cafe and Bread Bakery,4.5,63110,364,$$
774,0,VUkBbffnuUpKX9MKRUt4yQ,5eHicu5RYm_FyLVYsEbRsA,4,Michael P.,michael,Female,Bonefish Grill,3.5,63144,274,$$
775,2,VUkBbffnuUpKX9MKRUt4yQ,OOoxro0_ITK37q0IwUWy_w,4,Rylee T.,rylee,Female,Bonefish Grill,3.5,63144,274,$$
776,1,VV4l-yVqI2RDR0PYt6QDlA,fbvTZkoZkgdh8qrFr2EdVQ,3,Sharah C.,sharah,Female,St Louis Q,4.0,63136,14,$
778,1,VVHfqUeYyAA9FEsH-6PI2A,RpgxEikA1Fd0qC-S4SxrMA,4,Kat M.,kat,Female,Foundation Grounds Coffeehouse & Cafe,4.0,63143,229,$$
780,1,VioQ-O-wJYgrW1fta5nhug,JyO31Dd3dA8Pyf-wPCq2fQ,5,Tom J.,tom,Female,Trattoria Toscana,4.0,63126,116,$$
783,2,VioQ-O-wJYgrW1fta5nhug,nv8VwjAJ8QE6tkc3K9WJlQ,4,Luan M.,luan,Male,Trattoria Toscana,4.0,63126,116,$$
786,2,Vv5Fxre786NpKFR_3OduKw,B1KkQAjukABmwMoYxeO7JA,4,Grant H.,grant,Female,Chimi's Fresh-Mex,4.5,63114,106,$$
788,0,WCdSajl5Q0qywpv7K5jHdQ,QKk8q_UWAdEauE29h7eH4w,5,Mark M.,mark,Female,Sugarfire Smoke House,4.5,63101,883,$$
793,1,WCdSajl5Q0qywpv7K5jHdQ,IPLRi3K2hDZG8Yxnqwo7XQ,3,Zoey P.,zoey,Male,Sugarfire Smoke House,4.5,63101,883,$$
798,2,WCdSajl5Q0qywpv7K5jHdQ,120fax97bfeSmsZPzd2RWw,2,Peter B.,peter,Male,Sugarfire Smoke House,4.5,63101,883,$$
803,0,WHLM6UhwSV0tN3CrmSgsUA,0uX3tJjMJq4V9S7VKTe8aw,5,John P.,john,Female,Half & Half,3.5,63119,158,$$
804,0,WNcGg9G-odTGz00DSMx7rg,_LQhXHjyMlXW3E8FsivmKQ,5,Kristen S.,kristen,Female,Urban Chestnut Brewing Company,4.5,63103,234,$$
807,1,WNcGg9G-odTGz00DSMx7rg,2OQqohvVmDGkwJwngdOe7A,4,Taylor T.,taylor,Female,Urban Chestnut Brewing Company,4.5,63103,234,$$
810,2,WY0ji9m-qAOc_6lK8h4pNw,HmiAihsNqjuDcJ-jYIgi2A,4,Rylee T.,rylee,Male,Living Room,4.5,63143,183,$$
811,2,XvjJflV_0I1CS0_dckuV-A,xmEuvBXYRwK8O41Nswbnyg,5,Amy K.,amy,Male,801 Chophouse - St Louis,4.0,63105,256,$$$$
812,0,YBncKq0rdijgeIyjuW_Czw,kAeCYPGRYNeQkh0594mZJQ,5,Ruth G.,ruth,Male,Il Bel Lago,4.0,63141,97,$$$
813,1,YBncKq0rdijgeIyjuW_Czw,3Gg_c4muL8IOJGl3eJfzvw,5,Teri K.,teri,Male,Il Bel Lago,4.0,63141,97,$$$
814,1,YJVXMOIKhJjQczWj9YTwrg,Orj6Ejw61nlqG1HV3rUubw,5,Doug M.,doug,Male,Louie,4.5,63105,146,$$
815,0,YPTYOQO8Lg9BtHsRwYBY7g,tgzCGTX1ZF3Dr1iTAygAnw,5,Katherine G.,katherine,Female,Mai Lee,4.0,63144,840,$$
820,1,YPTYOQO8Lg9BtHsRwYBY7g,H16xkcpWgM9YdKpKOmTT1A,3,Aimee S.,aimee,Male,Mai Lee,4.0,63144,840,$$
825,2,YPTYOQO8Lg9BtHsRwYBY7g,JAvwnqkDj1fwQgc5dNDdMw,4,Emma S.,emma,Male,Mai Lee,4.0,63144,840,$$
830,2,YSgcojsb2kWHXNLWaGCuBA,iDijlKdlsbwnNAf5aQ-L5Q,4,Lee C.,lee,Male,Pastaria,4.0,63105,847,$$
834,2,YSuVRABFuPIy8N91x2yg5Q,TIEFTUokCfWT5byK-LkXAg,5,Cosmas M.,cosmas,Female,"Saint Louis Halal Meat, Grocery & Foods - Baba's Restaurant",4.5,63132,46,$
835,1,YVy2DgGfNmG5hWYbA7k8jg,82fiG6j_gfIq8P_c_AehpQ,4,Veronica L.,veronica,Female,SweetArt,4.5,63110,411,$$
837,2,YgO7Rsia2ggQQ8uOGvKWTQ,rfnyLM1FF3QgBm4JVlbDTQ,4,Amanda G.,amanda,Female,Yet Bun Chop Suey,4.0,63120,4,$
838,0,YmUVCO5-ZdSenHVKEJE1rA,KbDst6fls1Zd0oRMmIF8Sw,5,Michael T.,michael,Male,Cathy's Kitchen,4.0,63135,132,$$
841,1,YmUVCO5-ZdSenHVKEJE1rA,JLHJ_kgpiDo_ae-N17gngQ,4,Zack G.,zack,Male,Cathy's Kitchen,4.0,63135,132,$$
844,2,YmUVCO5-ZdSenHVKEJE1rA,JbLXZQ1yO-thUdfjgn87qw,1,Amber F.,amber,Male,Cathy's Kitchen,4.0,63135,132,$$
847,1,YpGPZ-Zg89BsFUWwCXoaBw,CREYcx6QSuMI--IEuTflPw,3,Emily T.,emily,Male,Yellowbelly,4.0,63108,230,$$$
850,1,Yy7oNvAgFKRjl2u35HwepQ,bjOjrrE2FM88r9TCJZ3m_Q,1,Alicia B.,alicia,Female,Shell City Crab Shack,3.5,63113,54,$$
851,0,Yz4BD3vf8-d14j2T2FgYxA,b6PKDdEbLklvlb1roOKsxA,4,Bill W.,bill,Female,House Of India,4.0,63124,275,$$
853,2,Yz4BD3vf8-d14j2T2FgYxA,0ol6GifZnbdT9uYB5L5kTg,4,Julie O.,julie,Female,House Of India,4.0,63124,275,$$
855,2,ZIpPvfIGlrxhsAz1ID0tYg,2aI8xJeyLhmvFFpHbeqjfw,4,Alyssa G.,alyssa,Male,Salt + Smoke BBQ Bourbon Beer,4.5,63109,249,$$
856,1,ZNZcptwIHne1PDcHaMbA-A,kJ2fQdgE1LFJLUsRK_8tSg,4,Alyssa C.,alyssa,Female,Breakfast and Burgers,4.0,63123,143,$
857,2,ZNZcptwIHne1PDcHaMbA-A,RBcfXLw7mMq_jBuoRblPGw,5,Andrea V.,andrea,Male,Breakfast and Burgers,4.0,63123,143,$
858,1,ZRSVqYaoo3VMvthb2QEJmw,hJ0aS99dsxmhUQYTUes6Fw,4,Becky I.,becky,Male,De Palm Tree,4.0,63132,152,$$
861,1,ZxYFj8qagM3LYqd-SlDrgA,2RvwRyqr_n155wommaVX4Q,1,Bonny P.,bonny,Female,Imo's Pizza,2.5,63115,55,$$
862,0,Zz1utCut0psbC4brBjvSEg,Q-pmNHiL0WaJxZNHX4SpMg,5,John C.,john,Female,Novella Wine Bar,5.0,63109,43,$$
863,1,Zz1utCut0psbC4brBjvSEg,0v-AHsaDrbN-dmnc2iK0-A,5,Maggie S.,maggie,Female,Novella Wine Bar,5.0,63109,43,$$
864,0,_-XYJgVGrNMtn_S6nPm-GQ,MOXk2XXBhUz22RcUIuhRNg,5,Scott N.,scott,Female,Vinnie's Italian Beef and Gyros,4.5,63139,172,$
867,0,_4bhVmlvT9dvqydQG2TOMA,-gXw-ASVxPIcvP1qN5oSEA,5,Melody S.,melody,Male,Olive + Oak,4.5,63119,581,$$$
869,1,_4bhVmlvT9dvqydQG2TOMA,GyNwY8DJOCFZw5uhD-dI9A,5,Patricia B.,patricia,Male,Olive + Oak,4.5,63119,581,$$$
871,2,_4bhVmlvT9dvqydQG2TOMA,AD72_taiH8bc5sGpJgcS5w,5,Nicholas S.,nicholas,Male,Olive + Oak,4.5,63119,581,$$$
873,2,_H30_Y_YcQQ7kbix9a1KfQ,j24YTQtjYNdyOfnbPfhJjw,5,Dave D.,dave,Female,Gus's World Famous Fried Chicken,3.5,63143,307,$
874,0,_OMGZ3TXOfN2By7skat_bw,qxOemn6v6KhDT_vB9oGmAA,5,Dan P.,dan,Female,Drunken Fish,3.5,63108,684,$$
877,2,_OMGZ3TXOfN2By7skat_bw,Svgfnubnn7ImmAthk9-QUw,5,Melissa R.,melissa,Female,Drunken Fish,3.5,63108,684,$$
880,0,_PZHmeCIdTVfByOUgBQKMA,kdU03187g76gFSGTJ1gS_Q,4,Michael S.,michael,Male,EdgeWild Bistro & Tap,3.5,63141,150,$$
881,1,_PZHmeCIdTVfByOUgBQKMA,fkARDSmpIOT-gdj1OPtqzw,3,Emily W.,emily,Female,EdgeWild Bistro & Tap,3.5,63141,150,$$
882,1,_VVA_fbTM8eKQq4A57Y_dA,1aKq_WYHKI8CFMk1EuViIA,1,Theresa P.,theresa,Female,Domino's Pizza,2.0,63136,9,$
883,2,_VVA_fbTM8eKQq4A57Y_dA,hRRxzgPw6IITZsj6UlgEVw,1,Mel D.,mel,Male,Domino's Pizza,2.0,63136,9,$
884,0,_Y96y5CFgJaG4I-HEgylhg,uDLdEIxGtOqYFM2EJ4fl2Q,5,Laura D.,laura,Female,Crushed Red,3.5,63122,113,$$
885,1,_Y96y5CFgJaG4I-HEgylhg,X7_PKwsK093YS2zA4Mt3IA,4,Scott S.,scott,Female,Crushed Red,3.5,63122,113,$$
886,2,_aKr7POnacW_VizRKBpCiA,I2ws2aMgCT61L86sJEiTXw,5,Rebecca W.,rebecca,Female,Blues City Deli,5.0,63104,875,$
890,0,_gVyuTRb_6HM-SNtqbpevQ,H6aR4n2QhQP6pdIuiECCAg,5,Diana N.,diana,Male,Taste Bar,4.5,63108,520,$$
895,0,_kMxqmHYnF1LhTvHioykQw,AW_dFMB8iOMD61Dsu5YD1A,5,Mike H.,mike,Female,Billy Burk's Snack Shop,4.5,63113,5,$
896,2,_kMxqmHYnF1LhTvHioykQw,E_6Gt_UVvggOeZqimTJRXA,3,Gerald E.,gerald,Female,Billy Burk's Snack Shop,4.5,63113,5,$
897,0,a0sN6y6fDZ5HtBjUimKukA,oVLeBBCP7EfIXnPwJIOxRQ,5,Kate S.,kate,Male,Small Batch,4.0,63103,309,$$
900,1,a0sN6y6fDZ5HtBjUimKukA,YSPUt2z3iMSVDIimT1Jyzg,4,Maggie Z.,maggie,Female,Small Batch,4.0,63103,309,$$
903,2,a0sN6y6fDZ5HtBjUimKukA,UdFu76GHXh_MBtwlHzILIQ,3,Margarita F.,margarita,Female,Small Batch,4.0,63103,309,$$
906,0,a1GY-xy-PKrPXlMbhBv5ZA,BMZtqL6GKJLc_LL2iAycXw,5,Steven B.,steven,Male,Onesto Pizza & Trattoria,4.0,63109,251,$$
907,2,a1GY-xy-PKrPXlMbhBv5ZA,pmfFClVil11sRgxw1k1wbg,4,Michael S.,michael,Female,Onesto Pizza & Trattoria,4.0,63109,251,$$
908,0,a5KwXU9ddmlY-PtZSkp-cw,7TxEpA4Se8fkVpZnvatHTg,5,Joe S.,joe,Male,Syberg's Gravois,3.5,63123,115,$$
909,2,a5KwXU9ddmlY-PtZSkp-cw,TFfz-NqYp9qIX4nNXPxO-Q,5,Michael P.,michael,Male,Syberg's Gravois,3.5,63123,115,$$
910,0,aDm4JESclYP_L2tY_sqaDA,fmRKxW87TIg1sFpMlGFy2g,4,Anthony W.,anthony,Female,Pho Long,3.5,63132,231,$
912,1,aDm4JESclYP_L2tY_sqaDA,ekHmKw7DospDyuhKtGp8kw,3,Seon L.,seon,Male,Pho Long,3.5,63132,231,$
914,1,aHHK_n_wGElui6oDmRCL4A,i2RkDiqPYRkP9GYJdTCowQ,2,Katie G.,katie,Female,Protzel's Delicatessen,4.5,63105,151,$
915,2,aHHK_n_wGElui6oDmRCL4A,RUUUkxysWxTx_UFAL1oTDQ,5,Michael P.,michael,Female,Protzel's Delicatessen,4.5,63105,151,$
916,0,aI3B47Y_AUYFP5K5JAYrlA,beAoEt2KkYtcYGVQz5xzFg,5,Winston C.,winston,Male,Polite Society,4.5,63104,513,$$
921,1,aI3B47Y_AUYFP5K5JAYrlA,fqVpChUuvh67t8ELP6VkNQ,3,Christina L.,christina,Male,Polite Society,4.5,63104,513,$$
926,2,aI3B47Y_AUYFP5K5JAYrlA,aDeptQtnJ8ec88-TXA_hNQ,3,Franki C.,franki,Female,Polite Society,4.5,63104,513,$$
931,1,b2FwlYZiMKEB95fFhLEqWw,eLnaJy58g3QxUVXbDjGVWA,2,Kathi M.,kathi,Female,Spencer's Grill,4.0,63122,136,$
933,2,bPsfG2mW_21Z03sbEKwUXQ,jJNNN8r4D_VplcSfH4nPcQ,2,Lisa M.,lisa,Female,Lemay Wok,4.0,63129,71,$
934,1,bW3Z2Qp2rIIfZwBVP3j4Ng,ZW-p4DpWTzitBGaMppOdww,4,Antonio P.,antonio,Male,BRAVO! Cucina Italiana,3.5,63131,146,$$
935,2,bW3Z2Qp2rIIfZwBVP3j4Ng,NoSGXSu9WogpFHrVNhDwLw,3,James M.,james,Female,BRAVO! Cucina Italiana,3.5,63131,146,$$
936,0,bXsc3GrmXs7qDSB5ujIISA,gzwUkgN9njb3kAVeNF3QUg,5,Erika K.,erika,Female,The Dapper Doughnut,4.5,63141,75,$
938,1,bXsc3GrmXs7qDSB5ujIISA,hV_IFzvJn5KVjSUyCbQc4A,4,Janice C.,janice,Female,The Dapper Doughnut,4.5,63141,75,$
940,1,bdoSOSj1LPSAlNoKezVdLQ,gDzX3Z714qeQ7TChjJsWdQ,5,Sara B.,sara,Female,Symbowl - Kirkwood,4.0,63122,224,$$
942,2,bdoSOSj1LPSAlNoKezVdLQ,sVYfzr5Ul3f-dSFj5pLTRA,5,Andrea S.,andrea,Male,Symbowl - Kirkwood,4.0,63122,224,$$
944,0,bqR_3sT_rNp0hZglPtX6rw,1W-q1PYPwuWW-qW9WdPkRQ,5,Lori P.,lori,Female,Mission Taco Joint,4.0,63104,512,$$
945,0,buP98xgFQrgutle85Llqag,RRjbNfxpatscmFrEMCEnmw,4,Delbert H.,delbert,Male,Nick & Elena's Pizzeria,3.5,63114,71,$$
947,1,buP98xgFQrgutle85Llqag,LYrZTveGIuk23AOt9DulYA,4,Heather C.,heather,Female,Nick & Elena's Pizzeria,3.5,63114,71,$$
949,0,c-QzuVK3q5BHGcIdI0nHdA,oiF04ih5rkebDv_5OUFloA,1,Rebecca S.,rebecca,Female,Leawa Chop Suey,3.5,63136,3,$
950,1,c-QzuVK3q5BHGcIdI0nHdA,TZnr9QxOlIkj_h1PRWTsuA,5,Daniel B.,daniel,Female,Leawa Chop Suey,3.5,63136,3,$
951,2,c-QzuVK3q5BHGcIdI0nHdA,eoTfPZWeWQEj4DxENyyhtQ,4,James P.,james,Female,Leawa Chop Suey,3.5,63136,3,$
952,2,cCMYCWvvYFQbAbEY4Gnrxg,KLbhCmEBwRrSY048rGgi-A,4,Nae F.,nae,Male,Hwy 61 Roadhouse & Kitchen,3.5,63119,346,$$
953,0,cFk2SMsJ-2cmXKLFFkP9JA,-VyG3Qth8C0Hs51KoKQrvw,5,Joel L.,joel,Female,Fritanga,4.5,63104,259,$$
954,2,cFk2SMsJ-2cmXKLFFkP9JA,3rlIRnaWrO8aS1Z-z_0IWQ,5,Jonnathan J.,jonnathan,Female,Fritanga,4.5,63104,259,$$
955,0,cN8F-BmoHoS9eCqIHMtlHA,j-mc1DBH6ZJ3MnMLo9Zbwg,5,Kristin M.,kristin,Female,Companion Ladue Cafe,4.0,63124,146,$$
956,1,cN8F-BmoHoS9eCqIHMtlHA,0I5KxcXrPTg8_HUcVRlFHg,3,Cian D.,cian,Female,Companion Ladue Cafe,4.0,63124,146,$$
957,1,cQIh4YJlVtZI9TLF5_smOg,3lrwYCDu6UHzNLvfua9H4A,5,Matt W.,matt,Female,The Shaved Duck,4.5,63118,1639,$$
961,2,cQIh4YJlVtZI9TLF5_smOg,VtJQt65nqwXx6cYCAKSkpQ,5,Andrea K.,andrea,Female,The Shaved Duck,4.5,63118,1639,$$
965,2,cQUNfooF0poRMkqAx6Dkdw,WQyKXD3F9QtL34VECMlXgw,4,Michelle L.,michelle,Female,Pretzel Pretzel,4.0,63129,34,$
966,2,cUi8TwIH_dt91b_KfPRdTg,mcwIPl2FFdm3yMlotCpFjw,4,Will B.,will,Female,Bing Lau Chop Suey,4.5,63107,6,$
967,0,cXEx8dhmoFZcsJjXS2lLuQ,tqMCZ0379MnptjqIStrsEA,5,Dana N.,dana,Female,The Pasta House,3.5,63123,44,$$
968,0,cf5vLyeHZ8EZzxD4SkUjVw,Dk8RPDAheuJnK6nZT7SmLg,5,Tiffany S.,tiffany,Female,Andy's Frozen Custard,4.5,63122,66,$
970,1,cf5vLyeHZ8EZzxD4SkUjVw,QmKh8CKN8L5IPRzJf5mxqA,5,Shayna A.,shayna,Female,Andy's Frozen Custard,4.5,63122,66,$
972,2,cf5vLyeHZ8EZzxD4SkUjVw,MKGyngpLasLGW3p_TRgLbA,5,Steven B.,steven,Male,Andy's Frozen Custard,4.5,63122,66,$
974,0,chUeS0h9C8KGfyJO2Jqgew,HxJhww4V1oNcXweqc5kWJA,5,Brian B.,brian,Male,Fozzie's Sandwich Emporium,4.0,63117,418,$
976,2,chUeS0h9C8KGfyJO2Jqgew,CP8-Q3YyI2EPCpfCj7njIQ,2,Brian S.,brian,Male,Fozzie's Sandwich Emporium,4.0,63117,418,$
978,0,dQR7ZcEsOC9L-LKRYwekUA,f84EjRdwnpwi3of221peag,5,Alice G.,alice,Male,Poké Munch,4.5,63141,132,$$
980,1,dQR7ZcEsOC9L-LKRYwekUA,9mbE4FmZABKBssgHOKXjmw,4,Lottie F.,lottie,Male,Poké Munch,4.5,63141,132,$$
982,0,dXtKhR0cORwZMW4GuFxwdg,rX8iKWMEFGLGZV_dB4DXsA,5,Shane S.,shane,Male,Kaldi's Coffeehouse,4.0,63122,123,$
983,1,dXtKhR0cORwZMW4GuFxwdg,rWn6m-M1ie3Z-dqZFKgO0A,1,Matthew H.,matthew,Male,Kaldi's Coffeehouse,4.0,63122,123,$
984,2,dtU_DsHVOCi-2-mWe7gabw,omQi2UmmeW3rM-G-_O3a8Q,4,Zachary H.,zachary,Male,Charlie Gitto's On the Hill,4.5,63110,546,$$
986,0,duaBfE0uvFBgKeeQnhXkWw,j4QyY0rR_gV2IbjjhhJqoQ,5,El P.,el,Female,SharpShooter Pit and Grill,4.5,63123,44,$$
988,2,duaBfE0uvFBgKeeQnhXkWw,Vim40QQXIZhgx3ycg_I3kA,5,Ali P.,ali,Male,SharpShooter Pit and Grill,4.5,63123,44,$$
990,0,e4PSH9i63Tg7AVBhfli5FQ,VZUQlIEH5ZQnsJsaqh6Q3Q,5,justin s.,justin,Female,The Clubhouse,4.5,63123,21,$
991,2,e4PSH9i63Tg7AVBhfli5FQ,2TtWwIItO6rJrhkjCIgXGQ,3,Rachel R.,rachel,Female,The Clubhouse,4.5,63123,21,$
992,0,fAh1DvXplLu66urTBWSjaQ,gdYQDDmT8lMlyDMphFwFHA,5,Diana N.,diana,Male,Acero,4.5,63143,210,$$$
994,2,fAh1DvXplLu66urTBWSjaQ,WjQC-Nzmn6M3UEHxAX0sYA,5,Erika L.,erika,Male,Acero,4.5,63143,210,$$$
996,0,fBO0Cb-tbx5fvaWsp4sKtw,IKoEsI9f9uSMUV4ejmFYAw,4,Kathy M.,kathy,Male,Affton Diner,3.5,63123,66,$
997,1,fBO0Cb-tbx5fvaWsp4sKtw,1QYsuBMqz0uQUicZPuwwPg,1,Andrea J.,andrea,Female,Affton Diner,3.5,63123,66,$
998,1,fJVsb37KbVPNuPO_4_lktg,EeonVn3lAHZlV4v9N15iJA,3,Laura K.,laura,Male,Rookies Bar,3.5,63033,9,$
999,2,fJVsb37KbVPNuPO_4_lktg,B2LT_913AlA8NfLlXFgDRA,5,Katherine S.,katherine,Female,Rookies Bar,3.5,63033,9,$
1000,0,fZ92MJ1hbEMXqwWTSwF9lA,DU3P8gjk7Sjl5ZPbpcpiXg,4,Tina B.,tina,Female,Gamlin Whiskey House,3.5,63108,518,$$
1001,1,faReoVCPuY0XUE3CSIVsAg,Ll-b8yLUPqlqapIfznjg-A,4,Michael P.,michael,Male,Sushi Hana,4.5,63123,93,$$
1003,2,faReoVCPuY0XUE3CSIVsAg,-z5D_WdW10uZ9oPbwk-3Yg,4,Sara L.,sara,Female,Sushi Hana,4.5,63123,93,$$
1005,2,fjBjgnxn51VW04F7wgBK2g,fhPkAN_hblLOZhMAKnc0KQ,5,Brian H.,brian,Female,Feraros Jersey Style Pizza,4.0,63128,83,$
1006,0,frsWe9bmMOMIBOBNzsCTew,v0uEE_ZW60VmcyDq4C-bdQ,5,Jae R.,jae,Male,African Palace,4.5,63033,20,$$
1007,1,g6rcVXjeLT6Y_kAFhbbJRg,qBFEsAxsnh2ZlB1MF7tkyQ,1,David M.,david,Female,Moolah Theatre & Lounge,4.5,63108,190,$$
1008,2,g6rcVXjeLT6Y_kAFhbbJRg,vhYpbX0WVmVVDgOvG1DZvA,4,Camila O.,camila,Female,Moolah Theatre & Lounge,4.5,63108,190,$$
1009,1,gBGD0dNvfLlQOAaZzCU1NQ,ECLZoO0bgYApS5eKMiGaUg,3,Annette R.,annette,Female,Twisted Tree,4.5,63127,325,$$$
1011,2,gBGD0dNvfLlQOAaZzCU1NQ,wgh9k9QOc76oytwfMSzTfQ,3,Jennifer K.,jennifer,Female,Twisted Tree,4.5,63127,325,$$$
1013,0,gD2sF9BKMP428y1NJEiPbQ,lO1dDO-xP3kWPSyHcjy_Cw,5,Zhenya B.,zhenya,Female,George Rivolo Diner,4.5,63114,28,$
1015,2,gD2sF9BKMP428y1NJEiPbQ,M8fE22DSmPnkshtIxfoh9Q,5,Mike B.,mike,Male,George Rivolo Diner,4.5,63114,28,$
1017,1,gRNBy7lRv1QVsYkEOTYarw,-bvD2Q5m7JwEVI7nRs8gfA,4,Faye T.,faye,Female,Skeeters Frozen Custard,4.0,63114,47,$
1018,2,gTUERr6FchxzrqGBnQDjIA,0BXXLT1fkrmOBzgy7Wcwvg,4,Karla H.,karla,Female,Sweetie Pies,3.5,63136,46,$$
1020,2,gkZbFkzlp8etmXQZSllfMA,gBQH0VKQXQOfHNUtYzB6jQ,1,Melissa H.,melissa,Male,Hunan Chop Suey Chinese Restaurant,4.5,63136,6,$
1021,0,gku-vC4YB5c7ZuNyLhjNbQ,H7d_sSPpm1P6B5fDove6vQ,5,Kyle B.,kyle,Female,Taqueria El Bronco,4.0,63118,210,$
1023,0,gsyyVQmvT9A2nAgUi7VUag,2pAThPiPyTMl5uQ3KIsNOA,5,Adrian W.,adrian,Male,Nudo House STL,4.5,63141,373,$$
1025,1,gsyyVQmvT9A2nAgUi7VUag,PxLsmSqaxUcsty3qgE4e7g,5,Chie F.,chie,Female,Nudo House STL,4.5,63141,373,$$
1027,2,gsyyVQmvT9A2nAgUi7VUag,Uv0d9LGgHsHfaXglPOKurg,5,Charley S.,charley,Female,Nudo House STL,4.5,63141,373,$$
1029,0,gxTeWM7MLX2vF2vJDGhz9A,05RL0vAzCCKpcSEEX3xozw,5,Doug Y.,doug,Female,China King,4.0,63129,16,$
1030,2,gxTeWM7MLX2vF2vJDGhz9A,8WE4rmMdvphXJgodzFIHAg,3,Kyli W.,kyli,Female,China King,4.0,63129,16,$
1031,0,h07Yfix2ynwn9fJ3proGXQ,IlQxZ9Ra352AsgpmOy0mdg,5,Leslie H.,leslie,Male,Joey Bs,3.5,63128,174,$$
1032,1,h07Yfix2ynwn9fJ3proGXQ,149muMDOFA4zieNjl91vQw,4,Jennifer M.,jennifer,Male,Joey Bs,3.5,63128,174,$$
1033,0,hNYgEnEfGAvHyuHuMHsWMQ,gye2POChNXcviqOhUaJ-cQ,5,Kaylee Q.,kaylee,Male,CBS Barbeque,5.0,63120,7,$
1034,1,hNYgEnEfGAvHyuHuMHsWMQ,5tfv7zlbdKKLoL88Deznvw,5,Jami M.,jami,Female,CBS Barbeque,5.0,63120,7,$
1035,2,hNYgEnEfGAvHyuHuMHsWMQ,4g_Ckc2RLos5qrr9c9q1Zg,5,Jami M.,jami,Female,CBS Barbeque,5.0,63120,7,$
1036,2,hVbfirZtdhscx6Ie2-V5iw,3VHloYDMfBYmdHnuYS9WNg,5,Amanda S.,amanda,Male,Doozles Frozen Custard,4.0,63031,29,$
1037,0,hbs43HZRB1nwMzMtiT9lsQ,D4ucrwx95n4ZyDJk8vqlCA,5,Zack G.,zack,Female,Edibles & Essentials,4.5,63109,149,$$
1038,1,hbs43HZRB1nwMzMtiT9lsQ,2KHc0zwFMkkg6G1-o2UV9g,5,Shawn P.,shawn,Female,Edibles & Essentials,4.5,63109,149,$$
1039,2,hbs43HZRB1nwMzMtiT9lsQ,psRsIOoUPSLhSTfZi6Xqgg,5,Mark P.,mark,Female,Edibles & Essentials,4.5,63109,149,$$
1040,0,hv-rci0u6KR75ALB_70dHw,XpgcB41ch_QxpCrWI7C7nQ,5,Kelsey K.,kelsey,Male,Blueprint Coffee,4.5,63130,316,$$
1043,2,i943AcReAf5-1OjVOZdPSg,tQd33IO-RDY1NSnb-QDsQA,5,Amanda N.,amanda,Male,Thai Orchid Restaurant,4.5,63125,76,$
1045,0,iDL_412a-SHChFoCDE4R9Q,D80S68QpZyuGyDdDp8G59w,5,Linda W.,linda,Male,Bommarito's Pizzeria,4.0,63123,59,$$
1047,2,iDL_412a-SHChFoCDE4R9Q,VFynOEEIXS7Xa-qzhifdbw,5,David K.,david,Male,Bommarito's Pizzeria,4.0,63123,59,$$
1049,0,iEtmEkeEjxRTjQa8q08RdA,dU9357o-eXqbkzBTg_liUQ,5,Sherry W.,sherry,Female,Fried Rice Kitchen,5.0,63133,6,$
1050,1,iEtmEkeEjxRTjQa8q08RdA,CeLBdO2qtH-jUBaHJGRaOw,5,Darla E.,darla,Male,Fried Rice Kitchen,5.0,63133,6,$
1051,2,iF2WYnjnWg0-wxEw7daBgQ,5Ma521tnj-vekDZhU5fHWw,5,Zack G.,zack,Male,Krab Kingz Seafood,4.5,63119,93,$$
1052,2,iay91CweEOzRIW6wjcOjuA,9kcAbmUMU3-3iqukJ84ItQ,4,Zach H.,zach,Female,Truc Lam,4.0,63116,151,$
1053,0,j3sRTkoqD_obks7IOW876w,6WX37LhEaCTX01Bkz8B5mQ,5,Aleks S.,aleks,Male,Dewey's Pizza,4.5,63119,126,$$
1054,1,j3sRTkoqD_obks7IOW876w,Ywd1GdvsxUJs0-0oP9WhsQ,5,Max R.,max,Female,Dewey's Pizza,4.5,63119,126,$$
1055,0,j45LjJpnaRyml9Jg0wEtCA,Fhp6VQBhcbSXMMKxeQvbSA,5,Ashley N.,ashley,Male,Liliana's Italian Kitchen,4.5,63128,80,$$
1056,1,j45LjJpnaRyml9Jg0wEtCA,_57qlZfzA3XmwTQaO048iw,4,Zack G.,zack,Female,Liliana's Italian Kitchen,4.5,63128,80,$$
1057,2,j45LjJpnaRyml9Jg0wEtCA,bApwEbQ-SDm1KN8FUZWTKw,5,George V.,george,Female,Liliana's Italian Kitchen,4.5,63128,80,$$
1058,1,jKHlvwq40sghrR89pF_3Tw,jpstCXbdJ1-GnSDvOqnxKw,5,Max R.,max,Female,Jeni's Splendid Ice Creams,4.5,63108,266,$$
1062,2,jOUSxBXomtgJQbrapKU3SA,EyyF90MWw00jcDXslPPG_A,4,Tom J.,tom,Male,Amigos Cantina,3.5,63122,217,$$
1063,0,jRpK8oG_8QKaPGaaKiCyng,Cb6t6HLYlfWf9EJOQDVgHw,5,Katy C.,katy,Female,Pi Pizzeria,4.0,63101,503,$$
1067,2,jRpK8oG_8QKaPGaaKiCyng,n4krB-fyyZ8RQcUnWR4pmA,4,Todd S.,todd,Female,Pi Pizzeria,4.0,63101,503,$$
1071,0,k8hFz4Gty5dHlDV4Wt8FqA,nqWQ8FdzmeGRDzopMKSbUA,5,Janée S.,janée,Female,Southwest Diner,4.5,63143,665,$$
1075,2,k8hFz4Gty5dHlDV4Wt8FqA,AtMLKadKJ1F44ZC-QNLf3w,3,Shawn P.,shawn,Female,Southwest Diner,4.5,63143,665,$$
1079,2,kBCB53psaoKcHwv4kNByOg,wNHD2iBiS7HAxhfPwLOmew,4,William E.,william,Female,Lombardo's Trattoria,4.5,63103,287,$$
1081,0,kdG6HXfXPk6YKZ6lkURaEg,EpD7TxpOFvnUzPjdPs6-vw,5,Emily L.,emily,Male,Sportsman's Park Restaurant,4.0,63124,76,$$
1082,0,kpK6SmxIiNoGPNhlEGiL4w,QUL6xitR-dpbekaVEbolmg,5,Kelly Y.,kelly,Male,Trattoria Marcella,4.5,63109,327,$$
1084,0,kpl3H_sgfTm-tH3Aa-ML7g,kRgjwkyIOeDSzx5ADOc46Q,4,Katherine G.,katherine,Female,Benton Park Café & Coffee Bar,4.0,63118,509,$$
1085,2,kpl3H_sgfTm-tH3Aa-ML7g,Fkj6LkeQnVGa_goTrPFWYw,3,Max R.,max,Female,Benton Park Café & Coffee Bar,4.0,63118,509,$$
1086,2,kqt8O-XxMkE6ga42IPa7sA,F10n4IBJvKs7dj0EOSNR6A,3,Sterling C.,sterling,Female,SUSHI KOI,4.5,63108,165,$$
1087,0,ksVNbLJtHk7OXvpG-j_N-g,Cgf9Hcn1-T2SJH1YN0T4GQ,5,Michael P.,michael,Male,Al-Tarboush Deli,4.5,63130,112,$
1088,1,ksVNbLJtHk7OXvpG-j_N-g,VmudEGmKPdrvpm2l7hh-3w,5,Tova M.,tova,Male,Al-Tarboush Deli,4.5,63130,112,$
1089,2,ksVNbLJtHk7OXvpG-j_N-g,MdanSmk_dOaLFp8BPOJNcA,4,Dave D.,dave,Female,Al-Tarboush Deli,4.5,63130,112,$
1090,1,l9vdM2DtlJo3EYpxgW-efQ,tOeMTccB1QXO7iF-cz5ZZw,5,Natalie B.,natalie,Female,Frank Papa's Ristorante,4.5,63144,87,$$
1092,2,lB6jIOb1UBATmdfot4KJew,KeIyj3Yq35uYNul7gYoLfA,4,Emilie M.,emilie,Female,Soco's Gyros,4.0,63123,112,$
1094,0,lGRXMOYsO-3oRQcRrMcbNA,NEy4NFl1V0dDQF6dbO1mAQ,5,Kelly T.,kelly,Female,China Moon,3.5,63033,17,$
1095,2,lGRXMOYsO-3oRQcRrMcbNA,sH1_UohR1jx8mptSKcIlAA,1,Rosalyn N.,rosalyn,Male,China Moon,3.5,63033,17,$
1096,0,lMP6nTVHwLv15Nvzs1SDjA,tvdG9Aj-k8P3mvE4RQtQjw,4,Joseph D.,joseph,Female,Ba-Da-Bing BBQ,4.5,63133,14,$
1097,1,lMP6nTVHwLv15Nvzs1SDjA,bDuP8C-OrQhGF9NKpvAFUA,5,Angela K.,angela,Female,Ba-Da-Bing BBQ,4.5,63133,14,$
1098,1,lNTXXh_vrIt705lqDlDp5A,-fWMsH7T7xDWHIgggwO80w,4,Zack G.,zack,Male,Helen Fitzgeralds,3.0,63127,129,$$
1099,2,lNTXXh_vrIt705lqDlDp5A,wFuFtuYctogHZCgPM7eq8g,3,Jana S.,jana,Female,Helen Fitzgeralds,3.0,63127,129,$$
1100,0,lOZxgiTD0KBCaECdL1eWHA,AUoKuhYV3J4jgWYvybPi9g,5,Crystal M.,crystal,Male,Fallon's Bar & Grill,4.0,63132,125,$$
1102,1,lOZxgiTD0KBCaECdL1eWHA,1YyR0JDTb0ZN78lcYuN9fA,3,Dave D.,dave,Female,Fallon's Bar & Grill,4.0,63132,125,$$
1104,2,lOZxgiTD0KBCaECdL1eWHA,4X53KTGpOLWIvNtFjKhYZw,4,Steven B.,steven,Female,Fallon's Bar & Grill,4.0,63132,125,$$
1106,1,lpDctDItk9GkfZD-cZ6oQA,qdySL8etx8PywOpk_MKa5w,5,Megan R.,megan,Female,Revel Kitchen,4.0,63144,130,$$
1107,1,mHISneh9n2mEj3X_82unzQ,MqztUhV5mVwl3JpcDJxUtw,3,Shay B.,shay,Male,5 Star Burgers,4.0,63141,94,$$
1108,0,mJJTx-x896dLV2gSMwQ35g,bWQbVc-Yq_DMUFe2teK0Tw,5,One V.,one,Female,Mack's Chicken,3.5,63136,18,$
1109,2,mJJTx-x896dLV2gSMwQ35g,sOhzkAiLTzOTAyM8QWKLfQ,2,Sidney J.,sidney,Male,Mack's Chicken,3.5,63136,18,$
1110,0,mMYOD9QWfYXo1LY2RPEN7A,REBTvsgI-IMulHFlAhuyCg,5,Charlie U.,charlie,Female,Lisa's Chop Suey,4.0,63136,14,$
1114,1,mMYOD9QWfYXo1LY2RPEN7A,7niyU-2uiPGxz2gorh1vcg,5,Erikka N.,erikka,Female,Lisa's Chop Suey,4.0,63136,14,$
1118,2,mVH_1mDS53jCWsvww4IX6w,JZgV-PL8zI_wchsmPWNEIw,4,Delbert H.,delbert,Male,Breakaway Cafe,4.0,63121,49,$
1121,1,nGElMRWr0BcQKFPa4ZBMYA,RjPhQGPYxMHOWMMgfPg3jw,4,Madhura J.,madhura,Female,Robust Wine Bar,4.0,63119,228,$$
1122,1,nRKndeZLQ3eDL10UMwS2rQ,Dr9lzqnz0R1mJ41cTaPccQ,4,Emma S.,emma,Female,Ted Drewes,4.5,63109,1227,$
1125,0,n_UrYjNafyzDCRcwiugnJA,O7ARxporXV2B9JNVjpkZ9Q,5,Andrea O.,andrea,Male,Blues Fired Pizza,4.5,63122,42,$
1126,1,ndrcxVKd-z_M-GiG5w8kYA,Yyb3CeD_uA0w5eZMXitnAA,1,Anthony A.,anthony,Male,C & K Barbecue,3.0,63121,24,$$
1128,2,ndrcxVKd-z_M-GiG5w8kYA,qD7Et5f0yX2hqAJWVGCwSw,5,John G.,john,Male,C & K Barbecue,3.0,63121,24,$$
1130,2,nfDNbJ3eWwudtQCyp2EpSw,6E6gyPdvj6iO4oF0k8el-g,5,Greg G.,greg,Female,Roberto's Trattoria & Chophouse,4.5,63128,130,$$
1132,0,nkzhe-nViX6e-lBdhDLbGg,MzkLBLlyuG1p3xw0u92ZFA,5,Anne M.,anne,Female,King Edwards Fried Chicken,4.0,63119,123,$
1133,1,nkzhe-nViX6e-lBdhDLbGg,2jJwRTmSiCozhbpeGVs8eA,4,Jeff K.,jeff,Male,King Edwards Fried Chicken,4.0,63119,123,$
1134,0,o4Lztqm8JbPbNx5j-h2sOA,2KJBxvNJdQ6IhsRwaOiBaQ,5,Jackie P.,jackie,Female,Soul Peppers Restaurant,3.0,63137,3,$
1135,2,oC91lprbbfzw7DOYiYln7Q,f3pRUlhjPJGNlQkIxAAuJQ,4,Tiffany L.,tiffany,Female,5 Star Burgers,4.0,63105,374,$$
1136,0,oRe0iraGEsVSNKxcp_hjbw,qKal6Y1nPcHj6NZh5HGPQQ,5,Karley A.,karley,Female,Blk Mkt Eats,4.5,63108,246,$$
1138,2,oRe0iraGEsVSNKxcp_hjbw,W4sols3uJG-YH3ciO_Fb3Q,5,Dave C.,dave,Male,Blk Mkt Eats,4.5,63108,246,$$
1140,0,oUgmm76-UCd5N0z4xwDOYw,pO-QoeRen2toNSLEOx4Wcw,5,Stephen W.,stephen,Female,Grbic Restaurant,4.5,63116,242,$$
1142,2,oUgmm76-UCd5N0z4xwDOYw,nKOU9rsc7l51nPtT7KN5-A,5,Melissa K.,melissa,Female,Grbic Restaurant,4.5,63116,242,$$
1144,2,oeGv2lfbSMfwZ0x7jvOQdQ,s_Pug3vmsDjkswETC2WhyQ,3,Chris W.,chris,Female,I Love Mr Sushi,4.0,63132,124,$$
1145,0,oiD4N-h7GotnsiXEa4Er5g,PWViY1uIwUk49tgY3TcDPA,5,Michael K.,michael,Female,Mellow Mushroom,3.5,63127,284,$$
1147,1,oiD4N-h7GotnsiXEa4Er5g,Yv0WhH1riOHw9Tok2HeUFg,5,KR H.,kr,Female,Mellow Mushroom,3.5,63127,284,$$
1149,0,p6JxfR9ebAlIlpm674F-dg,fb7aTEzQnSpcUwiZB9TXqA,5,Jill H.,jill,Male,Kayak's,4.0,63130,270,$
1150,0,pi-y4uXjkOWeuBSI8bv2Wg,FfzBBFcw5Geqqf-g-qZAew,5,Rik V.,rik,Male,Majeed Mediterranean Restaurant,4.5,63116,88,$$
1152,2,pi-y4uXjkOWeuBSI8bv2Wg,Gi0ddNtprtCvogRXJoUbdA,4,Zach H.,zach,Male,Majeed Mediterranean Restaurant,4.5,63116,88,$$
1154,2,q2KDB3Yiq0y4H-5dcQj7tQ,7-v2QZcNRHwBKrowI6AH0A,4,Todd M.,todd,Female,Smokehouse BBQ,4.5,63133,20,$
1155,0,q2gRx1K1mbk6zHV4ZOCChQ,rpUmBioDVlbxuWmtB3Ai6g,5,Nicholas S.,nicholas,Female,Eleven Eleven,4.0,63104,503,$$$
1157,1,q2gRx1K1mbk6zHV4ZOCChQ,zAWaP5nssaywv8_bCu1w_g,4,John M.,john,Female,Eleven Eleven,4.0,63104,503,$$$
1159,0,qEBL7U0kW4lkptcd_4wWbg,B17NU7aKn4ZS9paeSzaHDw,5,Regan S.,regan,Male,New Day Gluten Free,4.5,63117,95,$$
1161,2,qEBL7U0kW4lkptcd_4wWbg,ApX5vUxHP5gSLvmbPzYc4w,5,Renee H.,renee,Male,New Day Gluten Free,4.5,63117,95,$$
1163,0,qWzBt1r0P_FjiinIAGFtoA,hNeDI3iXWS9-cvtYTzUs1A,5,Missy H.,missy,Male,Chick-fil-A,4.0,63131,65,$
1164,1,qWzBt1r0P_FjiinIAGFtoA,HCZR9hd-flp4da4RFGy7Ew,5,Jim G.,jim,Male,Chick-fil-A,4.0,63131,65,$
1165,1,qck6waU6WlXBesRKmtsWfg,1IL8Ei93X-D9_7-Hd9Xojg,4,Anna M.,anna,Male,Kaldi's Coffee Roasting Company,4.5,63105,218,$$
1166,2,qck6waU6WlXBesRKmtsWfg,o2ZvrnUkbRlutDYZdbLplA,5,Maria A.,maria,Male,Kaldi's Coffee Roasting Company,4.5,63105,218,$$
1167,0,qhsJbgxVNDb0973r3Gjrow,fGEUesps2M6rALPq9Bk5rA,4,Warren W.,warren,Female,The Block,4.0,63119,267,$$
1168,1,qhsJbgxVNDb0973r3Gjrow,nThgEdcqleUob-VgsaadOw,5,Chuck W.,chuck,Male,The Block,4.0,63119,267,$$
1169,2,qhsJbgxVNDb0973r3Gjrow,beZYwDLyR57raCx_Zftd_Q,5,Josh L.,josh,Male,The Block,4.0,63119,267,$$
1170,0,qq8tipfziNTaKXYDKnQ8og,yulWMMtNW9WG_Ru6ys6F5Q,5,Michael L.,michael,Female,Caruso's Deli,4.5,63101,158,$
1171,0,rfbfSleg64ObTGGRMZgt3A,wiUSNKzov5aHAboSXkGzVQ,5,Heather D.,heather,Female,Pueblo Solis,3.5,63109,223,$$
1172,0,sHwNZLuLZvlVBX17b7RgTw,A_69gVMws3_foaeipz0PkQ,5,Derek B.,derek,Female,Cafe Nova,4.5,63109,174,$$
1174,0,sMTmX6yttmwIhNWxlNtNfA,TBzoKuSyghBsdAw9P9Spqg,5,Courtney H.,courtney,Male,Pie Oh My!,4.5,63143,107,$$
1176,1,sMTmX6yttmwIhNWxlNtNfA,Nf4isVfsI2CbXuBQCTCMWQ,4,Chie F.,chie,Male,Pie Oh My!,4.5,63143,107,$$
1178,2,sMTmX6yttmwIhNWxlNtNfA,s6cbVxWLNms5SlPlVIQPfw,5,Prima B.,prima,Female,Pie Oh My!,4.5,63143,107,$$
1180,0,sXaiyPC1fT6ESl-6t7eSXg,pBBvATZJcRz-3DF795qiLw,5,Cindy L.,cindy,Female,Blueberry Hill Restaurant & Bar,3.5,63130,562,$$
1181,2,sXaiyPC1fT6ESl-6t7eSXg,qK90RhYi4TwxmuXuabJzMg,5,Keshia S.,keshia,Male,Blueberry Hill Restaurant & Bar,3.5,63130,562,$$
1182,2,sece3MulAu81rJORM3qXQQ,uvBOTLQDVTsnvHoSF9WR2w,4,Zack G.,zack,Female,Berix Restaurant,4.0,63125,80,$
1184,2,sikefl5Nj00MNQ1OUyCEcg,NtPkMYp9YUrZ71zIjprSlQ,4,Steven P.,steven,Female,Carl's Drive In,4.0,63144,236,$
1187,2,t5Xc0u9yvOH0-DgmrCS60Q,HgSQVPp_JFauTLh9NLcslg,4,Rick H.,rick,Female,Pirrone's Pizzeria,3.5,63033,98,$$
1188,0,tWJ3DwufXIKdlLTEw7K96g,gRezWFoWTNj3NhCxXNT_ww,4,Maggie Z.,maggie,Male,India Rasoi,4.0,63108,286,$$
1189,1,tWJ3DwufXIKdlLTEw7K96g,RFyWFv6dtxLbVsfaBBWgQw,5,Alan D.,alan,Female,India Rasoi,4.0,63108,286,$$
1190,1,tc3g7TdhTgGqI8D8Rj_10w,KgKTc_lEYFwHT6ddFMt2yQ,5,Tian Y.,tian,Male,Sides Of Seoul,5.0,63132,73,$
1192,2,tc3g7TdhTgGqI8D8Rj_10w,2HqOP1O8cvf6q0UDGi2q9g,5,Thomson Bryan U.,thomson,Female,Sides Of Seoul,5.0,63132,73,$
1194,0,tjvuAPVe8buQCDvtOsy3CA,NEmHYrvqnBh4vQxz9EYsOw,5,Veronica M.,veronica,Male,Dave's Diner,4.0,63123,39,$
1195,2,tjvuAPVe8buQCDvtOsy3CA,4MFv5cTgL6wbI7FwnSDssw,4,KEITH D.,keith,Male,Dave's Diner,4.0,63123,39,$
1196,1,u4WC_qHGn03jwNdVmW5vaQ,62Cmi-NEwF0bxCL5qdyhNQ,3,Winston C.,winston,Male,Baileys' Chocolate Bar,4.0,63104,543,$$
1197,0,uEPuXaBX0n37vmrYAe9kwQ,7ISVn1c16XjMpg0Oio1v6g,5,Cole H.,cole,Male,Zito Deli,5.0,63125,43,$
1198,1,uEPuXaBX0n37vmrYAe9kwQ,qCYz4uZYtcqLxphmbWiXYQ,4,Christina C.,christina,Male,Zito Deli,5.0,63125,43,$
1199,1,uMjfvnKnxdgrjHym-JKRYQ,IazNikNV_7efw9JNZ8s8lA,5,Camille R.,camille,Male,Miami Grill,4.0,63136,22,$
1200,0,uRd7FZswDJ17-G-xQACLmw,oJzymchVxfAJQWSeyqLZZg,5,Cherie O.,cherie,Female,Biser Euro Market & Grill,4.5,63125,15,$
1201,1,uZLV2aXSgwtHXZkd2HE9pA,8hV0v3NJCTrhbAkx-4bzMg,4,Kay X.,kay,Female,Lee's Famous Recipe Chicken,4.0,63121,6,$$$$
1202,1,ueJFblv3esW2xjqO7IepGg,1f6BRC6MAlmdxjiGURnb4Q,1,Shawna B.,shawna,Male,Bissell Mansion Restaurant and Murder Mystery Dinner Theatre,3.5,63107,18,$$$
1203,2,ueJFblv3esW2xjqO7IepGg,rog3hMwe6RJubBgpvA0XEQ,5,Debbie M.,debbie,Female,Bissell Mansion Restaurant and Murder Mystery Dinner Theatre,3.5,63107,18,$$$
1204,0,ujGvu5TdENPnAsarAw2x6w,L6FcEoRMoKibgZ20bkq-Yg,4,Caitlin K.,caitlin,Male,The Concord Grill,3.5,63123,139,$$
1205,1,ujGvu5TdENPnAsarAw2x6w,eKfAgMsaYbvWtkpt-oxFFA,4,Jennifer M.,jennifer,Male,The Concord Grill,3.5,63123,139,$$
1206,2,ujGvu5TdENPnAsarAw2x6w,5Sw9l4po49LiVkGI8UVVdQ,5,Christina C.,christina,Female,The Concord Grill,3.5,63123,139,$$
1207,1,ul03kWvQ22EadE7eq2hO_g,S96h21RmUEp4G0OAIlpD7A,5,Julie T.,julie,Female,Panda Chinese Restaurant,4.5,63128,36,$
1208,2,ul03kWvQ22EadE7eq2hO_g,bDO1ds7Q3QQHWEoI__7fow,5,Mary F.,mary,Male,Panda Chinese Restaurant,4.5,63128,36,$
1209,2,uqXYVxIwoEsFFjEHBlMZQA,mn1b3Tn6EyR0Kv-AWse0Aw,4,Charli G.,charli,Female,Cyrano's,4.0,63119,269,$$
1210,0,vD2jzpPv4iyOLKzITscGvA,fH1vCmN9KNH5_RIst_bcWA,5,Janelle G.,janelle,Female,Farmhaus Restaurant,4.0,63139,314,$$$
1213,1,vD2jzpPv4iyOLKzITscGvA,zDG8kO6GcCpq5B0C0KtdUQ,4,Matthew P.,matthew,Female,Farmhaus Restaurant,4.0,63139,314,$$$
1216,2,vD2jzpPv4iyOLKzITscGvA,mQS4u_B7-ZYQAPpRRKEwbQ,5,Joe M.,joe,Male,Farmhaus Restaurant,4.0,63139,314,$$$
1219,1,vRj1rgF4ZpwGt97MbcRzqg,icMTVgP7WHnRdmaUmPznMA,5,Elizabeth G.,elizabeth,Male,Serendipity Homemade Ice Cream,4.0,63119,169,$
1220,0,vWjME92WddneF98IqzaNfQ,ZR7srA053dgz7W7sSjHd2g,5,Winston C.,winston,Male,Sugarfire Smoke House,4.5,63132,1462,$$
1223,1,vdR9dCBu7snPWHnWVV8XxA,gW6yncphawOqpDYg8cx8Ow,1,Eric M.,eric,Female,Tokyo Sushi,4.0,63127,108,$$
1225,2,vdR9dCBu7snPWHnWVV8XxA,k0cOhxg0kYA1H2tQAE_-AA,2,Sean E.,sean,Female,Tokyo Sushi,4.0,63127,108,$$
1227,1,vgTA3vYLwZM2OnzJHjNdug,iJde9K476wySCPKJc_nAJA,5,Mark W.,mark,Female,Lemmons,4.5,63116,97,$$
1229,2,vgTA3vYLwZM2OnzJHjNdug,AAFwzhsMg2AnwJ-Gov10BQ,4,Eric N.,eric,Male,Lemmons,4.5,63116,97,$$
1231,0,wCxiDaOI0LVWdqUEWoPv_A,_gRen_pR-i-8JSvu3HikPQ,4,Eddie D.,eddie,Male,Twin Oak Wood Fired Pizza & BBQ,4.0,63144,313,$$
1234,1,wCxiDaOI0LVWdqUEWoPv_A,btyqO-qfF90MVzub75ebtg,1,Allison M.,allison,Female,Twin Oak Wood Fired Pizza & BBQ,4.0,63144,313,$$
1237,1,wMMGNjWlsxjCkB6P5_X9Qg,dhl4SE98eLiBB0Vn7J4MWw,1,Erika K.,erika,Male,First Watch,4.0,63141,186,$$
1239,2,wMMGNjWlsxjCkB6P5_X9Qg,B2QUcW4oFkbZtJUZMpk23Q,4,Chris G.,chris,Male,First Watch,4.0,63141,186,$$
1241,0,wMWRpzjKgwIef2yJ41RCGw,FYFLHp_7R3B7z8Dv9EaWXQ,5,Christina C.,christina,Male,La Bonne Bouchee,4.0,63141,339,$$
1243,1,wMWRpzjKgwIef2yJ41RCGw,WRqzu3smdhHfi1tIKsphvQ,3,Mandie B.,mandie,Male,La Bonne Bouchee,4.0,63141,339,$$
1245,2,wMWRpzjKgwIef2yJ41RCGw,8_7b0L_-fkaBZ2uYS7x7MA,1,Patrick N.,patrick,Male,La Bonne Bouchee,4.0,63141,339,$$
1247,1,wQ9qT09OlsoMXEtGHqX0vA,CaZiK8YJGFgxXduOwRYLMg,4,Kristen S.,kristen,Female,Billy G's Kirkwood,4.0,63122,404,$$
1250,1,wdHEsSUZGjgfaFKMABXPUA,EeERFgmFgwpyImtvV1uwUg,5,Mo To C.,mo,Female,Velvet Freeze Ice Cream,4.0,63136,11,$
1252,1,we1YC8nDW9V1H-BL_XMaRQ,8uM58Yl8QX1en9sfUzdDVg,5,Scott B.,scott,Female,The Gyro Company - South County,4.5,63129,89,$
1253,1,wpmuB2jeDkczlmT0SNIFPA,dGEsAjXLy3ABFzZVYAWI5g,5,Claire M.,claire,Female,Sushi Station,4.0,63119,220,$$
1254,2,wpmuB2jeDkczlmT0SNIFPA,z3c6Mtaysy34ZbvABE9FFg,5,Anne G.,anne,Female,Sushi Station,4.0,63119,220,$$
1255,0,xlzYL_Dwm7RdQzhC0FQgkw,LLSh_HI8C2LLj7pCM9nz-A,5,Jason R.,jason,Female,Oakville  Sports Pub,4.5,63129,32,$
1256,1,xmO9u_t1LspxV5iuF594Tg,pruupnU2T2KFiICNoP5bjA,4,Sally E.,sally,Female,Wudon Korean BBQ,4.0,63141,205,$$
1257,0,xmyyCbcUhXaiYqzejO0Sgg,RIsXajKShD3mvUtpEgU2Ww,5,Kathy M.,kathy,Male,Olivette Diner,4.0,63132,139,$
1259,2,xmyyCbcUhXaiYqzejO0Sgg,yzNDwgEldIEyNKzpLP1U4A,5,Mike B.,mike,Female,Olivette Diner,4.0,63132,139,$
1261,0,y-XX_c8EVK4m3oQda42Y3A,0nxXnSVRcKx05Kf4QcXmzA,5,Lauren O.,lauren,Female,McArthur's Bakery Cafe,3.5,63125,66,$$
1262,0,y38HeTHdVNPUzd6duJBsJA,Qy_ba0aMg-V950ghcXbc7A,5,Amy S.,amy,Female,Big Jay's Fish Chicken & Shrimp,4.5,63114,42,$
1263,0,ytKmelXAM4uqR2dtQX8n8A,BBZ3Z8uz-4uepBdPYODusw,4,Peggy O.,peggy,Female,Marley's Bar & Grill,4.0,63135,31,$
1266,1,ytKmelXAM4uqR2dtQX8n8A,OZ_oquL5AnuetB3rKWXCPA,3,Haley E.,haley,Female,Marley's Bar & Grill,4.0,63135,31,$
1269,0,yvwIsOBQyTDsOhfS1sIVvQ,3HSGeLMbVM-FXf0wd4KNnQ,5,Rylee T.,rylee,Female,Café Osage,4.0,63108,375,$$
1272,1,yvwIsOBQyTDsOhfS1sIVvQ,NW8j0jmsTRbdzDMZK09zVA,5,david L.,david,Male,Café Osage,4.0,63108,375,$$
1275,2,yvwIsOBQyTDsOhfS1sIVvQ,VU1zsvmQl6NWGXEmgyT1nQ,5,Margarita F.,margarita,Female,Café Osage,4.0,63108,375,$$
1278,2,yxQGDJl2t0qrnVV4MO4f0w,4REmoj3UN2LWNG6YJQVuag,4,James L.,james,Female,El Agave,4.0,63126,93,$$
1280,0,z7em5co2qckbAXoDGXynsA,PkxNRxcloz6yHew2h6nuYg,5,Fran M.,fran,Male,The Blue Duck,4.0,63143,185,$$
1281,1,z7em5co2qckbAXoDGXynsA,SrjXivTjqaUQh8mZveDkyA,4,Nicholas S.,nicholas,Male,The Blue Duck,4.0,63143,185,$$
1282,1,zlsiRDDtKYwxrnF9NomQnw,ngh-uBZs8pf4LC6tono2dg,3,Christopher W.,christopher,Female,China King,2.0,63138,5,$
1283,0,zsXYVV6p6g58xYPAd1FDBg,-PC3R-xPUHGdlg1di4zbYg,3,Tim W.,tim,Female,White Castle,3.0,63137,7,$
1285,2,zsXYVV6p6g58xYPAd1FDBg,JJafGZfOvxPaXP7p8GERKA,3,Lloyd C.,lloyd,Male,White Castle,3.0,63137,7,$
1287,0,zun6IVJa7wYe3wAPqWnPGw,venOO_8nACNdpmQv6Z2FfA,5,Hannah B.,hannah,Female,PokeDoke,4.5,63108,153,$$
